brand,product_name,product_id,country_iso,country_name,currency,global,denomination_type,min_recipient,max_recipient,discount_pct,category
NetFlix,Netflix Spain,15363,ES,Spain,EUR,False,RANGE,25.0,88.61,0.0,Entertainment
NetFlix,Netflix Poland,16628,PL,Poland,PLN,False,FIXED,,,0.0,Entertainment
Google play,Google Play BR,18787,BR,Brazil,BRL,False,RANGE,10.0,300.0,0.0,Entertainment
NetFlix,Netflix US,18681,US,United States,USD,False,FIXED,,,0.0,Entertainment
App Store & iTunes,App Store & iTunes Germany,14,DE,Germany,EUR,False,RANGE,2.0,88.61,0.0,Entertainment
App Store & iTunes,App Store & iTunes UK,12,GB,United Kingdom,GBP,False,RANGE,2.0,76.64,0.0,Entertainment
NetFlix,Netflix Greece,16604,GR,Greece,EUR,False,RANGE,25.0,88.61,0.0,Entertainment
Amazon,Amazon AT,18269,AT,Austria,EUR,False,RANGE,1.0,88.61,0.0,Shopping
Amazon,Amazon France,3,FR,France,EUR,False,RANGE,1.0,88.61,0.0,Shopping
Amazon,Amazon Spain,4,ES,Spain,EUR,False,RANGE,1.0,88.61,0.0,Shopping
App Store & iTunes,App Store & iTunes France,15,FR,France,EUR,False,FIXED,,,0.0,Entertainment
NetFlix,NetFlix UAE,7860,AE,United Arab Emirates,AED,False,FIXED,,,0.0,Entertainment
Amazon,Amazon DE,7,DE,Germany,EUR,False,RANGE,1.0,88.61,0.0,Shopping
Amazon,Amazon Italy,8,IT,Italy,EUR,False,RANGE,1.0,88.61,0.0,Shopping
Amazon,Amazon UK,2,GB,United Kingdom,GBP,False,RANGE,1.0,76.64,0.0,Shopping
Amazon,Amazon NL,18271,NL,Netherlands,EUR,False,RANGE,1.0,88.61,0.0,Shopping
NetFlix,Netflix BR,18800,BR,Brazil,BRL,False,RANGE,50.0,491.42,0.0,Entertainment
NetFlix,Netflix Germany,16603,DE,Germany,EUR,False,RANGE,25.0,88.61,0.0,Entertainment
Google play,Google Play Canada,18944,CA,Canada,CAD,False,RANGE,10.0,142.87,0.0,Entertainment
Amazon,Amazon UAE,9,AE,United Arab Emirates,AED,False,FIXED,,,1.2,Shopping
Target,Target US,12740,US,United States,USD,False,FIXED,,,0.0,Shopping
Amazon,Amazon AU,18304,AU,Australia,AUD,False,RANGE,1.0,144.8,0.0,Shopping
NetFlix,Netflix (European Union),19195,FR,France,EUR,False,FIXED,,,0.0,Entertainment
NetFlix,Netflix Austria,16619,AT,Austria,EUR,False,RANGE,25.0,88.61,0.0,Entertainment
NetFlix,Netflix Belgium,16620,BE,Belgium,EUR,False,RANGE,25.0,88.61,0.0,Entertainment
NetFlix,Netflix Cyprus,16621,CY,Cyprus,EUR,False,RANGE,25.0,88.61,0.0,Entertainment
NetFlix,Netflix Finland,16622,FI,Finland,EUR,False,RANGE,25.0,88.61,0.0,Entertainment
NetFlix,Netflix France,16623,FR,France,EUR,False,RANGE,25.0,88.61,0.0,Entertainment
NetFlix,Netflix Ireland,16624,IE,Ireland,EUR,False,RANGE,25.0,88.61,0.0,Entertainment
NetFlix,Netflix Italy,16625,IT,Italy,EUR,False,RANGE,25.0,88.61,0.0,Entertainment
NetFlix,Netflix Netherlands,16626,NL,Netherlands,EUR,False,RANGE,25.0,88.61,0.0,Entertainment
NetFlix,Netflix Portugal,16627,PT,Portugal,EUR,False,RANGE,25.0,88.61,0.0,Entertainment
Google play,Google play DE,3941,DE,Germany,EUR,False,RANGE,1.0,88.61,0.0,Entertainment
Airbnb,Airbnb US,18270,US,United States,USD,False,RANGE,25.0,100.0,0.0,Travel
Amazon,Amazon - KSA,16365,SA,Saudi Arabia,SAR,False,RANGE,1.0,385.76,0.5,Shopping
Starbucks,Starbucks US,18287,US,United States,USD,False,RANGE,5.0,100.0,0.0,Shopping
Google play,Google Play KSA,3943,SA,Saudi Arabia,SAR,False,FIXED,,,0.0,Entertainment
Google play,Google play UAE,3944,AE,United Arab Emirates,AED,False,FIXED,,,0.0,Entertainment
App Store & iTunes,App Store & iTunes KSA,23,SA,Saudi Arabia,SAR,False,RANGE,50.0,385.76,0.0,Entertainment
App Store & iTunes,App Store & iTunes UAE,24,AE,United Arab Emirates,AED,False,RANGE,50.0,367.31,0.0,Entertainment
Amazon,Amazon US,5,US,United States,USD,False,RANGE,1.0,100.0,0.0,Shopping
NetFlix,Netflix UK,15364,GB,United Kingdom,GBP,False,FIXED,,,1.0,Entertainment
App Store & iTunes,App Store & iTunes Austria,10,AT,Austria,EUR,False,FIXED,,,0.0,Entertainment
App Store & iTunes,App Store & iTunes Finland,16,FI,Finland,EUR,False,FIXED,,,0.0,Entertainment
App Store & iTunes,App Store & iTunes Portugal,18,PT,Portugal,EUR,False,FIXED,,,0.0,Entertainment
App Store & iTunes,App Store & iTunes Ireland,20,IE,Ireland,EUR,False,FIXED,,,0.0,Entertainment
App Store & iTunes,App Store & iTunes Netherlands,22,NL,Netherlands,EUR,False,FIXED,,,0.0,Entertainment
App Store & iTunes,App Store & iTunes US,21,US,United States,USD,False,RANGE,2.0,100.0,2.0,Entertainment
Nike,Nike Ireland,15370,IE,Ireland,EUR,False,RANGE,5.0,88.61,0.0,Shopping
OTTO,OTTO Germany,15406,DE,Germany,EUR,False,FIXED,,,0.0,Shopping
Steam,Steam FR,15802,FR,France,EUR,False,FIXED,,,0.0,Gaming
Steam,Steam OM,15749,OM,Oman,USD,False,FIXED,,,0.0,Gaming
Steam,Steam TH,15778,TH,Thailand,THB,False,FIXED,,,0.0,Gaming
Steam,Steam PH,15756,PH,Philippines,PHP,False,FIXED,,,0.0,Gaming
Steam,Steam MY,15732,MY,Malaysia,MYR,False,FIXED,,,0.0,Gaming
Steam,Steam VN,15791,VN,Vietnam,VND,False,FIXED,,,0.0,Gaming
Steam,Steam IN,15714,IN,India,INR,False,FIXED,,,0.0,Gaming
Steam,Steam ID,15715,ID,Indonesia,IDR,False,FIXED,,,0.0,Gaming
Fortnite,Fortnite (Standard Edition) 1000-V-Bucks VG,17559,VG,British Virgin Islands,USD,False,FIXED,,,0.0,Gaming
Steam,Steam BR,15674,BR,Brazil,BRL,False,FIXED,,,0.0,Gaming
Ticketmaster,Ticketmaster NL,15824,NL,Netherlands,EUR,False,RANGE,10.0,88.61,0.0,Shopping
Ticketmaster,Ticketmaster ES,15825,ES,Spain,EUR,False,RANGE,10.0,88.61,0.0,Shopping
Prenatal,Prenatal Italy,15599,IT,Italy,EUR,False,FIXED,,,0.0,Shopping
Steam,Steam Poland,15810,PL,Poland,PLN,False,FIXED,,,0.0,Gaming
myCARE,myCARE Versandapotheke  DE,16091,DE,Germany,EUR,False,FIXED,,,0.0,Travel
PlayStation,PlayStation BE,15591,BE,Belgium,EUR,False,FIXED,,,0.0,Gaming
TV NOW,TV NOW Germany,15816,DE,Germany,EUR,False,FIXED,,,0.0,Entertainment
Zooplus,Zooplus DE,16087,DE,Germany,EUR,False,FIXED,,,0.5,Shopping
Steam,Steam KW,15724,KW,Kuwait,USD,False,FIXED,,,0.6,Gaming
Steam,Steam BH,15664,BH,Bahrain,USD,False,FIXED,,,0.0,Gaming
Steam,Steam QA,15760,QA,Qatar,USD,False,FIXED,,,0.0,Gaming
Sephora,Sephora Italy,15631,IT,Italy,EUR,False,FIXED,,,0.5,Shopping
Ticketmaster,Ticketmaster AT,15822,AT,Austria,EUR,False,RANGE,10.0,88.61,0.5,Shopping
Rituals,Rituals Spain,15609,ES,Spain,EUR,False,FIXED,,,0.5,Shopping
Xbox,Xbox UK,15857,GB,United Kingdom,GBP,False,FIXED,,,1.5,Gaming
Orchestra,Orchestra Gift Card IT,15409,IT,Italy,EUR,False,FIXED,,,1.0,Shopping
Rituals,Rituals PT,15608,PT,Portugal,EUR,False,FIXED,,,1.0,Shopping
talabat,Talabat AE,16097,AE,United Arab Emirates,AED,False,FIXED,,,0.5,Shopping
Mobile Legends,Mobile Legends Diamonds MR,15292,MR,Mauritania,USD,False,FIXED,,,1.0,Gaming
Mobile Legends,Mobile Legends Diamonds MX,15293,MX,Mexico,USD,False,FIXED,,,1.0,Gaming
Mobile Legends,Mobile Legends Diamonds MD,15294,MD,Moldova,USD,False,FIXED,,,1.0,Gaming
Mobile Legends,Mobile Legends Diamonds MS,15295,MS,Montserrat,USD,False,FIXED,,,1.0,Gaming
Mobile Legends,Mobile Legends Diamonds MA,15296,MA,Morocco,USD,False,FIXED,,,1.0,Gaming
Mobile Legends,Mobile Legends Diamonds MZ,15297,MZ,Mozambique,USD,False,FIXED,,,1.0,Gaming
Mobile Legends,Mobile Legends Diamonds MM,15298,MM,Myanmar,USD,False,FIXED,,,1.0,Gaming
Mobile Legends,Mobile Legends Diamonds NA,15299,NA,Namibia,USD,False,FIXED,,,1.0,Gaming
Mobile Legends,Mobile Legends Diamonds NR,15300,NR,Nauru,USD,False,FIXED,,,1.0,Gaming
Mobile Legends,Mobile Legends Diamonds NP,15301,NP,Nepal,USD,False,FIXED,,,1.0,Gaming
Mobile Legends,Mobile Legends Diamonds NL,15302,NL,Netherlands,USD,False,FIXED,,,1.0,Gaming
Mobile Legends,Mobile Legends Diamonds NI,15303,NI,Nicaragua,USD,False,FIXED,,,1.0,Gaming
Mobile Legends,Mobile Legends Diamonds NE,15304,NE,Niger,USD,False,FIXED,,,1.0,Gaming
Mobile Legends,Mobile Legends Diamonds NG,15305,NG,Nigeria,USD,False,FIXED,,,1.0,Gaming
Mobile Legends,Mobile Legends Diamonds OM,15306,OM,Oman,USD,False,FIXED,,,1.0,Gaming
Mobile Legends,Mobile Legends Diamonds PK,15307,PK,Pakistan,USD,False,FIXED,,,1.0,Gaming
Mobile Legends,Mobile Legends Diamonds PS,15308,PS,Palestine,USD,False,FIXED,,,1.0,Gaming
Mobile Legends,Mobile Legends Diamonds PA,15309,PA,Panama,USD,False,FIXED,,,1.0,Gaming
Mobile Legends,Mobile Legends Diamonds PG,15310,PG,Papua New Guinea,USD,False,FIXED,,,1.0,Gaming
Mobile Legends,Mobile Legends Diamonds PY,15311,PY,Paraguay,USD,False,FIXED,,,1.0,Gaming
Mobile Legends,Mobile Legends Diamonds PE,15312,PE,Peru,USD,False,FIXED,,,1.0,Gaming
Mobile Legends,Mobile Legends Diamonds PH,15313,PH,Philippines,USD,False,FIXED,,,1.0,Gaming
Mobile Legends,Mobile Legends Diamonds PL,15314,PL,Poland,USD,False,FIXED,,,1.0,Gaming
Mobile Legends,Mobile Legends Diamonds PT,15315,PT,Portugal,USD,False,FIXED,,,1.0,Gaming
Mobile Legends,Mobile Legends Diamonds PR,15316,PR,Puerto Rico,USD,False,FIXED,,,1.0,Gaming
Mobile Legends,Mobile Legends Diamonds QA,15317,QA,Qatar,USD,False,FIXED,,,1.0,Gaming
Mobile Legends,Mobile Legends Diamonds RO,15318,RO,Romania,USD,False,FIXED,,,1.0,Gaming
Mobile Legends,Mobile Legends Diamonds RU,15319,RU,Russia,USD,False,FIXED,,,1.0,Gaming
Mobile Legends,Mobile Legends Diamonds RW,15320,RW,Rwanda,USD,False,FIXED,,,1.0,Gaming
Mobile Legends,Mobile Legends Diamonds KN,15321,KN,Saint Kitts And Nevis,USD,False,FIXED,,,1.0,Gaming
Mobile Legends,Mobile Legends Diamonds LC,15322,LC,Saint Lucia,USD,False,FIXED,,,1.0,Gaming
Mobile Legends,Mobile Legends Diamonds WS,15323,WS,Samoa,USD,False,FIXED,,,1.0,Gaming
Mobile Legends,Mobile Legends Diamonds SA,15324,SA,Saudi Arabia,USD,False,FIXED,,,1.0,Gaming
Mobile Legends,Mobile Legends Diamonds SN,15325,SN,Senegal,USD,False,FIXED,,,1.0,Gaming
Mobile Legends,Mobile Legends Diamonds SL,15326,SL,Sierra Leone,USD,False,FIXED,,,1.0,Gaming
Mobile Legends,Mobile Legends Diamonds SG,15327,SG,Singapore,USD,False,FIXED,,,1.0,Gaming
Mobile Legends,Mobile Legends Diamonds SO,15328,SO,Somalia,USD,False,FIXED,,,1.0,Gaming
Mobile Legends,Mobile Legends Diamonds ZA,15329,ZA,South Africa,USD,False,FIXED,,,1.0,Gaming
Mobile Legends,Mobile Legends Diamonds ES,15330,ES,Spain,USD,False,FIXED,,,1.0,Gaming
Mobile Legends,Mobile Legends Diamonds LK,15331,LK,Sri Lanka,USD,False,FIXED,,,1.0,Gaming
Mobile Legends,Mobile Legends Diamonds SR,15332,SR,Suriname,USD,False,FIXED,,,1.0,Gaming
Mobile Legends,Mobile Legends Diamonds SZ,15333,SZ,Eswatini,USD,False,FIXED,,,1.0,Gaming
Mobile Legends,Mobile Legends Diamonds TJ,15334,TJ,Tajikistan,USD,False,FIXED,,,1.0,Gaming
Mobile Legends,Mobile Legends Diamonds TZ,15335,TZ,Tanzania,USD,False,FIXED,,,1.0,Gaming
Mobile Legends,Mobile Legends Diamonds TH,15336,TH,Thailand,USD,False,FIXED,,,1.0,Gaming
Mobile Legends,Mobile Legends Diamonds UG,15343,UG,Uganda,USD,False,FIXED,,,1.0,Gaming
Mobile Legends,Mobile Legends Diamonds GB,15346,GB,United Kingdom,USD,False,FIXED,,,1.0,Gaming
Sephora,Sephora Portugal,15634,PT,Portugal,EUR,False,FIXED,,,1.0,Shopping
Waipu TV,Waipu TV Germany,15835,DE,Germany,EUR,False,FIXED,,,1.0,Shopping
Steam,Steam SG,15769,SG,Singapore,SGD,False,FIXED,,,0.0,Gaming
Salute Semplice,Salute Semplice Italy,15628,IT,Italy,EUR,False,FIXED,,,1.2,Shopping
Nike,Nike Belgium,15368,BE,Belgium,EUR,False,RANGE,5.0,88.61,0.0,Shopping
Racingbreaks,Racingbreaks.com UK,15606,GB,United Kingdom,GBP,False,FIXED,,,1.2,Shopping
Zalando,Zalando Germany,16078,DE,Germany,EUR,False,FIXED,,,1.5,Shopping
Volagratis,Volagratis Italy,15833,IT,Italy,EUR,False,FIXED,,,1.5,Shopping
Swarovski,Swarovski UK,15814,GB,United Kingdom,GBP,False,FIXED,,,1.5,Shopping
null,Wonderbox Italy,15840,IT,Italy,EUR,False,FIXED,,,1.5,Gaming
Swarovski,Swarovski Finland,15813,FI,Finland,EUR,False,FIXED,,,1.5,Shopping
Steam,Steam AT,15798,AT,Austria,EUR,False,FIXED,,,1.5,Gaming
Steam,Steam BE,15799,BE,Belgium,EUR,False,FIXED,,,1.5,Gaming
Steam,Steam CY,15800,CY,Cyprus,EUR,False,FIXED,,,1.5,Gaming
Steam,Steam FI,15801,FI,Finland,EUR,False,FIXED,,,1.5,Gaming
Steam,Steam DE,15803,DE,Germany,EUR,False,FIXED,,,1.5,Gaming
Steam,Steam GR,15804,GR,Greece,EUR,False,FIXED,,,1.5,Gaming
Steam,Steam IE,15805,IE,Ireland,EUR,False,FIXED,,,1.5,Gaming
Steam,Steam IT,15806,IT,Italy,EUR,False,FIXED,,,1.5,Gaming
Steam,Steam NL,15807,NL,Netherlands,EUR,False,FIXED,,,1.5,Gaming
Steam,Steam PT,15808,PT,Portugal,EUR,False,FIXED,,,1.5,Gaming
Steam,Steam ES,15809,ES,Spain,EUR,False,FIXED,,,1.5,Gaming
Swarovski,Swarovski IE,15815,IE,Ireland,EUR,False,FIXED,,,1.5,Shopping
PlayStation,PlayStation Store Canada,16290,CA,Canada,CAD,False,FIXED,,,5.0,Gaming
HUAWEI,HUAWEI AE,16092,AE,United Arab Emirates,AED,False,FIXED,,,0.5,Shopping
HUAWEI,HUAWEI SA,16093,SA,Saudi Arabia,SAR,False,FIXED,,,1.5,Shopping
Xbox,Xbox,16062,AT,Austria,EUR,False,FIXED,,,2.0,Gaming
Xbox,Xbox,16063,BE,Belgium,EUR,False,FIXED,,,2.0,Gaming
Xbox,Xbox,16064,CY,Cyprus,EUR,False,FIXED,,,2.0,Gaming
Xbox,Xbox,16065,FI,Finland,EUR,False,FIXED,,,2.0,Gaming
Xbox,Xbox,16066,FR,France,EUR,False,FIXED,,,2.0,Gaming
Xbox,Xbox,16067,DE,Germany,EUR,False,FIXED,,,2.0,Gaming
Xbox,Xbox,16068,GR,Greece,EUR,False,FIXED,,,2.0,Gaming
Xbox,Xbox,16069,IE,Ireland,EUR,False,FIXED,,,2.0,Gaming
Xbox,Xbox,16070,IT,Italy,EUR,False,FIXED,,,2.0,Gaming
Xbox,Xbox,16071,NL,Netherlands,EUR,False,FIXED,,,2.0,Gaming
Xbox,Xbox,16072,PT,Portugal,EUR,False,FIXED,,,2.0,Gaming
Xbox,Xbox,16073,ES,Spain,EUR,False,FIXED,,,2.0,Gaming
Zalando,Zalando Netherlands,16083,NL,Netherlands,EUR,False,RANGE,5.0,88.61,1.0,Shopping
Xbox,Xbox Live,16048,AE,United Arab Emirates,AED,False,FIXED,,,0.5,Gaming
Smartbox,Smartbox Spain,15637,ES,Spain,EUR,False,FIXED,,,2.5,Shopping
The Hotel,The Hotel Card UK,15819,GB,United Kingdom,GBP,False,RANGE,25.0,76.64,3.0,Travel
PlayStation,PlayStation PL,15589,PL,Poland,PLN,False,FIXED,,,3.0,Gaming
PUBG,PUBG Mobile UC AF,15413,AF,Afghanistan,USD,False,FIXED,,,3.5,Gaming
Smartbox,Smartbox Italy,15638,IT,Italy,EUR,False,FIXED,,,3.75,Shopping
PlayStation,PlayStation FI,15593,FI,Finland,EUR,False,FIXED,,,4.0,Gaming
Jawaker,Jawaker AF,16446,AF,Afghanistan,USD,False,FIXED,,,0.0,Shopping
Jawaker,Jawaker AL,16447,AL,Albania,USD,False,FIXED,,,0.0,Shopping
Jawaker,Jawaker DZ,16448,DZ,Algeria,USD,False,FIXED,,,0.0,Shopping
Jawaker,Jawaker AS,16449,AS,American Samoa,USD,False,FIXED,,,0.0,Shopping
Jawaker,Jawaker AO,16450,AO,Angola,USD,False,FIXED,,,0.0,Shopping
Jawaker,Jawaker AI,16451,AI,Anguilla,USD,False,FIXED,,,0.0,Shopping
Nintendo,Nintendo Switch Online UK,15388,GB,United Kingdom,GBP,False,FIXED,,,1.2,Gaming
Nintendo,Nintendo eShop Card UK,15403,GB,United Kingdom,GBP,False,FIXED,,,1.5,Gaming
PlayStation,PlayStation Store PT,15585,PT,Portugal,EUR,False,FIXED,,,4.0,Gaming
Xbox,Xbox US,16061,US,United States,USD,False,FIXED,,,1.5,Gaming
PlayStation,PlayStation AT,15590,AT,Austria,EUR,False,FIXED,,,6.0,Gaming
PUBG,PUBG Mobile UC (Global) US,15552,US,United States,USD,False,FIXED,,,3.5,Gaming
PlayStation,PlayStation Store DE,15584,DE,Germany,EUR,False,FIXED,,,7.0,Gaming
World of Warcraft,World of Warcraft 60 days,15841,AT,Austria,EUR,False,FIXED,,,7.5,Gaming
World of Warcraft,World of Warcraft 60 days,15842,BE,Belgium,EUR,False,FIXED,,,7.5,Gaming
World of Warcraft,World of Warcraft 60 days,15843,CY,Cyprus,EUR,False,FIXED,,,7.5,Gaming
World of Warcraft,World of Warcraft 60 days,15844,FI,Finland,EUR,False,FIXED,,,7.5,Gaming
World of Warcraft,World of Warcraft 60 days,15845,FR,France,EUR,False,FIXED,,,7.5,Gaming
World of Warcraft,World of Warcraft 60 days,15846,DE,Germany,EUR,False,FIXED,,,7.5,Gaming
World of Warcraft,World of Warcraft 60 days,15847,GR,Greece,EUR,False,FIXED,,,7.5,Gaming
World of Warcraft,World of Warcraft 60 days,15848,IE,Ireland,EUR,False,FIXED,,,7.5,Gaming
World of Warcraft,World of Warcraft 60 days,15849,IT,Italy,EUR,False,FIXED,,,7.5,Gaming
World of Warcraft,World of Warcraft 60 days,15850,NL,Netherlands,EUR,False,FIXED,,,7.5,Gaming
World of Warcraft,World of Warcraft 60 days,15851,PL,Poland,EUR,False,FIXED,,,7.5,Gaming
World of Warcraft,World of Warcraft 60 days,15852,PT,Portugal,EUR,False,FIXED,,,7.5,Gaming
World of Warcraft,World of Warcraft 60 days,15853,RO,Romania,EUR,False,FIXED,,,7.5,Gaming
World of Warcraft,World of Warcraft 60 days,15854,ES,Spain,EUR,False,FIXED,,,7.5,Gaming
PlayStation,PlayStation Store IT,15586,IT,Italy,EUR,False,FIXED,,,3.0,Gaming
PlayStation,PlayStation Spain,15592,ES,Spain,EUR,False,FIXED,,,8.0,Gaming
Nike,Nike Ireland,15370,IE,Ireland,EUR,False,RANGE,5.0,88.61,0.0,Shopping
OTTO,OTTO Germany,15406,DE,Germany,EUR,False,FIXED,,,0.0,Shopping
Steam,Steam FR,15802,FR,France,EUR,False,FIXED,,,0.0,Gaming
Steam,Steam OM,15749,OM,Oman,USD,False,FIXED,,,0.0,Gaming
Steam,Steam TH,15778,TH,Thailand,THB,False,FIXED,,,0.0,Gaming
Steam,Steam PH,15756,PH,Philippines,PHP,False,FIXED,,,0.0,Gaming
Steam,Steam MY,15732,MY,Malaysia,MYR,False,FIXED,,,0.0,Gaming
Steam,Steam VN,15791,VN,Vietnam,VND,False,FIXED,,,0.0,Gaming
Steam,Steam IN,15714,IN,India,INR,False,FIXED,,,0.0,Gaming
Steam,Steam ID,15715,ID,Indonesia,IDR,False,FIXED,,,0.0,Gaming
Steam,Steam BR,15674,BR,Brazil,BRL,False,FIXED,,,0.0,Gaming
Ticketmaster,Ticketmaster NL,15824,NL,Netherlands,EUR,False,RANGE,10.0,88.61,0.0,Shopping
Ticketmaster,Ticketmaster ES,15825,ES,Spain,EUR,False,RANGE,10.0,88.61,0.0,Shopping
Prenatal,Prenatal Italy,15599,IT,Italy,EUR,False,FIXED,,,0.0,Shopping
Steam,Steam Poland,15810,PL,Poland,PLN,False,FIXED,,,0.0,Gaming
myCARE,myCARE Versandapotheke  DE,16091,DE,Germany,EUR,False,FIXED,,,0.0,Travel
PlayStation,PlayStation BE,15591,BE,Belgium,EUR,False,FIXED,,,0.0,Gaming
TV NOW,TV NOW Germany,15816,DE,Germany,EUR,False,FIXED,,,0.0,Entertainment
Zooplus,Zooplus DE,16087,DE,Germany,EUR,False,FIXED,,,0.5,Shopping
Steam,Steam KW,15724,KW,Kuwait,USD,False,FIXED,,,0.6,Gaming
Steam,Steam BH,15664,BH,Bahrain,USD,False,FIXED,,,0.0,Gaming
Steam,Steam QA,15760,QA,Qatar,USD,False,FIXED,,,0.0,Gaming
Sephora,Sephora Italy,15631,IT,Italy,EUR,False,FIXED,,,0.5,Shopping
Ticketmaster,Ticketmaster AT,15822,AT,Austria,EUR,False,RANGE,10.0,88.61,0.5,Shopping
Rituals,Rituals Spain,15609,ES,Spain,EUR,False,FIXED,,,0.5,Shopping
Xbox,Xbox UK,15857,GB,United Kingdom,GBP,False,FIXED,,,1.5,Gaming
Orchestra,Orchestra Gift Card IT,15409,IT,Italy,EUR,False,FIXED,,,1.0,Shopping
Rituals,Rituals PT,15608,PT,Portugal,EUR,False,FIXED,,,1.0,Shopping
talabat,Talabat AE,16097,AE,United Arab Emirates,AED,False,FIXED,,,0.5,Shopping
Mobile Legends,Mobile Legends Diamonds MR,15292,MR,Mauritania,USD,False,FIXED,,,1.0,Gaming
Mobile Legends,Mobile Legends Diamonds MX,15293,MX,Mexico,USD,False,FIXED,,,1.0,Gaming
Mobile Legends,Mobile Legends Diamonds MD,15294,MD,Moldova,USD,False,FIXED,,,1.0,Gaming
Mobile Legends,Mobile Legends Diamonds MS,15295,MS,Montserrat,USD,False,FIXED,,,1.0,Gaming
Mobile Legends,Mobile Legends Diamonds MA,15296,MA,Morocco,USD,False,FIXED,,,1.0,Gaming
Mobile Legends,Mobile Legends Diamonds MZ,15297,MZ,Mozambique,USD,False,FIXED,,,1.0,Gaming
Mobile Legends,Mobile Legends Diamonds MM,15298,MM,Myanmar,USD,False,FIXED,,,1.0,Gaming
Mobile Legends,Mobile Legends Diamonds NA,15299,NA,Namibia,USD,False,FIXED,,,1.0,Gaming
Mobile Legends,Mobile Legends Diamonds NR,15300,NR,Nauru,USD,False,FIXED,,,1.0,Gaming
Mobile Legends,Mobile Legends Diamonds NP,15301,NP,Nepal,USD,False,FIXED,,,1.0,Gaming
Mobile Legends,Mobile Legends Diamonds NL,15302,NL,Netherlands,USD,False,FIXED,,,1.0,Gaming
Mobile Legends,Mobile Legends Diamonds NI,15303,NI,Nicaragua,USD,False,FIXED,,,1.0,Gaming
Mobile Legends,Mobile Legends Diamonds NE,15304,NE,Niger,USD,False,FIXED,,,1.0,Gaming
Mobile Legends,Mobile Legends Diamonds NG,15305,NG,Nigeria,USD,False,FIXED,,,1.0,Gaming
Mobile Legends,Mobile Legends Diamonds OM,15306,OM,Oman,USD,False,FIXED,,,1.0,Gaming
Mobile Legends,Mobile Legends Diamonds PK,15307,PK,Pakistan,USD,False,FIXED,,,1.0,Gaming
Mobile Legends,Mobile Legends Diamonds PS,15308,PS,Palestine,USD,False,FIXED,,,1.0,Gaming
Mobile Legends,Mobile Legends Diamonds PA,15309,PA,Panama,USD,False,FIXED,,,1.0,Gaming
Mobile Legends,Mobile Legends Diamonds PG,15310,PG,Papua New Guinea,USD,False,FIXED,,,1.0,Gaming
Mobile Legends,Mobile Legends Diamonds PY,15311,PY,Paraguay,USD,False,FIXED,,,1.0,Gaming
Mobile Legends,Mobile Legends Diamonds PE,15312,PE,Peru,USD,False,FIXED,,,1.0,Gaming
Mobile Legends,Mobile Legends Diamonds PH,15313,PH,Philippines,USD,False,FIXED,,,1.0,Gaming
Mobile Legends,Mobile Legends Diamonds PL,15314,PL,Poland,USD,False,FIXED,,,1.0,Gaming
Mobile Legends,Mobile Legends Diamonds PT,15315,PT,Portugal,USD,False,FIXED,,,1.0,Gaming
Mobile Legends,Mobile Legends Diamonds PR,15316,PR,Puerto Rico,USD,False,FIXED,,,1.0,Gaming
Mobile Legends,Mobile Legends Diamonds QA,15317,QA,Qatar,USD,False,FIXED,,,1.0,Gaming
Mobile Legends,Mobile Legends Diamonds RO,15318,RO,Romania,USD,False,FIXED,,,1.0,Gaming
Mobile Legends,Mobile Legends Diamonds RU,15319,RU,Russia,USD,False,FIXED,,,1.0,Gaming
Mobile Legends,Mobile Legends Diamonds RW,15320,RW,Rwanda,USD,False,FIXED,,,1.0,Gaming
Mobile Legends,Mobile Legends Diamonds KN,15321,KN,Saint Kitts And Nevis,USD,False,FIXED,,,1.0,Gaming
Mobile Legends,Mobile Legends Diamonds LC,15322,LC,Saint Lucia,USD,False,FIXED,,,1.0,Gaming
Mobile Legends,Mobile Legends Diamonds WS,15323,WS,Samoa,USD,False,FIXED,,,1.0,Gaming
Mobile Legends,Mobile Legends Diamonds SA,15324,SA,Saudi Arabia,USD,False,FIXED,,,1.0,Gaming
Mobile Legends,Mobile Legends Diamonds SN,15325,SN,Senegal,USD,False,FIXED,,,1.0,Gaming
Mobile Legends,Mobile Legends Diamonds SL,15326,SL,Sierra Leone,USD,False,FIXED,,,1.0,Gaming
Mobile Legends,Mobile Legends Diamonds SG,15327,SG,Singapore,USD,False,FIXED,,,1.0,Gaming
Mobile Legends,Mobile Legends Diamonds SO,15328,SO,Somalia,USD,False,FIXED,,,1.0,Gaming
Mobile Legends,Mobile Legends Diamonds ZA,15329,ZA,South Africa,USD,False,FIXED,,,1.0,Gaming
Mobile Legends,Mobile Legends Diamonds ES,15330,ES,Spain,USD,False,FIXED,,,1.0,Gaming
Mobile Legends,Mobile Legends Diamonds LK,15331,LK,Sri Lanka,USD,False,FIXED,,,1.0,Gaming
Mobile Legends,Mobile Legends Diamonds SR,15332,SR,Suriname,USD,False,FIXED,,,1.0,Gaming
Mobile Legends,Mobile Legends Diamonds SZ,15333,SZ,Eswatini,USD,False,FIXED,,,1.0,Gaming
Mobile Legends,Mobile Legends Diamonds TJ,15334,TJ,Tajikistan,USD,False,FIXED,,,1.0,Gaming
Mobile Legends,Mobile Legends Diamonds TZ,15335,TZ,Tanzania,USD,False,FIXED,,,1.0,Gaming
Mobile Legends,Mobile Legends Diamonds TH,15336,TH,Thailand,USD,False,FIXED,,,1.0,Gaming
Mobile Legends,Mobile Legends Diamonds TG,15337,TG,Togo,USD,False,FIXED,,,1.0,Gaming
Mobile Legends,Mobile Legends Diamonds TO,15338,TO,Tonga,USD,False,FIXED,,,1.0,Gaming
Mobile Legends,Mobile Legends Diamonds TT,15339,TT,Trinidad and Tobago,USD,False,FIXED,,,1.0,Gaming
Mobile Legends,Mobile Legends Diamonds TN,15340,TN,Tunisia,USD,False,FIXED,,,1.0,Gaming
Mobile Legends,Mobile Legends Diamonds TC,15342,TC,Turks And Caicos Islands,USD,False,FIXED,,,1.0,Gaming
Mobile Legends,Mobile Legends Diamonds UG,15343,UG,Uganda,USD,False,FIXED,,,1.0,Gaming
Mobile Legends,Mobile Legends Diamonds UA,15344,UA,Ukraine,USD,False,FIXED,,,1.0,Gaming
Mobile Legends,Mobile Legends Diamonds GB,15346,GB,United Kingdom,USD,False,FIXED,,,1.0,Gaming
Mobile Legends,Mobile Legends Diamonds (Global) US,15347,US,United States,USD,False,FIXED,,,1.0,Gaming
Mobile Legends,Mobile Legends Diamonds UY,15348,UY,Uruguay,USD,False,FIXED,,,1.0,Gaming
Mobile Legends,Mobile Legends Diamonds UZ,15349,UZ,Uzbekistan,USD,False,FIXED,,,1.0,Gaming
Mobile Legends,Mobile Legends Diamonds VU,15350,VU,Vanuatu,USD,False,FIXED,,,1.0,Gaming
Mobile Legends,Mobile Legends Diamonds VE,15351,VE,Venezuela,USD,False,FIXED,,,1.0,Gaming
Mobile Legends,Mobile Legends Diamonds VN,15352,VN,Vietnam,USD,False,FIXED,,,1.0,Gaming
Mobile Legends,Mobile Legends Diamonds VG,15353,VG,British Virgin Islands,USD,False,FIXED,,,1.0,Gaming
Mobile Legends,Mobile Legends Diamonds YE,15354,YE,Yemen,USD,False,FIXED,,,1.0,Gaming
Mobile Legends,Mobile Legends Diamonds ZM,15355,ZM,Zambia,USD,False,FIXED,,,1.0,Gaming
Mobile Legends,Mobile Legends Diamonds ZW,15356,ZW,Zimbabwe,USD,False,FIXED,,,1.0,Gaming
Mobile Legends,Mobile Legends Diamonds VC,15357,VC,Saint Vincent And The Grenadines,USD,False,FIXED,,,1.0,Gaming
Mobile Legends,Mobile Legends Diamonds AN,15358,AN,Netherlands Antilles,USD,False,FIXED,,,1.0,Gaming
Sephora,Sephora Spain,15632,ES,Spain,EUR,False,FIXED,,,1.0,Shopping
Sephora,Sephora Portugal,15634,PT,Portugal,EUR,False,FIXED,,,1.0,Shopping
Waipu TV,Waipu TV Germany,15835,DE,Germany,EUR,False,FIXED,,,1.0,Shopping
Steam,Steam SG,15769,SG,Singapore,SGD,False,FIXED,,,0.0,Gaming
Salute Semplice,Salute Semplice Italy,15628,IT,Italy,EUR,False,FIXED,,,1.2,Shopping
Nike,Nike Belgium,15368,BE,Belgium,EUR,False,RANGE,5.0,88.61,0.0,Shopping
Nike,Nike Germany,15367,DE,Germany,EUR,False,RANGE,5.0,88.61,0.0,Shopping
Racingbreaks,Racingbreaks.com UK,15606,GB,United Kingdom,GBP,False,FIXED,,,1.2,Shopping
Zalando,Zalando Germany,16078,DE,Germany,EUR,False,FIXED,,,1.5,Shopping
Volagratis,Volagratis Italy,15833,IT,Italy,EUR,False,FIXED,,,1.5,Shopping
Swarovski,Swarovski UK,15814,GB,United Kingdom,GBP,False,FIXED,,,1.5,Shopping
null,Wonderbox Italy,15840,IT,Italy,EUR,False,FIXED,,,1.5,Gaming
Swarovski,Swarovski Finland,15813,FI,Finland,EUR,False,FIXED,,,1.5,Shopping
Steam,Steam AT,15798,AT,Austria,EUR,False,FIXED,,,1.5,Gaming
Steam,Steam BE,15799,BE,Belgium,EUR,False,FIXED,,,1.5,Gaming
Steam,Steam CY,15800,CY,Cyprus,EUR,False,FIXED,,,1.5,Gaming
Steam,Steam FI,15801,FI,Finland,EUR,False,FIXED,,,1.5,Gaming
Steam,Steam DE,15803,DE,Germany,EUR,False,FIXED,,,1.5,Gaming
Steam,Steam GR,15804,GR,Greece,EUR,False,FIXED,,,1.5,Gaming
Steam,Steam IE,15805,IE,Ireland,EUR,False,FIXED,,,1.5,Gaming
Steam,Steam IT,15806,IT,Italy,EUR,False,FIXED,,,1.5,Gaming
Steam,Steam NL,15807,NL,Netherlands,EUR,False,FIXED,,,1.5,Gaming
Steam,Steam PT,15808,PT,Portugal,EUR,False,FIXED,,,1.5,Gaming
Steam,Steam ES,15809,ES,Spain,EUR,False,FIXED,,,1.5,Gaming
Swarovski,Swarovski IE,15815,IE,Ireland,EUR,False,FIXED,,,1.5,Shopping
PlayStation,PlayStation Store Canada,16290,CA,Canada,CAD,False,FIXED,,,5.0,Gaming
HUAWEI,HUAWEI AE,16092,AE,United Arab Emirates,AED,False,FIXED,,,0.5,Shopping
HUAWEI,HUAWEI SA,16093,SA,Saudi Arabia,SAR,False,FIXED,,,1.5,Shopping
Xbox,Xbox,16062,AT,Austria,EUR,False,FIXED,,,2.0,Gaming
Xbox,Xbox,16063,BE,Belgium,EUR,False,FIXED,,,2.0,Gaming
Xbox,Xbox,16064,CY,Cyprus,EUR,False,FIXED,,,2.0,Gaming
Xbox,Xbox,16065,FI,Finland,EUR,False,FIXED,,,2.0,Gaming
Xbox,Xbox,16066,FR,France,EUR,False,FIXED,,,2.0,Gaming
Xbox,Xbox,16067,DE,Germany,EUR,False,FIXED,,,2.0,Gaming
Xbox,Xbox,16068,GR,Greece,EUR,False,FIXED,,,2.0,Gaming
Xbox,Xbox,16069,IE,Ireland,EUR,False,FIXED,,,2.0,Gaming
Xbox,Xbox,16070,IT,Italy,EUR,False,FIXED,,,2.0,Gaming
Xbox,Xbox,16071,NL,Netherlands,EUR,False,FIXED,,,2.0,Gaming
Xbox,Xbox,16072,PT,Portugal,EUR,False,FIXED,,,2.0,Gaming
Xbox,Xbox,16073,ES,Spain,EUR,False,FIXED,,,2.0,Gaming
Zalando,Zalando Netherlands,16083,NL,Netherlands,EUR,False,RANGE,5.0,88.61,1.0,Shopping
Xbox,Xbox Live,16048,AE,United Arab Emirates,AED,False,FIXED,,,0.5,Gaming
Smartbox,Smartbox Spain,15637,ES,Spain,EUR,False,FIXED,,,2.5,Shopping
The Hotel,The Hotel Card UK,15819,GB,United Kingdom,GBP,False,RANGE,25.0,76.64,3.0,Travel
PlayStation,PlayStation PL,15589,PL,Poland,PLN,False,FIXED,,,3.0,Gaming
PUBG,PUBG Mobile UC AF,15413,AF,Afghanistan,USD,False,FIXED,,,3.5,Gaming
NetDragon Universal,NetDragon Universal KY,14187,KY,Cayman Islands,USD,False,FIXED,,,2.5,Gaming
NetDragon Universal,NetDragon Universal CF,14188,CF,Central African Republic,USD,False,FIXED,,,2.5,Gaming
NetDragon Universal,NetDragon Universal CL,14189,CL,Chile,USD,False,FIXED,,,2.5,Gaming
NetDragon Universal,NetDragon Universal CN,14190,CN,China,USD,False,FIXED,,,2.5,Gaming
NetDragon Universal,NetDragon Universal CO,14191,CO,Colombia,USD,False,FIXED,,,2.5,Gaming
Smartbox,Smartbox Italy,15638,IT,Italy,EUR,False,FIXED,,,3.75,Shopping
PlayStation,PlayStation FI,15593,FI,Finland,EUR,False,FIXED,,,4.0,Gaming
Jawaker,Jawaker AF,16446,AF,Afghanistan,USD,False,FIXED,,,0.0,Shopping
Jawaker,Jawaker AL,16447,AL,Albania,USD,False,FIXED,,,0.0,Shopping
Jawaker,Jawaker DZ,16448,DZ,Algeria,USD,False,FIXED,,,0.0,Shopping
Jawaker,Jawaker AS,16449,AS,American Samoa,USD,False,FIXED,,,0.0,Shopping
Jawaker,Jawaker AO,16450,AO,Angola,USD,False,FIXED,,,0.0,Shopping
Jawaker,Jawaker AI,16451,AI,Anguilla,USD,False,FIXED,,,0.0,Shopping
Jawaker,Jawaker AG,16452,AG,Antigua and Barbuda,USD,False,FIXED,,,0.0,Shopping
Jawaker,Jawaker AR,16453,AR,Argentina,USD,False,FIXED,,,0.0,Shopping
Jawaker,Jawaker AM,16454,AM,Armenia,USD,False,FIXED,,,0.0,Shopping
Jawaker,Jawaker AW,16455,AW,Aruba,USD,False,FIXED,,,0.0,Shopping
Jawaker,Jawaker BS,16456,BS,Bahamas,USD,False,FIXED,,,0.0,Shopping
Jawaker,Jawaker BH,16457,BH,Bahrain,USD,False,FIXED,,,0.0,Shopping
Jawaker,Jawaker BD,16458,BD,Bangladesh,USD,False,FIXED,,,0.0,Shopping
Jawaker,Jawaker BB,16459,BB,Barbados,USD,False,FIXED,,,0.0,Shopping
Jawaker,Jawaker BZ,16460,BZ,Belize,USD,False,FIXED,,,0.0,Shopping
Jawaker,Jawaker BJ,16461,BJ,Benin,USD,False,FIXED,,,0.0,Shopping
Jawaker,Jawaker BM,16462,BM,Bermuda,USD,False,FIXED,,,0.0,Shopping
Jawaker,Jawaker BO,16463,BO,Bolivia,USD,False,FIXED,,,0.0,Shopping
Jawaker,Jawaker BW,16464,BW,Botswana,USD,False,FIXED,,,0.0,Shopping
Jawaker,Jawaker BR,16465,BR,Brazil,USD,False,FIXED,,,0.0,Shopping
Jawaker,Jawaker VG,16466,VG,British Virgin Islands,USD,False,FIXED,,,0.0,Shopping
Jawaker,Jawaker BF,16467,BF,Burkina Faso,USD,False,FIXED,,,0.0,Shopping
Jawaker,Jawaker BI,16468,BI,Burundi,USD,False,FIXED,,,0.0,Shopping
Jawaker,Jawaker KH,16469,KH,Cambodia,USD,False,FIXED,,,0.0,Shopping
Jawaker,Jawaker CM,16470,CM,Cameroon,USD,False,FIXED,,,0.0,Shopping
Jawaker,Jawaker CA,16471,CA,Canada,USD,False,FIXED,,,0.0,Shopping
Jawaker,Jawaker CV,16472,CV,Cape Verde,USD,False,FIXED,,,0.0,Shopping
Jawaker,Jawaker KY,16473,KY,Cayman Islands,USD,False,FIXED,,,0.0,Shopping
Jawaker,Jawaker CF,16474,CF,Central African Republic,USD,False,FIXED,,,0.0,Shopping
Jawaker,Jawaker CL,16475,CL,Chile,USD,False,FIXED,,,0.0,Shopping
Nintendo,Nintendo Switch Online UK,15388,GB,United Kingdom,GBP,False,FIXED,,,1.2,Gaming
Nintendo,Nintendo eShop Card UK,15403,GB,United Kingdom,GBP,False,FIXED,,,1.5,Gaming
PlayStation,PlayStation Store PT,15585,PT,Portugal,EUR,False,FIXED,,,4.0,Gaming
Xbox,Xbox US,16061,US,United States,USD,False,FIXED,,,1.5,Gaming
PlayStation,PlayStation AT,15590,AT,Austria,EUR,False,FIXED,,,6.0,Gaming
PUBG,PUBG Mobile UC (Global) US,15552,US,United States,USD,False,FIXED,,,3.5,Gaming
PlayStation,PlayStation Store DE,15584,DE,Germany,EUR,False,FIXED,,,7.0,Gaming
World of Warcraft,World of Warcraft 60 days,15841,AT,Austria,EUR,False,FIXED,,,7.5,Gaming
World of Warcraft,World of Warcraft 60 days,15842,BE,Belgium,EUR,False,FIXED,,,7.5,Gaming
World of Warcraft,World of Warcraft 60 days,15843,CY,Cyprus,EUR,False,FIXED,,,7.5,Gaming
World of Warcraft,World of Warcraft 60 days,15844,FI,Finland,EUR,False,FIXED,,,7.5,Gaming
World of Warcraft,World of Warcraft 60 days,15845,FR,France,EUR,False,FIXED,,,7.5,Gaming
World of Warcraft,World of Warcraft 60 days,15846,DE,Germany,EUR,False,FIXED,,,7.5,Gaming
World of Warcraft,World of Warcraft 60 days,15847,GR,Greece,EUR,False,FIXED,,,7.5,Gaming
World of Warcraft,World of Warcraft 60 days,15848,IE,Ireland,EUR,False,FIXED,,,7.5,Gaming
World of Warcraft,World of Warcraft 60 days,15849,IT,Italy,EUR,False,FIXED,,,7.5,Gaming
World of Warcraft,World of Warcraft 60 days,15850,NL,Netherlands,EUR,False,FIXED,,,7.5,Gaming
World of Warcraft,World of Warcraft 60 days,15851,PL,Poland,EUR,False,FIXED,,,7.5,Gaming
World of Warcraft,World of Warcraft 60 days,15852,PT,Portugal,EUR,False,FIXED,,,7.5,Gaming
World of Warcraft,World of Warcraft 60 days,15853,RO,Romania,EUR,False,FIXED,,,7.5,Gaming
World of Warcraft,World of Warcraft 60 days,15854,ES,Spain,EUR,False,FIXED,,,7.5,Gaming
PlayStation,PlayStation Store IT,15586,IT,Italy,EUR,False,FIXED,,,3.0,Gaming
PlayStation,PlayStation Spain,15592,ES,Spain,EUR,False,FIXED,,,8.0,Gaming
Deliveroo,Deliveroo,14156,AE,United Arab Emirates,AED,False,FIXED,,,0.0,Shopping
Mobile Legends,Mobile Legends Diamonds BH,15221,BH,Bahrain,USD,False,FIXED,,,1.0,Gaming
Mobile Legends,Mobile Legends Diamonds BD,15222,BD,Bangladesh,USD,False,FIXED,,,1.0,Gaming
Mobile Legends,Mobile Legends Diamonds BB,15223,BB,Barbados,USD,False,FIXED,,,1.0,Gaming
Mobile Legends,Mobile Legends Diamonds BY,15224,BY,Belarus,USD,False,FIXED,,,1.0,Gaming
Mobile Legends,Mobile Legends Diamonds BE,15225,BE,Belgium,USD,False,FIXED,,,1.0,Gaming
Mobile Legends,Mobile Legends Diamonds BZ,15226,BZ,Belize,USD,False,FIXED,,,1.0,Gaming
Mobile Legends,Mobile Legends Diamonds BJ,15227,BJ,Benin,USD,False,FIXED,,,1.0,Gaming
Mobile Legends,Mobile Legends Diamonds BM,15228,BM,Bermuda,USD,False,FIXED,,,1.0,Gaming
Mobile Legends,Mobile Legends Diamonds BO,15229,BO,Bolivia,USD,False,FIXED,,,1.0,Gaming
Mobile Legends,Mobile Legends Diamonds BW,15230,BW,Botswana,USD,False,FIXED,,,1.0,Gaming
Mobile Legends,Mobile Legends Diamonds BR,15231,BR,Brazil,USD,False,FIXED,,,1.0,Gaming
Mobile Legends,Mobile Legends Diamonds BF,15232,BF,Burkina Faso,USD,False,FIXED,,,1.0,Gaming
Mobile Legends,Mobile Legends Diamonds BI,15233,BI,Burundi,USD,False,FIXED,,,1.0,Gaming
Mobile Legends,Mobile Legends Diamonds KH,15234,KH,Cambodia,USD,False,FIXED,,,1.0,Gaming
Mobile Legends,Mobile Legends Diamonds CM,15235,CM,Cameroon,USD,False,FIXED,,,1.0,Gaming
Mobile Legends,Mobile Legends Diamonds CA,15236,CA,Canada,USD,False,FIXED,,,1.0,Gaming
Mobile Legends,Mobile Legends Diamonds KY,15238,KY,Cayman Islands,USD,False,FIXED,,,1.0,Gaming
Mobile Legends,Mobile Legends Diamonds CF,15239,CF,Central African Republic,USD,False,FIXED,,,1.0,Gaming
Mobile Legends,Mobile Legends Diamonds CL,15240,CL,Chile,USD,False,FIXED,,,1.0,Gaming
Mobile Legends,Mobile Legends Diamonds KM,15243,KM,Comoros,USD,False,FIXED,,,1.0,Gaming
Mobile Legends,Mobile Legends Diamonds CG,15244,CG,Congo,USD,False,FIXED,,,1.0,Gaming
Mobile Legends,Mobile Legends Diamonds CD,15245,CD,The Democratic Republic Of Congo,USD,False,FIXED,,,1.0,Gaming
Crypto Voucher,CryptoVoucher KG,14042,KG,Kyrgyzstan,USD,False,RANGE,30.0,100.0,0.0,Crypto
Crypto Voucher,CryptoVoucher LA,14043,LA,Laos,USD,False,RANGE,30.0,100.0,0.0,Crypto
Crypto Voucher,CryptoVoucher LB,14044,LB,Lebanon,USD,False,RANGE,30.0,100.0,0.0,Crypto
Crypto Voucher,CryptoVoucher LR,14045,LR,Liberia,USD,False,RANGE,30.0,100.0,0.0,Crypto
Crypto Voucher,CryptoVoucher MK,14046,MK,Macedonia,USD,False,RANGE,30.0,100.0,0.0,Crypto
Crypto Voucher,CryptoVoucher MG,14047,MG,Madagascar,USD,False,RANGE,30.0,100.0,0.0,Crypto
Crypto Voucher,CryptoVoucher MW,14048,MW,Malawi,USD,False,RANGE,30.0,100.0,0.0,Crypto
Crypto Voucher,CryptoVoucher MY,14049,MY,Malaysia,USD,False,RANGE,30.0,100.0,0.0,Crypto
Crypto Voucher,CryptoVoucher ML,14050,ML,Mali,USD,False,RANGE,30.0,100.0,0.0,Crypto
Crypto Voucher,CryptoVoucher MQ,14051,MQ,Martinique,USD,False,RANGE,30.0,100.0,0.0,Crypto
Crypto Voucher,CryptoVoucher MX,14052,MX,Mexico,USD,False,RANGE,30.0,100.0,0.0,Crypto
Crypto Voucher,CryptoVoucher MD,14053,MD,Moldova,USD,False,RANGE,30.0,100.0,0.0,Crypto
Crypto Voucher,CryptoVoucher MA,14054,MA,Morocco,USD,False,RANGE,30.0,100.0,0.0,Crypto
Crypto Voucher,CryptoVoucher MZ,14055,MZ,Mozambique,USD,False,RANGE,30.0,100.0,0.0,Crypto
Crypto Voucher,CryptoVoucher MM,14056,MM,Myanmar,USD,False,RANGE,30.0,100.0,0.0,Crypto
Crypto Voucher,CryptoVoucher NA,14057,NA,Namibia,USD,False,RANGE,30.0,100.0,0.0,Crypto
Crypto Voucher,CryptoVoucher NR,14058,NR,Nauru,USD,False,RANGE,30.0,100.0,0.0,Crypto
Crypto Voucher,CryptoVoucher NP,14059,NP,Nepal,USD,False,RANGE,30.0,100.0,0.0,Crypto
Crypto Voucher,CryptoVoucher NL,14060,NL,Netherlands,USD,False,RANGE,30.0,100.0,0.0,Crypto
Crypto Voucher,CryptoVoucher AN,14061,AN,Netherlands Antilles,USD,False,RANGE,30.0,100.0,0.0,Crypto
Crypto Voucher,CryptoVoucher NI,14062,NI,Nicaragua,USD,False,RANGE,30.0,100.0,0.0,Crypto
Crypto Voucher,CryptoVoucher NE,14063,NE,Niger,USD,False,RANGE,30.0,100.0,0.0,Crypto
Crypto Voucher,CryptoVoucher NG,14064,NG,Nigeria,USD,False,RANGE,30.0,100.0,0.0,Crypto
Crypto Voucher,CryptoVoucher OM,14065,OM,Oman,USD,False,RANGE,30.0,100.0,0.0,Crypto
Crypto Voucher,CryptoVoucher PK,14066,PK,Pakistan,USD,False,RANGE,30.0,100.0,0.0,Crypto
Crypto Voucher,CryptoVoucher PS,14067,PS,Palestine,USD,False,RANGE,30.0,100.0,0.0,Crypto
Crypto Voucher,CryptoVoucher PA,14068,PA,Panama,USD,False,RANGE,30.0,100.0,0.0,Crypto
Crypto Voucher,CryptoVoucher PG,14069,PG,Papua New Guinea,USD,False,RANGE,30.0,100.0,0.0,Crypto
Crypto Voucher,CryptoVoucher PY,14070,PY,Paraguay,USD,False,RANGE,30.0,100.0,0.0,Crypto
Crypto Voucher,CryptoVoucher PE,14071,PE,Peru,USD,False,RANGE,30.0,100.0,0.0,Crypto
Crypto Voucher,CryptoVoucher PH,14072,PH,Philippines,USD,False,RANGE,30.0,100.0,0.0,Crypto
Crypto Voucher,CryptoVoucher PL,14073,PL,Poland,USD,False,RANGE,30.0,100.0,0.0,Crypto
Crypto Voucher,CryptoVoucher PT,14074,PT,Portugal,USD,False,RANGE,30.0,100.0,0.0,Crypto
Crypto Voucher,CryptoVoucher PR,14075,PR,Puerto Rico,USD,False,RANGE,30.0,100.0,0.0,Crypto
Crypto Voucher,CryptoVoucher QA,14076,QA,Qatar,USD,False,RANGE,30.0,100.0,0.0,Crypto
Crypto Voucher,CryptoVoucher RO,14077,RO,Romania,USD,False,RANGE,30.0,100.0,0.0,Crypto
Crypto Voucher,CryptoVoucher RU,14078,RU,Russia,USD,False,RANGE,30.0,100.0,0.0,Crypto
Crypto Voucher,CryptoVoucher RW,14079,RW,Rwanda,USD,False,RANGE,30.0,100.0,0.0,Crypto
Crypto Voucher,CryptoVoucher KN,14080,KN,Saint Kitts And Nevis,USD,False,RANGE,30.0,100.0,0.0,Crypto
Crypto Voucher,CryptoVoucher LC,14081,LC,Saint Lucia,USD,False,RANGE,30.0,100.0,0.0,Crypto
Crypto Voucher,CryptoVoucher VC,14082,VC,Saint Vincent And The Grenadines,USD,False,RANGE,30.0,100.0,0.0,Crypto
Crypto Voucher,CryptoVoucher WS,14083,WS,Samoa,USD,False,RANGE,30.0,100.0,0.0,Crypto
Crypto Voucher,CryptoVoucher SA,14084,SA,Saudi Arabia,USD,False,RANGE,30.0,100.0,0.0,Crypto
Crypto Voucher,CryptoVoucher SN,14085,SN,Senegal,USD,False,RANGE,30.0,100.0,0.0,Crypto
Crypto Voucher,CryptoVoucher SL,14086,SL,Sierra Leone,USD,False,RANGE,30.0,100.0,0.0,Crypto
Crypto Voucher,CryptoVoucher SG,14087,SG,Singapore,USD,False,RANGE,30.0,100.0,0.0,Crypto
Crypto Voucher,CryptoVoucher ZA,14088,ZA,South Africa,USD,False,RANGE,30.0,100.0,0.0,Crypto
Crypto Voucher,CryptoVoucher ES,14089,ES,Spain,USD,False,RANGE,30.0,100.0,0.0,Crypto
Crypto Voucher,CryptoVoucher LK,14090,LK,Sri Lanka,USD,False,RANGE,30.0,100.0,0.0,Crypto
Crypto Voucher,CryptoVoucher SR,14091,SR,Suriname,USD,False,RANGE,30.0,100.0,0.0,Crypto
Crypto Voucher,CryptoVoucher SZ,14092,SZ,Eswatini,USD,False,RANGE,30.0,100.0,0.0,Crypto
Crypto Voucher,CryptoVoucher TJ,14093,TJ,Tajikistan,USD,False,RANGE,30.0,100.0,0.0,Crypto
Crypto Voucher,CryptoVoucher TZ,14094,TZ,Tanzania,USD,False,RANGE,30.0,100.0,0.0,Crypto
Crypto Voucher,CryptoVoucher TH,14095,TH,Thailand,USD,False,RANGE,30.0,100.0,0.0,Crypto
Crypto Voucher,CryptoVoucher CD,14096,CD,The Democratic Republic Of Congo,USD,False,RANGE,30.0,100.0,0.0,Crypto
Crypto Voucher,CryptoVoucher TG,14097,TG,Togo,USD,False,RANGE,30.0,100.0,0.0,Crypto
Crypto Voucher,CryptoVoucher TO,14098,TO,Tonga,USD,False,RANGE,30.0,100.0,0.0,Crypto
Crypto Voucher,CryptoVoucher TT,14099,TT,Trinidad and Tobago,USD,False,RANGE,30.0,100.0,0.0,Crypto
Crypto Voucher,CryptoVoucher TN,14100,TN,Tunisia,USD,False,RANGE,30.0,100.0,0.0,Crypto
Crypto Voucher,CryptoVoucher TR,14101,TR,Turkey,USD,False,RANGE,30.0,100.0,0.0,Crypto
Crypto Voucher,CryptoVoucher TC,14102,TC,Turks And Caicos Islands,USD,False,RANGE,30.0,100.0,0.0,Crypto
Crypto Voucher,CryptoVoucher UG,14103,UG,Uganda,USD,False,RANGE,30.0,100.0,0.0,Crypto
Crypto Voucher,CryptoVoucher UA,14104,UA,Ukraine,USD,False,RANGE,30.0,100.0,0.0,Crypto
Crypto Voucher,CryptoVoucher AE,14105,AE,United Arab Emirates,USD,False,RANGE,30.0,100.0,0.0,Crypto
Crypto Voucher,CryptoVoucher GB,14106,GB,United Kingdom,USD,False,RANGE,30.0,100.0,0.0,Crypto
Crypto Voucher,CryptoVoucher US,14107,US,United States,USD,False,RANGE,30.0,100.0,0.0,Crypto
Crypto Voucher,CryptoVoucher UY,14108,UY,Uruguay,USD,False,RANGE,30.0,100.0,0.0,Crypto
Crypto Voucher,CryptoVoucher UZ,14109,UZ,Uzbekistan,USD,False,RANGE,30.0,100.0,0.0,Crypto
Crypto Voucher,CryptoVoucher VU,14110,VU,Vanuatu,USD,False,RANGE,30.0,100.0,0.0,Crypto
Crypto Voucher,CryptoVoucher VN,14111,VN,Vietnam,USD,False,RANGE,30.0,100.0,0.0,Crypto
Crypto Voucher,CryptoVoucher YE,14112,YE,Yemen,USD,False,RANGE,30.0,100.0,0.0,Crypto
Crypto Voucher,CryptoVoucher ZM,14113,ZM,Zambia,USD,False,RANGE,30.0,100.0,0.0,Crypto
Crypto Voucher,CryptoVoucher ZW,14114,ZW,Zimbabwe,USD,False,RANGE,30.0,100.0,0.0,Crypto
Crypto Voucher,CryptoVoucher VE,14115,VE,Venezuela,USD,False,RANGE,30.0,100.0,0.0,Crypto
Crypto Voucher,CryptoVoucher GR,14116,GR,Greece,USD,False,RANGE,30.0,100.0,0.0,Crypto
Crypto Voucher,CryptoVoucher SO,14117,SO,Somalia,USD,False,RANGE,30.0,100.0,0.0,Crypto
Crypto Voucher,CryptoVoucher BY,14118,BY,Belarus,USD,False,RANGE,30.0,100.0,0.0,Crypto
Crypto Voucher,CryptoVoucher KM,14119,KM,Comoros,USD,False,RANGE,30.0,100.0,0.0,Crypto
Crypto Voucher,CryptoVoucher MR,14120,MR,Mauritania,USD,False,RANGE,30.0,100.0,0.0,Crypto
Crypto Voucher,CryptoVoucher BE,14121,BE,Belgium,USD,False,RANGE,30.0,100.0,0.0,Crypto
Crypto Voucher,CryptoVoucher MS,14122,MS,Montserrat,USD,False,RANGE,30.0,100.0,0.0,Crypto
Crypto Voucher,CryptoVoucher KR,14123,KR,South Korea,USD,False,RANGE,30.0,100.0,0.0,Crypto
Crypto Voucher,CryptoVoucher IE,14124,IE,Ireland,USD,False,RANGE,30.0,100.0,0.0,Crypto
Crypto Voucher,CryptoVoucher FI,14125,FI,Finland,USD,False,RANGE,30.0,100.0,0.0,Crypto
Crypto Voucher,CryptoVoucher AT,14126,AT,Austria,USD,False,RANGE,30.0,100.0,0.0,Crypto
Anghami Plus,Anghami UAE,14155,AE,United Arab Emirates,AED,False,FIXED,,,2.0,Entertainment
NetDragon Universal,NetDragon Universal AF,14160,AF,Afghanistan,USD,False,FIXED,,,2.5,Gaming
NetDragon Universal,NetDragon Universal AL,14161,AL,Albania,USD,False,FIXED,,,2.5,Gaming
NetDragon Universal,NetDragon Universal DZ,14162,DZ,Algeria,USD,False,FIXED,,,2.5,Gaming
NetDragon Universal,NetDragon Universal AS,14163,AS,American Samoa,USD,False,FIXED,,,2.5,Gaming
NetDragon Universal,NetDragon Universal AO,14164,AO,Angola,USD,False,FIXED,,,2.5,Gaming
NetDragon Universal,NetDragon Universal AI,14165,AI,Anguilla,USD,False,FIXED,,,2.5,Gaming
NetDragon Universal,NetDragon Universal AG,14166,AG,Antigua and Barbuda,USD,False,FIXED,,,2.5,Gaming
NetDragon Universal,NetDragon Universal AR,14167,AR,Argentina,USD,False,FIXED,,,2.5,Gaming
NetDragon Universal,NetDragon Universal AM,14168,AM,Armenia,USD,False,FIXED,,,2.5,Gaming
NetDragon Universal,NetDragon Universal AW,14169,AW,Aruba,USD,False,FIXED,,,2.5,Gaming
NetDragon Universal,NetDragon Universal BS,14170,BS,Bahamas,USD,False,FIXED,,,2.5,Gaming
NetDragon Universal,NetDragon Universal BH,14171,BH,Bahrain,USD,False,FIXED,,,2.5,Gaming
NetDragon Universal,NetDragon Universal BD,14172,BD,Bangladesh,USD,False,FIXED,,,2.5,Gaming
NetDragon Universal,NetDragon Universal BB,14173,BB,Barbados,USD,False,FIXED,,,2.5,Gaming
NetDragon Universal,NetDragon Universal BZ,14174,BZ,Belize,USD,False,FIXED,,,2.5,Gaming
NetDragon Universal,NetDragon Universal BJ,14175,BJ,Benin,USD,False,FIXED,,,2.5,Gaming
NetDragon Universal,NetDragon Universal BM,14176,BM,Bermuda,USD,False,FIXED,,,2.5,Gaming
NetDragon Universal,NetDragon Universal BO,14177,BO,Bolivia,USD,False,FIXED,,,2.5,Gaming
NetDragon Universal,NetDragon Universal BW,14178,BW,Botswana,USD,False,FIXED,,,2.5,Gaming
NetDragon Universal,NetDragon Universal BR,14179,BR,Brazil,USD,False,FIXED,,,2.5,Gaming
NetDragon Universal,NetDragon Universal VG,14180,VG,British Virgin Islands,USD,False,FIXED,,,2.5,Gaming
NetDragon Universal,NetDragon Universal BF,14181,BF,Burkina Faso,USD,False,FIXED,,,2.5,Gaming
NetDragon Universal,NetDragon Universal BI,14182,BI,Burundi,USD,False,FIXED,,,2.5,Gaming
NetDragon Universal,NetDragon Universal KH,14183,KH,Cambodia,USD,False,FIXED,,,2.5,Gaming
NetDragon Universal,NetDragon Universal CM,14184,CM,Cameroon,USD,False,FIXED,,,2.5,Gaming
NetDragon Universal,NetDragon Universal CA,14185,CA,Canada,USD,False,FIXED,,,2.5,Gaming
NetDragon Universal,NetDragon Universal CV,14186,CV,Cape Verde,USD,False,FIXED,,,2.5,Gaming
NetDragon Universal,NetDragon Universal KY,14187,KY,Cayman Islands,USD,False,FIXED,,,2.5,Gaming
NetDragon Universal,NetDragon Universal CF,14188,CF,Central African Republic,USD,False,FIXED,,,2.5,Gaming
NetDragon Universal,NetDragon Universal CL,14189,CL,Chile,USD,False,FIXED,,,2.5,Gaming
NetDragon Universal,NetDragon Universal CN,14190,CN,China,USD,False,FIXED,,,2.5,Gaming
NetDragon Universal,NetDragon Universal CO,14191,CO,Colombia,USD,False,FIXED,,,2.5,Gaming
NetDragon Universal,NetDragon Universal CG,14192,CG,Congo,USD,False,FIXED,,,2.5,Gaming
NetDragon Universal,NetDragon Universal CR,14193,CR,Costa Rica,USD,False,FIXED,,,2.5,Gaming
NetDragon Universal,NetDragon Universal CI,14194,CI,Côte d'Ivoire,USD,False,FIXED,,,2.5,Gaming
NetDragon Universal,NetDragon Universal CU,14195,CU,Cuba,USD,False,FIXED,,,2.5,Gaming
NetDragon Universal,NetDragon Universal CY,14196,CY,Cyprus,USD,False,FIXED,,,2.5,Gaming
NetDragon Universal,NetDragon Universal DM,14197,DM,Dominica,USD,False,FIXED,,,2.5,Gaming
NetDragon Universal,NetDragon Universal DO,14198,DO,Dominican Republic,USD,False,FIXED,,,2.5,Gaming
NetDragon Universal,NetDragon Universal EC,14199,EC,Ecuador,USD,False,FIXED,,,2.5,Gaming
NetDragon Universal,NetDragon Universal EG,14200,EG,Egypt,USD,False,FIXED,,,2.5,Gaming
NetDragon Universal,NetDragon Universal SV,14201,SV,El Salvador,USD,False,FIXED,,,2.5,Gaming
NetDragon Universal,NetDragon Universal ET,14202,ET,Ethiopia,USD,False,FIXED,,,2.5,Gaming
NetDragon Universal,NetDragon Universal FJ,14203,FJ,Fiji,USD,False,FIXED,,,2.5,Gaming
NetDragon Universal,NetDragon Universal FR,14204,FR,France,USD,False,FIXED,,,2.5,Gaming
NetDragon Universal,NetDragon Universal GM,14205,GM,Gambia,USD,False,FIXED,,,2.5,Gaming
NetDragon Universal,NetDragon Universal GE,14206,GE,Georgia,USD,False,FIXED,,,2.5,Gaming
NetDragon Universal,NetDragon Universal DE,14207,DE,Germany,USD,False,FIXED,,,2.5,Gaming
NetDragon Universal,NetDragon Universal GH,14208,GH,Ghana,USD,False,FIXED,,,2.5,Gaming
NetDragon Universal,NetDragon Universal GD,14209,GD,Grenada,USD,False,FIXED,,,2.5,Gaming
NetDragon Universal,NetDragon Universal GT,14210,GT,Guatemala,USD,False,FIXED,,,2.5,Gaming
NetDragon Universal,NetDragon Universal GN,14211,GN,Guinea Conakry,USD,False,FIXED,,,2.5,Gaming
NetDragon Universal,NetDragon Universal GW,14212,GW,Guinea-Bissau,USD,False,FIXED,,,2.5,Gaming
NetDragon Universal,NetDragon Universal GY,14213,GY,Guyana,USD,False,FIXED,,,2.5,Gaming
NetDragon Universal,NetDragon Universal HT,14214,HT,Haiti,USD,False,FIXED,,,2.5,Gaming
NetDragon Universal,NetDragon Universal HN,14215,HN,Honduras,USD,False,FIXED,,,2.5,Gaming
NetDragon Universal,NetDragon Universal IN,14216,IN,India,USD,False,FIXED,,,2.5,Gaming
NetDragon Universal,NetDragon Universal ID,14217,ID,Indonesia,USD,False,FIXED,,,2.5,Gaming
NetDragon Universal,NetDragon Universal IQ,14218,IQ,Iraq,USD,False,FIXED,,,2.5,Gaming
NetDragon Universal,NetDragon Universal IT,14219,IT,Italy,USD,False,FIXED,,,2.5,Gaming
NetDragon Universal,NetDragon Universal JM,14220,JM,Jamaica,USD,False,FIXED,,,2.5,Gaming
NetDragon Universal,NetDragon Universal JO,14221,JO,Jordan,USD,False,FIXED,,,2.5,Gaming
NetDragon Universal,NetDragon Universal KZ,14222,KZ,Kazakhstan,USD,False,FIXED,,,2.5,Gaming
NetDragon Universal,NetDragon Universal KE,14223,KE,Kenya,USD,False,FIXED,,,2.5,Gaming
NetDragon Universal,NetDragon Universal KW,14224,KW,Kuwait,USD,False,FIXED,,,2.5,Gaming
NetDragon Universal,NetDragon Universal KG,14225,KG,Kyrgyzstan,USD,False,FIXED,,,2.5,Gaming
NetDragon Universal,NetDragon Universal LA,14226,LA,Laos,USD,False,FIXED,,,2.5,Gaming
NetDragon Universal,NetDragon Universal LB,14227,LB,Lebanon,USD,False,FIXED,,,2.5,Gaming
NetDragon Universal,NetDragon Universal LR,14228,LR,Liberia,USD,False,FIXED,,,2.5,Gaming
NetDragon Universal,NetDragon Universal MK,14229,MK,Macedonia,USD,False,FIXED,,,2.5,Gaming
NetDragon Universal,NetDragon Universal MG,14230,MG,Madagascar,USD,False,FIXED,,,2.5,Gaming
NetDragon Universal,NetDragon Universal MW,14231,MW,Malawi,USD,False,FIXED,,,2.5,Gaming
NetDragon Universal,NetDragon Universal MY,14232,MY,Malaysia,USD,False,FIXED,,,2.5,Gaming
NetDragon Universal,NetDragon Universal ML,14233,ML,Mali,USD,False,FIXED,,,2.5,Gaming
NetDragon Universal,NetDragon Universal MQ,14234,MQ,Martinique,USD,False,FIXED,,,2.5,Gaming
NetDragon Universal,NetDragon Universal MX,14235,MX,Mexico,USD,False,FIXED,,,2.5,Gaming
NetDragon Universal,NetDragon Universal MD,14236,MD,Moldova,USD,False,FIXED,,,2.5,Gaming
NetDragon Universal,NetDragon Universal MA,14237,MA,Morocco,USD,False,FIXED,,,2.5,Gaming
NetDragon Universal,NetDragon Universal MZ,14238,MZ,Mozambique,USD,False,FIXED,,,2.5,Gaming
NetDragon Universal,NetDragon Universal MM,14239,MM,Myanmar,USD,False,FIXED,,,2.5,Gaming
NetDragon Universal,NetDragon Universal NA,14240,NA,Namibia,USD,False,FIXED,,,2.5,Gaming
NetDragon Universal,NetDragon Universal NR,14241,NR,Nauru,USD,False,FIXED,,,2.5,Gaming
NetDragon Universal,NetDragon Universal NP,14242,NP,Nepal,USD,False,FIXED,,,2.5,Gaming
NetDragon Universal,NetDragon Universal NL,14243,NL,Netherlands,USD,False,FIXED,,,2.5,Gaming
NetDragon Universal,NetDragon Universal AN,14244,AN,Netherlands Antilles,USD,False,FIXED,,,2.5,Gaming
NetDragon Universal,NetDragon Universal NI,14245,NI,Nicaragua,USD,False,FIXED,,,2.5,Gaming
NetDragon Universal,NetDragon Universal NE,14246,NE,Niger,USD,False,FIXED,,,2.5,Gaming
NetDragon Universal,NetDragon Universal NG,14247,NG,Nigeria,USD,False,FIXED,,,2.5,Gaming
NetDragon Universal,NetDragon Universal OM,14248,OM,Oman,USD,False,FIXED,,,2.5,Gaming
NetDragon Universal,NetDragon Universal PK,14249,PK,Pakistan,USD,False,FIXED,,,2.5,Gaming
Anghami Plus,Anghami KSA,14154,SA,Saudi Arabia,SAR,False,FIXED,,,3.0,Entertainment
Xbox,Xbox PL,16610,PL,Poland,PLN,False,FIXED,,,0.0,Gaming
Steam,Steam HK,16612,HK,Hong Kong,HKD,False,FIXED,,,0.0,Gaming
Steam,Steam TW,16613,TW,Taiwan,TWD,False,FIXED,,,0.0,Gaming
Paysafe Card,Paysafe Card Classic FR 10 EUR,17535,FR,France,EUR,False,FIXED,,,0.0,Payment Cards
Paysafe Card,Paysafe Card Junior - TICKET FR,17536,FR,France,EUR,False,FIXED,,,0.0,Payment Cards
Paysafe Card,Paysafe Card Classic DE,17537,DE,Germany,EUR,False,FIXED,,,0.0,Payment Cards
Paysafe Card,Paysafe Card Classic ES 5 EUR,17538,ES,Spain,EUR,False,FIXED,,,0.0,Payment Cards
Fortnite,Fortnite (Standard Edition) 1000-V-Bucks AF,17539,AF,Afghanistan,USD,False,FIXED,,,0.0,Gaming
Fortnite,Fortnite (Standard Edition) 1000-V-Bucks AL,17540,AL,Albania,USD,False,FIXED,,,0.0,Gaming
Fortnite,Fortnite (Standard Edition) 1000-V-Bucks DZ,17541,DZ,Algeria,USD,False,FIXED,,,0.0,Gaming
Fortnite,Fortnite (Standard Edition) 1000-V-Bucks AS,17542,AS,American Samoa,USD,False,FIXED,,,0.0,Gaming
Fortnite,Fortnite (Standard Edition) 1000-V-Bucks AO,17543,AO,Angola,USD,False,FIXED,,,0.0,Gaming
Fortnite,Fortnite (Standard Edition) 1000-V-Bucks AI,17544,AI,Anguilla,USD,False,FIXED,,,0.0,Gaming
Fortnite,Fortnite (Standard Edition) 1000-V-Bucks AG,17545,AG,Antigua and Barbuda,USD,False,FIXED,,,0.0,Gaming
Fortnite,Fortnite (Standard Edition) 1000-V-Bucks AR,17546,AR,Argentina,USD,False,FIXED,,,0.0,Gaming
Fortnite,Fortnite (Standard Edition) 1000-V-Bucks AM,17547,AM,Armenia,USD,False,FIXED,,,0.0,Gaming
Fortnite,Fortnite (Standard Edition) 1000-V-Bucks AW,17548,AW,Aruba,USD,False,FIXED,,,0.0,Gaming
Fortnite,Fortnite (Standard Edition) 1000-V-Bucks BS,17549,BS,Bahamas,USD,False,FIXED,,,0.0,Gaming
Fortnite,Fortnite (Standard Edition) 1000-V-Bucks BH,17550,BH,Bahrain,USD,False,FIXED,,,0.0,Gaming
Fortnite,Fortnite (Standard Edition) 1000-V-Bucks BD,17551,BD,Bangladesh,USD,False,FIXED,,,0.0,Gaming
Fortnite,Fortnite (Standard Edition) 1000-V-Bucks BB,17552,BB,Barbados,USD,False,FIXED,,,0.0,Gaming
Fortnite,Fortnite (Standard Edition) 1000-V-Bucks BZ,17553,BZ,Belize,USD,False,FIXED,,,0.0,Gaming
Fortnite,Fortnite (Standard Edition) 1000-V-Bucks BJ,17554,BJ,Benin,USD,False,FIXED,,,0.0,Gaming
Fortnite,Fortnite (Standard Edition) 1000-V-Bucks BM,17555,BM,Bermuda,USD,False,FIXED,,,0.0,Gaming
Fortnite,Fortnite (Standard Edition) 1000-V-Bucks BO,17556,BO,Bolivia,USD,False,FIXED,,,0.0,Gaming
Fortnite,Fortnite (Standard Edition) 1000-V-Bucks BW,17557,BW,Botswana,USD,False,FIXED,,,0.0,Gaming
Fortnite,Fortnite (Standard Edition) 1000-V-Bucks BR,17558,BR,Brazil,USD,False,FIXED,,,0.0,Gaming
Fortnite,Fortnite (Standard Edition) 1000-V-Bucks VG,17559,VG,British Virgin Islands,USD,False,FIXED,,,0.0,Gaming
Fortnite,Fortnite (Standard Edition) 13500-V-Bucks VG,18021,VG,British Virgin Islands,USD,False,FIXED,,,0.0,Gaming
Fortnite,Fortnite (Standard Edition) 13500-V-Bucks BF,18022,BF,Burkina Faso,USD,False,FIXED,,,0.0,Gaming
Fortnite,Fortnite (Standard Edition) 13500-V-Bucks BI,18023,BI,Burundi,USD,False,FIXED,,,0.0,Gaming
Fortnite,Fortnite (Standard Edition) 13500-V-Bucks KH,18024,KH,Cambodia,USD,False,FIXED,,,0.0,Gaming
Fortnite,Fortnite (Standard Edition) 13500-V-Bucks CM,18025,CM,Cameroon,USD,False,FIXED,,,0.0,Gaming
Fortnite,Fortnite (Standard Edition) 13500-V-Bucks CA,18026,CA,Canada,USD,False,FIXED,,,0.0,Gaming
Fortnite,Fortnite (Standard Edition) 13500-V-Bucks CV,18027,CV,Cape Verde,USD,False,FIXED,,,0.0,Gaming
Fortnite,Fortnite (Standard Edition) 13500-V-Bucks KY,18028,KY,Cayman Islands,USD,False,FIXED,,,0.0,Gaming
Fortnite,Fortnite (Standard Edition) 13500-V-Bucks CF,18029,CF,Central African Republic,USD,False,FIXED,,,0.0,Gaming
Fortnite,Fortnite (Standard Edition) 13500-V-Bucks CL,18030,CL,Chile,USD,False,FIXED,,,0.0,Gaming
Fortnite,Fortnite (Standard Edition) 13500-V-Bucks CN,18031,CN,China,USD,False,FIXED,,,0.0,Gaming
Fortnite,Fortnite (Standard Edition) 13500-V-Bucks CG,18033,CG,Congo,USD,False,FIXED,,,0.0,Gaming
Fortnite,Fortnite (Standard Edition) 13500-V-Bucks DM,18038,DM,Dominica,USD,False,FIXED,,,0.0,Gaming
Fortnite,Fortnite (Standard Edition) 13500-V-Bucks DO,18039,DO,Dominican Republic,USD,False,FIXED,,,0.0,Gaming
Fortnite,Fortnite (Standard Edition) 13500-V-Bucks EC,18040,EC,Ecuador,USD,False,FIXED,,,0.0,Gaming
Fortnite,Fortnite (Standard Edition) 13500-V-Bucks EG,18041,EG,Egypt,USD,False,FIXED,,,0.0,Gaming
Fortnite,Fortnite (Standard Edition) 13500-V-Bucks SV,18042,SV,El Salvador,USD,False,FIXED,,,0.0,Gaming
Fortnite,Fortnite (Standard Edition) 13500-V-Bucks FJ,18044,FJ,Fiji,USD,False,FIXED,,,0.0,Gaming
Fortnite,Fortnite (Standard Edition) 13500-V-Bucks FR,18045,FR,France,USD,False,FIXED,,,0.0,Gaming
Fortnite,Fortnite (Standard Edition) 13500-V-Bucks GM,18046,GM,Gambia,USD,False,FIXED,,,0.0,Gaming
Fortnite,Fortnite (Standard Edition) 13500-V-Bucks GE,18047,GE,Georgia,USD,False,FIXED,,,0.0,Gaming
Fortnite,Fortnite (Standard Edition) 13500-V-Bucks DE,18048,DE,Germany,USD,False,FIXED,,,0.0,Gaming
Fortnite,Fortnite (Standard Edition) 13500-V-Bucks GH,18049,GH,Ghana,USD,False,FIXED,,,0.0,Gaming
Fortnite,Fortnite (Standard Edition) 13500-V-Bucks GD,18050,GD,Grenada,USD,False,FIXED,,,0.0,Gaming
Fortnite,Fortnite (Standard Edition) 13500-V-Bucks GT,18051,GT,Guatemala,USD,False,FIXED,,,0.0,Gaming
Fortnite,Fortnite (Standard Edition) 13500-V-Bucks GN,18052,GN,Guinea Conakry,USD,False,FIXED,,,0.0,Gaming
Fortnite,Fortnite (Standard Edition) 13500-V-Bucks GW,18053,GW,Guinea-Bissau,USD,False,FIXED,,,0.0,Gaming
Fortnite,Fortnite (Standard Edition) 13500-V-Bucks GY,18054,GY,Guyana,USD,False,FIXED,,,0.0,Gaming
Fortnite,Fortnite (Standard Edition) 13500-V-Bucks HT,18055,HT,Haiti,USD,False,FIXED,,,0.0,Gaming
Fortnite,Fortnite (Standard Edition) 13500-V-Bucks HN,18056,HN,Honduras,USD,False,FIXED,,,0.0,Gaming
Fortnite,Fortnite (Standard Edition) 13500-V-Bucks IN,18057,IN,India,USD,False,FIXED,,,0.0,Gaming
Fortnite,Fortnite (Standard Edition) 13500-V-Bucks ID,18058,ID,Indonesia,USD,False,FIXED,,,0.0,Gaming
Fortnite,Fortnite (Standard Edition) 13500-V-Bucks IQ,18059,IQ,Iraq,USD,False,FIXED,,,0.0,Gaming
Fortnite,Fortnite (Standard Edition) 13500-V-Bucks IT,18060,IT,Italy,USD,False,FIXED,,,0.0,Gaming
Fortnite,Fortnite (Standard Edition) 13500-V-Bucks JM,18061,JM,Jamaica,USD,False,FIXED,,,0.0,Gaming
Fortnite,Fortnite (Standard Edition) 13500-V-Bucks JO,18062,JO,Jordan,USD,False,FIXED,,,0.0,Gaming
Fortnite,Fortnite (Standard Edition) 13500-V-Bucks KZ,18063,KZ,Kazakhstan,USD,False,FIXED,,,0.0,Gaming
Fortnite,Fortnite (Standard Edition) 13500-V-Bucks KE,18064,KE,Kenya,USD,False,FIXED,,,0.0,Gaming
Fortnite,Fortnite (Standard Edition) 13500-V-Bucks KW,18065,KW,Kuwait,USD,False,FIXED,,,0.0,Gaming
Fortnite,Fortnite (Standard Edition) 13500-V-Bucks KG,18066,KG,Kyrgyzstan,USD,False,FIXED,,,0.0,Gaming
Zalando,Zalando Austria,16616,AT,Austria,EUR,False,RANGE,5.0,88.61,2.0,Shopping
Jawaker,Jawaker BF,16467,BF,Burkina Faso,USD,False,FIXED,,,0.0,Shopping
Jawaker,Jawaker BI,16468,BI,Burundi,USD,False,FIXED,,,0.0,Shopping
Jawaker,Jawaker KH,16469,KH,Cambodia,USD,False,FIXED,,,0.0,Shopping
Jawaker,Jawaker CM,16470,CM,Cameroon,USD,False,FIXED,,,0.0,Shopping
Jawaker,Jawaker CA,16471,CA,Canada,USD,False,FIXED,,,0.0,Shopping
Jawaker,Jawaker CV,16472,CV,Cape Verde,USD,False,FIXED,,,0.0,Shopping
Jawaker,Jawaker KY,16473,KY,Cayman Islands,USD,False,FIXED,,,0.0,Shopping
Jawaker,Jawaker CF,16474,CF,Central African Republic,USD,False,FIXED,,,0.0,Shopping
Jawaker,Jawaker CL,16475,CL,Chile,USD,False,FIXED,,,0.0,Shopping
Jawaker,Jawaker CN,16476,CN,China,USD,False,FIXED,,,0.0,Shopping
Jawaker,Jawaker CO,16477,CO,Colombia,USD,False,FIXED,,,0.0,Shopping
Jawaker,Jawaker CG,16478,CG,Congo,USD,False,FIXED,,,0.0,Shopping
Jawaker,Jawaker CR,16479,CR,Costa Rica,USD,False,FIXED,,,0.0,Shopping
Jawaker,Jawaker CI,16480,CI,Côte d'Ivoire,USD,False,FIXED,,,0.0,Shopping
Jawaker,Jawaker CU,16481,CU,Cuba,USD,False,FIXED,,,0.0,Shopping
Jawaker,Jawaker CY,16482,CY,Cyprus,USD,False,FIXED,,,0.0,Shopping
Jawaker,Jawaker DM,16483,DM,Dominica,USD,False,FIXED,,,0.0,Shopping
Jawaker,Jawaker DO,16484,DO,Dominican Republic,USD,False,FIXED,,,0.0,Shopping
Jawaker,Jawaker EC,16485,EC,Ecuador,USD,False,FIXED,,,0.0,Shopping
Jawaker,Jawaker EG,16486,EG,Egypt,USD,False,FIXED,,,0.0,Shopping
Jawaker,Jawaker SV,16487,SV,El Salvador,USD,False,FIXED,,,0.0,Shopping
Jawaker,Jawaker ET,16488,ET,Ethiopia,USD,False,FIXED,,,0.0,Shopping
Jawaker,Jawaker FJ,16489,FJ,Fiji,USD,False,FIXED,,,0.0,Shopping
Jawaker,Jawaker FR,16490,FR,France,USD,False,FIXED,,,0.0,Shopping
Jawaker,Jawaker GM,16491,GM,Gambia,USD,False,FIXED,,,0.0,Shopping
Jawaker,Jawaker GE,16492,GE,Georgia,USD,False,FIXED,,,0.0,Shopping
Jawaker,Jawaker DE,16493,DE,Germany,USD,False,FIXED,,,0.0,Shopping
Jawaker,Jawaker GH,16494,GH,Ghana,USD,False,FIXED,,,0.0,Shopping
Jawaker,Jawaker GD,16495,GD,Grenada,USD,False,FIXED,,,0.0,Shopping
Jawaker,Jawaker GT,16496,GT,Guatemala,USD,False,FIXED,,,0.0,Shopping
Jawaker,Jawaker GN,16497,GN,Guinea Conakry,USD,False,FIXED,,,0.0,Shopping
Jawaker,Jawaker GW,16498,GW,Guinea-Bissau,USD,False,FIXED,,,0.0,Shopping
Jawaker,Jawaker GY,16499,GY,Guyana,USD,False,FIXED,,,0.0,Shopping
Jawaker,Jawaker HT,16500,HT,Haiti,USD,False,FIXED,,,0.0,Shopping
Jawaker,Jawaker HN,16501,HN,Honduras,USD,False,FIXED,,,0.0,Shopping
Jawaker,Jawaker IN,16502,IN,India,USD,False,FIXED,,,0.0,Shopping
Jawaker,Jawaker ID,16503,ID,Indonesia,USD,False,FIXED,,,0.0,Shopping
Jawaker,Jawaker IQ,16504,IQ,Iraq,USD,False,FIXED,,,0.0,Shopping
Jawaker,Jawaker IT,16505,IT,Italy,USD,False,FIXED,,,0.0,Shopping
Jawaker,Jawaker JM,16506,JM,Jamaica,USD,False,FIXED,,,0.0,Shopping
Jawaker,Jawaker JO,16507,JO,Jordan,USD,False,FIXED,,,0.0,Shopping
Jawaker,Jawaker KZ,16508,KZ,Kazakhstan,USD,False,FIXED,,,0.0,Shopping
Jawaker,Jawaker KE,16509,KE,Kenya,USD,False,FIXED,,,0.0,Shopping
Jawaker,Jawaker KW,16510,KW,Kuwait,USD,False,FIXED,,,0.0,Shopping
Jawaker,Jawaker KG,16511,KG,Kyrgyzstan,USD,False,FIXED,,,0.0,Shopping
Jawaker,Jawaker LA,16512,LA,Laos,USD,False,FIXED,,,0.0,Shopping
Jawaker,Jawaker LB,16513,LB,Lebanon,USD,False,FIXED,,,0.0,Shopping
Jawaker,Jawaker LR,16514,LR,Liberia,USD,False,FIXED,,,0.0,Shopping
Jawaker,Jawaker MK,16515,MK,Macedonia,USD,False,FIXED,,,0.0,Shopping
Jawaker,Jawaker MG,16516,MG,Madagascar,USD,False,FIXED,,,0.0,Shopping
Jawaker,Jawaker MW,16517,MW,Malawi,USD,False,FIXED,,,0.0,Shopping
Jawaker,Jawaker MY,16518,MY,Malaysia,USD,False,FIXED,,,0.0,Shopping
Jawaker,Jawaker ML,16519,ML,Mali,USD,False,FIXED,,,0.0,Shopping
Jawaker,Jawaker MQ,16520,MQ,Martinique,USD,False,FIXED,,,0.0,Shopping
Jawaker,Jawaker MX,16521,MX,Mexico,USD,False,FIXED,,,0.0,Shopping
Jawaker,Jawaker MD,16522,MD,Moldova,USD,False,FIXED,,,0.0,Shopping
Jawaker,Jawaker MA,16523,MA,Morocco,USD,False,FIXED,,,0.0,Shopping
Jawaker,Jawaker MZ,16524,MZ,Mozambique,USD,False,FIXED,,,0.0,Shopping
Jawaker,Jawaker MM,16525,MM,Myanmar,USD,False,FIXED,,,0.0,Shopping
Jawaker,Jawaker NA,16526,NA,Namibia,USD,False,FIXED,,,0.0,Shopping
Jawaker,Jawaker NR,16527,NR,Nauru,USD,False,FIXED,,,0.0,Shopping
Jawaker,Jawaker NP,16528,NP,Nepal,USD,False,FIXED,,,0.0,Shopping
Jawaker,Jawaker NL,16529,NL,Netherlands,USD,False,FIXED,,,0.0,Shopping
Jawaker,Jawaker AN,16530,AN,Netherlands Antilles,USD,False,FIXED,,,0.0,Shopping
Jawaker,Jawaker NI,16531,NI,Nicaragua,USD,False,FIXED,,,0.0,Shopping
Jawaker,Jawaker NE,16532,NE,Niger,USD,False,FIXED,,,0.0,Shopping
Jawaker,Jawaker NG,16533,NG,Nigeria,USD,False,FIXED,,,0.0,Shopping
Jawaker,Jawaker OM,16534,OM,Oman,USD,False,FIXED,,,0.0,Shopping
Jawaker,Jawaker PK,16535,PK,Pakistan,USD,False,FIXED,,,0.0,Shopping
Jawaker,Jawaker PS,16536,PS,Palestine,USD,False,FIXED,,,0.0,Shopping
Jawaker,Jawaker PA,16537,PA,Panama,USD,False,FIXED,,,0.0,Shopping
Jawaker,Jawaker PG,16538,PG,Papua New Guinea,USD,False,FIXED,,,0.0,Shopping
Jawaker,Jawaker PY,16539,PY,Paraguay,USD,False,FIXED,,,0.0,Shopping
Jawaker,Jawaker PE,16540,PE,Peru,USD,False,FIXED,,,0.0,Shopping
Jawaker,Jawaker PH,16541,PH,Philippines,USD,False,FIXED,,,0.0,Shopping
Jawaker,Jawaker PL,16542,PL,Poland,USD,False,FIXED,,,0.0,Shopping
Jawaker,Jawaker PT,16543,PT,Portugal,USD,False,FIXED,,,0.0,Shopping
Jawaker,Jawaker PR,16544,PR,Puerto Rico,USD,False,FIXED,,,0.0,Shopping
Jawaker,Jawaker QA,16545,QA,Qatar,USD,False,FIXED,,,0.0,Shopping
Jawaker,Jawaker RO,16546,RO,Romania,USD,False,FIXED,,,0.0,Shopping
Jawaker,Jawaker RU,16547,RU,Russia,USD,False,FIXED,,,0.0,Shopping
Jawaker,Jawaker RW,16548,RW,Rwanda,USD,False,FIXED,,,0.0,Shopping
Jawaker,Jawaker KN,16549,KN,Saint Kitts And Nevis,USD,False,FIXED,,,0.0,Shopping
Jawaker,Jawaker LC,16550,LC,Saint Lucia,USD,False,FIXED,,,0.0,Shopping
Jawaker,Jawaker VC,16551,VC,Saint Vincent And The Grenadines,USD,False,FIXED,,,0.0,Shopping
Jawaker,Jawaker WS,16552,WS,Samoa,USD,False,FIXED,,,0.0,Shopping
Jawaker,Jawaker SA,16553,SA,Saudi Arabia,USD,False,FIXED,,,0.0,Shopping
Jawaker,Jawaker SN,16554,SN,Senegal,USD,False,FIXED,,,0.0,Shopping
Jawaker,Jawaker SL,16555,SL,Sierra Leone,USD,False,FIXED,,,0.0,Shopping
Jawaker,Jawaker SG,16556,SG,Singapore,USD,False,FIXED,,,0.0,Shopping
Jawaker,Jawaker ZA,16557,ZA,South Africa,USD,False,FIXED,,,0.0,Shopping
Jawaker,Jawaker ES,16558,ES,Spain,USD,False,FIXED,,,0.0,Shopping
Jawaker,Jawaker LK,16559,LK,Sri Lanka,USD,False,FIXED,,,0.0,Shopping
Jawaker,Jawaker SR,16560,SR,Suriname,USD,False,FIXED,,,0.0,Shopping
Jawaker,Jawaker SZ,16561,SZ,Eswatini,USD,False,FIXED,,,0.0,Shopping
Jawaker,Jawaker TJ,16562,TJ,Tajikistan,USD,False,FIXED,,,0.0,Shopping
Jawaker,Jawaker TZ,16563,TZ,Tanzania,USD,False,FIXED,,,0.0,Shopping
Jawaker,Jawaker TH,16564,TH,Thailand,USD,False,FIXED,,,0.0,Shopping
Jawaker,Jawaker CD,16565,CD,The Democratic Republic Of Congo,USD,False,FIXED,,,0.0,Shopping
Jawaker,Jawaker TG,16566,TG,Togo,USD,False,FIXED,,,0.0,Shopping
Jawaker,Jawaker TO,16567,TO,Tonga,USD,False,FIXED,,,0.0,Shopping
Jawaker,Jawaker TT,16568,TT,Trinidad and Tobago,USD,False,FIXED,,,0.0,Shopping
Jawaker,Jawaker TN,16569,TN,Tunisia,USD,False,FIXED,,,0.0,Shopping
Jawaker,Jawaker TR,16570,TR,Turkey,USD,False,FIXED,,,0.0,Shopping
Jawaker,Jawaker TC,16571,TC,Turks And Caicos Islands,USD,False,FIXED,,,0.0,Shopping
Jawaker,Jawaker UG,16572,UG,Uganda,USD,False,FIXED,,,0.0,Shopping
Jawaker,Jawaker UA,16573,UA,Ukraine,USD,False,FIXED,,,0.0,Shopping
Jawaker,Jawaker AE,16574,AE,United Arab Emirates,USD,False,FIXED,,,0.0,Shopping
Jawaker,Jawaker GB,16575,GB,United Kingdom,USD,False,FIXED,,,0.0,Shopping
Jawaker,Jawaker US,16576,US,United States,USD,False,FIXED,,,0.0,Shopping
Jawaker,Jawaker UY,16577,UY,Uruguay,USD,False,FIXED,,,0.0,Shopping
Jawaker,Jawaker UZ,16578,UZ,Uzbekistan,USD,False,FIXED,,,0.0,Shopping
Jawaker,Jawaker VU,16579,VU,Vanuatu,USD,False,FIXED,,,0.0,Shopping
Jawaker,Jawaker VN,16580,VN,Vietnam,USD,False,FIXED,,,0.0,Shopping
Jawaker,Jawaker YE,16581,YE,Yemen,USD,False,FIXED,,,0.0,Shopping
Jawaker,Jawaker ZM,16582,ZM,Zambia,USD,False,FIXED,,,0.0,Shopping
Jawaker,Jawaker ZW,16583,ZW,Zimbabwe,USD,False,FIXED,,,0.0,Shopping
Jawaker,Jawaker VE,16584,VE,Venezuela,USD,False,FIXED,,,0.0,Shopping
Jawaker,Jawaker GR,16585,GR,Greece,USD,False,FIXED,,,0.0,Shopping
Jawaker,Jawaker SO,16586,SO,Somalia,USD,False,FIXED,,,0.0,Shopping
Jawaker,Jawaker BY,16587,BY,Belarus,USD,False,FIXED,,,0.0,Shopping
Jawaker,Jawaker KM,16588,KM,Comoros,USD,False,FIXED,,,0.0,Shopping
Jawaker,Jawaker MR,16589,MR,Mauritania,USD,False,FIXED,,,0.0,Shopping
Jawaker,Jawaker BE,16590,BE,Belgium,USD,False,FIXED,,,0.0,Shopping
Jawaker,Jawaker MS,16591,MS,Montserrat,USD,False,FIXED,,,0.0,Shopping
Jawaker,Jawaker KR,16592,KR,South Korea,USD,False,FIXED,,,0.0,Shopping
Jawaker,Jawaker IE,16593,IE,Ireland,USD,False,FIXED,,,0.0,Shopping
Jawaker,Jawaker FI,16594,FI,Finland,USD,False,FIXED,,,0.0,Shopping
Jawaker,Jawaker AU,16595,AU,Australia,USD,False,FIXED,,,0.0,Shopping
Jawaker,Jawaker AT,16596,AT,Austria,USD,False,FIXED,,,0.0,Shopping
Jawaker,Jawaker JP,16597,JP,Japan,USD,False,FIXED,,,0.0,Shopping
Fortnite,Fortnite (Standard Edition) 5000-V-Bucks TT,17969,TT,Trinidad and Tobago,USD,False,FIXED,,,0.0,Gaming
Fortnite,Fortnite (Standard Edition) 5000-V-Bucks TN,17970,TN,Tunisia,USD,False,FIXED,,,0.0,Gaming
Fortnite,Fortnite (Standard Edition) 5000-V-Bucks TR,17971,TR,Turkey,USD,False,FIXED,,,0.0,Gaming
Fortnite,Fortnite (Standard Edition) 5000-V-Bucks TC,17972,TC,Turks And Caicos Islands,USD,False,FIXED,,,0.0,Gaming
Fortnite,Fortnite (Standard Edition) 5000-V-Bucks UG,17973,UG,Uganda,USD,False,FIXED,,,0.0,Gaming
Fortnite,Fortnite (Standard Edition) 5000-V-Bucks UA,17974,UA,Ukraine,USD,False,FIXED,,,0.0,Gaming
Fortnite,Fortnite (Standard Edition) 5000-V-Bucks AE,17975,AE,United Arab Emirates,USD,False,FIXED,,,0.0,Gaming
Fortnite,Fortnite (Standard Edition) 5000-V-Bucks GB,17976,GB,United Kingdom,USD,False,FIXED,,,0.0,Gaming
Fortnite,Fortnite (Standard Edition) 5000-V-Bucks US,17977,US,United States,USD,False,FIXED,,,0.0,Gaming
Fortnite,Fortnite (Standard Edition) 5000-V-Bucks UY,17978,UY,Uruguay,USD,False,FIXED,,,0.0,Gaming
Fortnite,Fortnite (Standard Edition) 5000-V-Bucks UZ,17979,UZ,Uzbekistan,USD,False,FIXED,,,0.0,Gaming
Fortnite,Fortnite (Standard Edition) 5000-V-Bucks VU,17980,VU,Vanuatu,USD,False,FIXED,,,0.0,Gaming
Fortnite,Fortnite (Standard Edition) 5000-V-Bucks VN,17981,VN,Vietnam,USD,False,FIXED,,,0.0,Gaming
Fortnite,Fortnite (Standard Edition) 5000-V-Bucks YE,17982,YE,Yemen,USD,False,FIXED,,,0.0,Gaming
Fortnite,Fortnite (Standard Edition) 5000-V-Bucks ZM,17983,ZM,Zambia,USD,False,FIXED,,,0.0,Gaming
Fortnite,Fortnite (Standard Edition) 5000-V-Bucks ZW,17984,ZW,Zimbabwe,USD,False,FIXED,,,0.0,Gaming
Fortnite,Fortnite (Standard Edition) 5000-V-Bucks VE,17985,VE,Venezuela,USD,False,FIXED,,,0.0,Gaming
Fortnite,Fortnite (Standard Edition) 5000-V-Bucks GR,17986,GR,Greece,USD,False,FIXED,,,0.0,Gaming
Fortnite,Fortnite (Standard Edition) 5000-V-Bucks SO,17987,SO,Somalia,USD,False,FIXED,,,0.0,Gaming
Fortnite,Fortnite (Standard Edition) 5000-V-Bucks BY,17988,BY,Belarus,USD,False,FIXED,,,0.0,Gaming
Fortnite,Fortnite (Standard Edition) 5000-V-Bucks KM,17989,KM,Comoros,USD,False,FIXED,,,0.0,Gaming
Fortnite,Fortnite (Standard Edition) 5000-V-Bucks MR,17990,MR,Mauritania,USD,False,FIXED,,,0.0,Gaming
Fortnite,Fortnite (Standard Edition) 5000-V-Bucks BE,17991,BE,Belgium,USD,False,FIXED,,,0.0,Gaming
Fortnite,Fortnite (Standard Edition) 5000-V-Bucks MS,17992,MS,Montserrat,USD,False,FIXED,,,0.0,Gaming
Fortnite,Fortnite (Standard Edition) 5000-V-Bucks KR,17993,KR,South Korea,USD,False,FIXED,,,0.0,Gaming
Fortnite,Fortnite (Standard Edition) 5000-V-Bucks IE,17994,IE,Ireland,USD,False,FIXED,,,0.0,Gaming
Fortnite,Fortnite (Standard Edition) 5000-V-Bucks FI,17995,FI,Finland,USD,False,FIXED,,,0.0,Gaming
Fortnite,Fortnite (Standard Edition) 5000-V-Bucks AU,17996,AU,Australia,USD,False,FIXED,,,0.0,Gaming
Fortnite,Fortnite (Standard Edition) 5000-V-Bucks AT,17997,AT,Austria,USD,False,FIXED,,,0.0,Gaming
Fortnite,Fortnite (Standard Edition) 5000-V-Bucks JP,17998,JP,Japan,USD,False,FIXED,,,0.0,Gaming
Fortnite,Fortnite (Standard Edition) 5000-V-Bucks HK,17999,HK,Hong Kong,USD,False,FIXED,,,0.0,Gaming
Fortnite,Fortnite (Standard Edition) 5000-V-Bucks TW,18000,TW,Taiwan,USD,False,FIXED,,,0.0,Gaming
Fortnite,Fortnite (Standard Edition) 13500-V-Bucks AF,18001,AF,Afghanistan,USD,False,FIXED,,,0.0,Gaming
Fortnite,Fortnite (Standard Edition) 13500-V-Bucks AL,18002,AL,Albania,USD,False,FIXED,,,0.0,Gaming
Fortnite,Fortnite (Standard Edition) 13500-V-Bucks DZ,18003,DZ,Algeria,USD,False,FIXED,,,0.0,Gaming
Fortnite,Fortnite (Standard Edition) 13500-V-Bucks AS,18004,AS,American Samoa,USD,False,FIXED,,,0.0,Gaming
Fortnite,Fortnite (Standard Edition) 13500-V-Bucks AO,18005,AO,Angola,USD,False,FIXED,,,0.0,Gaming
Fortnite,Fortnite (Standard Edition) 13500-V-Bucks AI,18006,AI,Anguilla,USD,False,FIXED,,,0.0,Gaming
Fortnite,Fortnite (Standard Edition) 13500-V-Bucks AG,18007,AG,Antigua and Barbuda,USD,False,FIXED,,,0.0,Gaming
Fortnite,Fortnite (Standard Edition) 13500-V-Bucks AR,18008,AR,Argentina,USD,False,FIXED,,,0.0,Gaming
Fortnite,Fortnite (Standard Edition) 13500-V-Bucks AM,18009,AM,Armenia,USD,False,FIXED,,,0.0,Gaming
Fortnite,Fortnite (Standard Edition) 13500-V-Bucks AW,18010,AW,Aruba,USD,False,FIXED,,,0.0,Gaming
Fortnite,Fortnite (Standard Edition) 13500-V-Bucks BS,18011,BS,Bahamas,USD,False,FIXED,,,0.0,Gaming
Fortnite,Fortnite (Standard Edition) 13500-V-Bucks BH,18012,BH,Bahrain,USD,False,FIXED,,,0.0,Gaming
Fortnite,Fortnite (Standard Edition) 13500-V-Bucks BD,18013,BD,Bangladesh,USD,False,FIXED,,,0.0,Gaming
Fortnite,Fortnite (Standard Edition) 13500-V-Bucks BB,18014,BB,Barbados,USD,False,FIXED,,,0.0,Gaming
Fortnite,Fortnite (Standard Edition) 13500-V-Bucks BZ,18015,BZ,Belize,USD,False,FIXED,,,0.0,Gaming
Fortnite,Fortnite (Standard Edition) 13500-V-Bucks BJ,18016,BJ,Benin,USD,False,FIXED,,,0.0,Gaming
Fortnite,Fortnite (Standard Edition) 13500-V-Bucks BM,18017,BM,Bermuda,USD,False,FIXED,,,0.0,Gaming
Fortnite,Fortnite (Standard Edition) 13500-V-Bucks BO,18018,BO,Bolivia,USD,False,FIXED,,,0.0,Gaming
Fortnite,Fortnite (Standard Edition) 13500-V-Bucks BW,18019,BW,Botswana,USD,False,FIXED,,,0.0,Gaming
Fortnite,Fortnite (Standard Edition) 13500-V-Bucks BR,18020,BR,Brazil,USD,False,FIXED,,,0.0,Gaming
Fortnite,Fortnite (Standard Edition) 13500-V-Bucks VG,18021,VG,British Virgin Islands,USD,False,FIXED,,,0.0,Gaming
Fortnite,Fortnite (Standard Edition) 13500-V-Bucks BF,18022,BF,Burkina Faso,USD,False,FIXED,,,0.0,Gaming
Fortnite,Fortnite (Standard Edition) 13500-V-Bucks BI,18023,BI,Burundi,USD,False,FIXED,,,0.0,Gaming
Fortnite,Fortnite (Standard Edition) 13500-V-Bucks KH,18024,KH,Cambodia,USD,False,FIXED,,,0.0,Gaming
Fortnite,Fortnite (Standard Edition) 13500-V-Bucks CM,18025,CM,Cameroon,USD,False,FIXED,,,0.0,Gaming
Fortnite,Fortnite (Standard Edition) 13500-V-Bucks CA,18026,CA,Canada,USD,False,FIXED,,,0.0,Gaming
Fortnite,Fortnite (Standard Edition) 13500-V-Bucks CV,18027,CV,Cape Verde,USD,False,FIXED,,,0.0,Gaming
Fortnite,Fortnite (Standard Edition) 13500-V-Bucks KY,18028,KY,Cayman Islands,USD,False,FIXED,,,0.0,Gaming
Fortnite,Fortnite (Standard Edition) 13500-V-Bucks CF,18029,CF,Central African Republic,USD,False,FIXED,,,0.0,Gaming
Fortnite,Fortnite (Standard Edition) 13500-V-Bucks CL,18030,CL,Chile,USD,False,FIXED,,,0.0,Gaming
Fortnite,Fortnite (Standard Edition) 13500-V-Bucks CN,18031,CN,China,USD,False,FIXED,,,0.0,Gaming
Fortnite,Fortnite (Standard Edition) 13500-V-Bucks CG,18033,CG,Congo,USD,False,FIXED,,,0.0,Gaming
Fortnite,Fortnite (Standard Edition) 13500-V-Bucks CR,18034,CR,Costa Rica,USD,False,FIXED,,,0.0,Gaming
Fortnite,Fortnite (Standard Edition) 13500-V-Bucks CI,18035,CI,Côte d'Ivoire,USD,False,FIXED,,,0.0,Gaming
Fortnite,Fortnite (Standard Edition) 13500-V-Bucks CU,18036,CU,Cuba,USD,False,FIXED,,,0.0,Gaming
Fortnite,Fortnite (Standard Edition) 13500-V-Bucks CY,18037,CY,Cyprus,USD,False,FIXED,,,0.0,Gaming
Fortnite,Fortnite (Standard Edition) 13500-V-Bucks DM,18038,DM,Dominica,USD,False,FIXED,,,0.0,Gaming
Fortnite,Fortnite (Standard Edition) 13500-V-Bucks DO,18039,DO,Dominican Republic,USD,False,FIXED,,,0.0,Gaming
Fortnite,Fortnite (Standard Edition) 13500-V-Bucks EC,18040,EC,Ecuador,USD,False,FIXED,,,0.0,Gaming
Fortnite,Fortnite (Standard Edition) 13500-V-Bucks EG,18041,EG,Egypt,USD,False,FIXED,,,0.0,Gaming
Fortnite,Fortnite (Standard Edition) 13500-V-Bucks SV,18042,SV,El Salvador,USD,False,FIXED,,,0.0,Gaming
Fortnite,Fortnite (Standard Edition) 13500-V-Bucks ET,18043,ET,Ethiopia,USD,False,FIXED,,,0.0,Gaming
Fortnite,Fortnite (Standard Edition) 13500-V-Bucks FJ,18044,FJ,Fiji,USD,False,FIXED,,,0.0,Gaming
Fortnite,Fortnite (Standard Edition) 13500-V-Bucks FR,18045,FR,France,USD,False,FIXED,,,0.0,Gaming
Fortnite,Fortnite (Standard Edition) 13500-V-Bucks GM,18046,GM,Gambia,USD,False,FIXED,,,0.0,Gaming
Fortnite,Fortnite (Standard Edition) 13500-V-Bucks GE,18047,GE,Georgia,USD,False,FIXED,,,0.0,Gaming
Fortnite,Fortnite (Standard Edition) 13500-V-Bucks DE,18048,DE,Germany,USD,False,FIXED,,,0.0,Gaming
Fortnite,Fortnite (Standard Edition) 13500-V-Bucks GH,18049,GH,Ghana,USD,False,FIXED,,,0.0,Gaming
Fortnite,Fortnite (Standard Edition) 13500-V-Bucks GD,18050,GD,Grenada,USD,False,FIXED,,,0.0,Gaming
Fortnite,Fortnite (Standard Edition) 13500-V-Bucks GT,18051,GT,Guatemala,USD,False,FIXED,,,0.0,Gaming
Fortnite,Fortnite (Standard Edition) 13500-V-Bucks GN,18052,GN,Guinea Conakry,USD,False,FIXED,,,0.0,Gaming
Fortnite,Fortnite (Standard Edition) 13500-V-Bucks GW,18053,GW,Guinea-Bissau,USD,False,FIXED,,,0.0,Gaming
Fortnite,Fortnite (Standard Edition) 13500-V-Bucks GY,18054,GY,Guyana,USD,False,FIXED,,,0.0,Gaming
Fortnite,Fortnite (Standard Edition) 13500-V-Bucks HT,18055,HT,Haiti,USD,False,FIXED,,,0.0,Gaming
Fortnite,Fortnite (Standard Edition) 13500-V-Bucks HN,18056,HN,Honduras,USD,False,FIXED,,,0.0,Gaming
Fortnite,Fortnite (Standard Edition) 13500-V-Bucks IN,18057,IN,India,USD,False,FIXED,,,0.0,Gaming
Fortnite,Fortnite (Standard Edition) 13500-V-Bucks ID,18058,ID,Indonesia,USD,False,FIXED,,,0.0,Gaming
Fortnite,Fortnite (Standard Edition) 13500-V-Bucks IQ,18059,IQ,Iraq,USD,False,FIXED,,,0.0,Gaming
Fortnite,Fortnite (Standard Edition) 13500-V-Bucks IT,18060,IT,Italy,USD,False,FIXED,,,0.0,Gaming
Fortnite,Fortnite (Standard Edition) 13500-V-Bucks JM,18061,JM,Jamaica,USD,False,FIXED,,,0.0,Gaming
Fortnite,Fortnite (Standard Edition) 13500-V-Bucks JO,18062,JO,Jordan,USD,False,FIXED,,,0.0,Gaming
Fortnite,Fortnite (Standard Edition) 13500-V-Bucks KZ,18063,KZ,Kazakhstan,USD,False,FIXED,,,0.0,Gaming
Fortnite,Fortnite (Standard Edition) 13500-V-Bucks KE,18064,KE,Kenya,USD,False,FIXED,,,0.0,Gaming
Fortnite,Fortnite (Standard Edition) 13500-V-Bucks KW,18065,KW,Kuwait,USD,False,FIXED,,,0.0,Gaming
Fortnite,Fortnite (Standard Edition) 13500-V-Bucks KG,18066,KG,Kyrgyzstan,USD,False,FIXED,,,0.0,Gaming
Fortnite,Fortnite (Standard Edition) 13500-V-Bucks LA,18067,LA,Laos,USD,False,FIXED,,,0.0,Gaming
Fortnite,Fortnite (Standard Edition) 13500-V-Bucks LB,18068,LB,Lebanon,USD,False,FIXED,,,0.0,Gaming
Fortnite,Fortnite (Standard Edition) 13500-V-Bucks LR,18069,LR,Liberia,USD,False,FIXED,,,0.0,Gaming
Fortnite,Fortnite (Standard Edition) 13500-V-Bucks MK,18070,MK,Macedonia,USD,False,FIXED,,,0.0,Gaming
Fortnite,Fortnite (Standard Edition) 13500-V-Bucks MG,18071,MG,Madagascar,USD,False,FIXED,,,0.0,Gaming
Fortnite,Fortnite (Standard Edition) 13500-V-Bucks MW,18072,MW,Malawi,USD,False,FIXED,,,0.0,Gaming
Fortnite,Fortnite (Standard Edition) 13500-V-Bucks MY,18073,MY,Malaysia,USD,False,FIXED,,,0.0,Gaming
Fortnite,Fortnite (Standard Edition) 13500-V-Bucks ML,18074,ML,Mali,USD,False,FIXED,,,0.0,Gaming
Fortnite,Fortnite (Standard Edition) 13500-V-Bucks MQ,18075,MQ,Martinique,USD,False,FIXED,,,0.0,Gaming
Fortnite,Fortnite (Standard Edition) 13500-V-Bucks MX,18076,MX,Mexico,USD,False,FIXED,,,0.0,Gaming
Fortnite,Fortnite (Standard Edition) 13500-V-Bucks MD,18077,MD,Moldova,USD,False,FIXED,,,0.0,Gaming
Fortnite,Fortnite (Standard Edition) 13500-V-Bucks MA,18078,MA,Morocco,USD,False,FIXED,,,0.0,Gaming
Fortnite,Fortnite (Standard Edition) 13500-V-Bucks MZ,18079,MZ,Mozambique,USD,False,FIXED,,,0.0,Gaming
Fortnite,Fortnite (Standard Edition) 13500-V-Bucks MM,18080,MM,Myanmar,USD,False,FIXED,,,0.0,Gaming
Fortnite,Fortnite (Standard Edition) 13500-V-Bucks NA,18081,NA,Namibia,USD,False,FIXED,,,0.0,Gaming
Fortnite,Fortnite (Standard Edition) 13500-V-Bucks NR,18082,NR,Nauru,USD,False,FIXED,,,0.0,Gaming
Fortnite,Fortnite (Standard Edition) 13500-V-Bucks NP,18083,NP,Nepal,USD,False,FIXED,,,0.0,Gaming
Fortnite,Fortnite (Standard Edition) 13500-V-Bucks NL,18084,NL,Netherlands,USD,False,FIXED,,,0.0,Gaming
Fortnite,Fortnite (Standard Edition) 13500-V-Bucks AN,18085,AN,Netherlands Antilles,USD,False,FIXED,,,0.0,Gaming
Fortnite,Fortnite (Standard Edition) 13500-V-Bucks NI,18086,NI,Nicaragua,USD,False,FIXED,,,0.0,Gaming
Fortnite,Fortnite (Standard Edition) 13500-V-Bucks NE,18087,NE,Niger,USD,False,FIXED,,,0.0,Gaming
Fortnite,Fortnite (Standard Edition) 13500-V-Bucks NG,18088,NG,Nigeria,USD,False,FIXED,,,0.0,Gaming
Fortnite,Fortnite (Standard Edition) 13500-V-Bucks OM,18089,OM,Oman,USD,False,FIXED,,,0.0,Gaming
Fortnite,Fortnite (Standard Edition) 13500-V-Bucks PK,18090,PK,Pakistan,USD,False,FIXED,,,0.0,Gaming
Fortnite,Fortnite (Standard Edition) 13500-V-Bucks PS,18091,PS,Palestine,USD,False,FIXED,,,0.0,Gaming
Fortnite,Fortnite (Standard Edition) 13500-V-Bucks PA,18092,PA,Panama,USD,False,FIXED,,,0.0,Gaming
Fortnite,Fortnite (Standard Edition) 13500-V-Bucks PG,18093,PG,Papua New Guinea,USD,False,FIXED,,,0.0,Gaming
Fortnite,Fortnite (Standard Edition) 13500-V-Bucks PY,18094,PY,Paraguay,USD,False,FIXED,,,0.0,Gaming
Fortnite,Fortnite (Standard Edition) 13500-V-Bucks PE,18095,PE,Peru,USD,False,FIXED,,,0.0,Gaming
Fortnite,Fortnite (Standard Edition) 13500-V-Bucks PH,18096,PH,Philippines,USD,False,FIXED,,,0.0,Gaming
Fortnite,Fortnite (Standard Edition) 13500-V-Bucks PL,18097,PL,Poland,USD,False,FIXED,,,0.0,Gaming
Fortnite,Fortnite (Standard Edition) 13500-V-Bucks PT,18098,PT,Portugal,USD,False,FIXED,,,0.0,Gaming
Fortnite,Fortnite (Standard Edition) 13500-V-Bucks PR,18099,PR,Puerto Rico,USD,False,FIXED,,,0.0,Gaming
Fortnite,Fortnite (Standard Edition) 13500-V-Bucks QA,18100,QA,Qatar,USD,False,FIXED,,,0.0,Gaming
Fortnite,Fortnite (Standard Edition) 13500-V-Bucks RO,18101,RO,Romania,USD,False,FIXED,,,0.0,Gaming
Fortnite,Fortnite (Standard Edition) 13500-V-Bucks RU,18102,RU,Russia,USD,False,FIXED,,,0.0,Gaming
Fortnite,Fortnite (Standard Edition) 13500-V-Bucks RW,18103,RW,Rwanda,USD,False,FIXED,,,0.0,Gaming
Fortnite,Fortnite (Standard Edition) 13500-V-Bucks KN,18104,KN,Saint Kitts And Nevis,USD,False,FIXED,,,0.0,Gaming
Fortnite,Fortnite (Standard Edition) 13500-V-Bucks LC,18105,LC,Saint Lucia,USD,False,FIXED,,,0.0,Gaming
Fortnite,Fortnite (Standard Edition) 13500-V-Bucks VC,18106,VC,Saint Vincent And The Grenadines,USD,False,FIXED,,,0.0,Gaming
Fortnite,Fortnite (Standard Edition) 13500-V-Bucks WS,18107,WS,Samoa,USD,False,FIXED,,,0.0,Gaming
Fortnite,Fortnite (Standard Edition) 13500-V-Bucks SA,18108,SA,Saudi Arabia,USD,False,FIXED,,,0.0,Gaming
Fortnite,Fortnite (Standard Edition) 13500-V-Bucks SN,18109,SN,Senegal,USD,False,FIXED,,,0.0,Gaming
Fortnite,Fortnite (Standard Edition) 13500-V-Bucks SL,18110,SL,Sierra Leone,USD,False,FIXED,,,0.0,Gaming
Fortnite,Fortnite (Standard Edition) 13500-V-Bucks SG,18111,SG,Singapore,USD,False,FIXED,,,0.0,Gaming
Fortnite,Fortnite (Standard Edition) 13500-V-Bucks ZA,18112,ZA,South Africa,USD,False,FIXED,,,0.0,Gaming
Crypto Giftcard,Crypto Giftcard NG,18721,NG,Nigeria,USD,False,FIXED,,,0.0,Crypto
Crypto Giftcard,Crypto Giftcard PH,18722,PH,Philippines,USD,False,FIXED,,,0.0,Crypto
Crypto Giftcard,Crypto Giftcard SA,18723,SA,Saudi Arabia,USD,False,FIXED,,,0.0,Crypto
Crypto Giftcard,Crypto Giftcard ES,18724,ES,Spain,USD,False,FIXED,,,0.0,Crypto
Crypto Giftcard,Crypto Giftcard SE,18725,SE,Sweden,USD,False,FIXED,,,0.0,Crypto
Crypto Giftcard,Crypto Giftcard TH,18726,TH,Thailand,USD,False,FIXED,,,0.0,Crypto
Crypto Giftcard,Crypto Giftcard TR,18727,TR,Turkey,USD,False,FIXED,,,0.0,Crypto
Crypto Giftcard,Crypto Giftcard AE,18728,AE,United Arab Emirates,USD,False,FIXED,,,0.0,Crypto
Crypto Giftcard,Crypto Giftcard GB,18729,GB,United Kingdom,USD,False,FIXED,,,0.0,Crypto
Crypto Giftcard,Crypto Giftcard US,18730,US,United States,USD,False,FIXED,,,0.0,Crypto
Anacapri,Anacapri BR,18751,BR,Brazil,BRL,False,RANGE,100.0,491.42,0.0,Shopping
Zinzane,Zinzane BR,18755,BR,Brazil,BRL,False,RANGE,50.0,491.42,0.0,Shopping
Zift Card,Zift Card BR,18756,BR,Brazil,BRL,False,RANGE,10.0,491.42,0.0,Shopping
Xbox,Xbox Game-Pass Ultimate BR,18758,BR,Brazil,BRL,False,RANGE,49.99,149.99,0.0,Gaming
Xbox,Xbox Game Pass Core BR,18759,BR,Brazil,BRL,False,FIXED,,,0.0,Gaming
Xbox,XBox Game Pass BR,18760,BR,Brazil,BRL,False,FIXED,,,0.0,Gaming
Applebee's,Applebee's BR,18762,BR,Brazil,BRL,False,RANGE,25.0,300.0,0.0,Shopping
Aramis,Aramis BR,18763,BR,Brazil,BRL,False,RANGE,50.0,491.42,0.0,Shopping
Xbox,XBox Credits BR,18764,BR,Brazil,BRL,False,FIXED,,,0.0,Gaming
Arezzo,Arezzo BR,18765,BR,Brazil,BRL,False,RANGE,100.0,491.42,0.0,Shopping
Vans,Vans BR,18766,BR,Brazil,BRL,False,RANGE,100.0,491.42,0.0,Shopping
TNG,TNG BR,18767,BR,Brazil,BRL,False,RANGE,50.0,491.42,0.0,Shopping
Tip Top,Tip Top BR,18768,BR,Brazil,BRL,False,RANGE,50.0,300.0,0.0,Shopping
Spirito Santo,Spirito Santo BR,18769,BR,Brazil,BRL,False,RANGE,50.0,491.42,0.0,Shopping
Shopee,Shopee BR,18770,BR,Brazil,BRL,False,FIXED,,,0.0,Shopping
Bitfy,Bitfy BR,18771,BR,Brazil,BRL,False,RANGE,100.0,491.42,0.0,Shopping
Braz Pizzaria,Braz Pizzaria BR,18772,BR,Brazil,BRL,False,RANGE,50.0,491.42,0.0,Shopping
Buser,Buser BR,18773,BR,Brazil,BRL,False,FIXED,,,0.0,Shopping
Camarada Camarão,Camarada Camarão BR,18774,BR,Brazil,BRL,False,RANGE,50.0,491.42,0.0,Shopping
Carrefour,Carrefour BR,18775,BR,Brazil,BRL,False,FIXED,,,0.0,Shopping
Corello,Corello BR,18776,BR,Brazil,BRL,False,RANGE,30.0,491.42,0.0,Shopping
Decathlon,Decathlon BR,18777,BR,Brazil,BRL,False,FIXED,,,0.0,Shopping
DGO,DGO BR,18778,BR,Brazil,BRL,False,FIXED,,,0.0,Shopping
Dufry,Dufry BR,18779,BR,Brazil,BRL,False,RANGE,50.0,491.42,0.0,Shopping
Schutz,Schutz BR,18780,BR,Brazil,BRL,False,RANGE,100.0,491.42,0.0,Shopping
Corte Inglés,Corte Inglés ES,20299,ES,Spain,EUR,False,FIXED,,,0.0,Shopping
Decathlon,Decathlon Spain,19152,ES,Spain,EUR,False,FIXED,,,0.0,Shopping
Paypal,Paypal US,18747,US,United States,USD,False,RANGE,1.0,100.0,0.0,Payment Cards
Tesco,Tesco Ireland,19453,IE,Ireland,EUR,False,RANGE,1.0,88.61,0.0,Shopping
Lulumelon,Lululemon US,18734,US,United States,USD,False,RANGE,25.0,100.0,0.0,Shopping
Asda,Asda UK,19361,GB,United Kingdom,GBP,False,RANGE,1.0,76.64,0.0,Shopping
Decathlon,Decathlon (European Union),19203,FR,France,EUR,False,FIXED,,,0.0,Shopping
Tinder,Tinder BR,18738,BR,Brazil,BRL,False,FIXED,,,0.0,Entertainment
IKEA,IKEA France,19274,FR,France,EUR,False,FIXED,,,0.0,Shopping
Roblox,Roblox HK,19406,HK,Hong Kong,HKD,False,RANGE,50.0,783.15,0.0,Gaming
Matalan,Matalan UK,19312,GB,United Kingdom,GBP,False,RANGE,1.0,76.64,0.0,Shopping
PUBG,PUBG New State (Global) US,19382,AF,Afghanistan,USD,True,FIXED,,,0.0,Gaming
PUBG,PUBG New State (Global) US,19382,AL,Albania,USD,True,FIXED,,,0.0,Gaming
PUBG,PUBG New State (Global) US,19382,DZ,Algeria,USD,True,FIXED,,,0.0,Gaming
PUBG,PUBG New State (Global) US,19382,AS,American Samoa,USD,True,FIXED,,,0.0,Gaming
PUBG,PUBG New State (Global) US,19382,AO,Angola,USD,True,FIXED,,,0.0,Gaming
PUBG,PUBG New State (Global) US,19382,AI,Anguilla,USD,True,FIXED,,,0.0,Gaming
PUBG,PUBG New State (Global) US,19382,AG,Antigua and Barbuda,USD,True,FIXED,,,0.0,Gaming
PUBG,PUBG New State (Global) US,19382,AR,Argentina,USD,True,FIXED,,,0.0,Gaming
PUBG,PUBG New State (Global) US,19382,AM,Armenia,USD,True,FIXED,,,0.0,Gaming
PUBG,PUBG New State (Global) US,19382,AW,Aruba,USD,True,FIXED,,,0.0,Gaming
PUBG,PUBG New State (Global) US,19382,BS,Bahamas,USD,True,FIXED,,,0.0,Gaming
PUBG,PUBG New State (Global) US,19382,BH,Bahrain,USD,True,FIXED,,,0.0,Gaming
PUBG,PUBG New State (Global) US,19382,BD,Bangladesh,USD,True,FIXED,,,0.0,Gaming
PUBG,PUBG New State (Global) US,19382,BB,Barbados,USD,True,FIXED,,,0.0,Gaming
PUBG,PUBG New State (Global) US,19382,BZ,Belize,USD,True,FIXED,,,0.0,Gaming
PUBG,PUBG New State (Global) US,19382,BJ,Benin,USD,True,FIXED,,,0.0,Gaming
PUBG,PUBG New State (Global) US,19382,BM,Bermuda,USD,True,FIXED,,,0.0,Gaming
PUBG,PUBG New State (Global) US,19382,BO,Bolivia,USD,True,FIXED,,,0.0,Gaming
PUBG,PUBG New State (Global) US,19382,BW,Botswana,USD,True,FIXED,,,0.0,Gaming
PUBG,PUBG New State (Global) US,19382,BR,Brazil,USD,True,FIXED,,,0.0,Gaming
PUBG,PUBG New State (Global) US,19382,VG,British Virgin Islands,USD,True,FIXED,,,0.0,Gaming
PUBG,PUBG New State (Global) US,19382,BF,Burkina Faso,USD,True,FIXED,,,0.0,Gaming
PUBG,PUBG New State (Global) US,19382,BI,Burundi,USD,True,FIXED,,,0.0,Gaming
PUBG,PUBG New State (Global) US,19382,KH,Cambodia,USD,True,FIXED,,,0.0,Gaming
PUBG,PUBG New State (Global) US,19382,CM,Cameroon,USD,True,FIXED,,,0.0,Gaming
PUBG,PUBG New State (Global) US,19382,CA,Canada,USD,True,FIXED,,,0.0,Gaming
PUBG,PUBG New State (Global) US,19382,CV,Cape Verde,USD,True,FIXED,,,0.0,Gaming
PUBG,PUBG New State (Global) US,19382,KY,Cayman Islands,USD,True,FIXED,,,0.0,Gaming
PUBG,PUBG New State (Global) US,19382,CF,Central African Republic,USD,True,FIXED,,,0.0,Gaming
PUBG,PUBG New State (Global) US,19382,CL,Chile,USD,True,FIXED,,,0.0,Gaming
PUBG,PUBG New State (Global) US,19382,CN,China,USD,True,FIXED,,,0.0,Gaming
PUBG,PUBG New State (Global) US,19382,CO,Colombia,USD,True,FIXED,,,0.0,Gaming
PUBG,PUBG New State (Global) US,19382,CG,Congo,USD,True,FIXED,,,0.0,Gaming
PUBG,PUBG New State (Global) US,19382,CR,Costa Rica,USD,True,FIXED,,,0.0,Gaming
PUBG,PUBG New State (Global) US,19382,CI,Côte d'Ivoire,USD,True,FIXED,,,0.0,Gaming
PUBG,PUBG New State (Global) US,19382,CU,Cuba,USD,True,FIXED,,,0.0,Gaming
PUBG,PUBG New State (Global) US,19382,CY,Cyprus,USD,True,FIXED,,,0.0,Gaming
PUBG,PUBG New State (Global) US,19382,DM,Dominica,USD,True,FIXED,,,0.0,Gaming
PUBG,PUBG New State (Global) US,19382,DO,Dominican Republic,USD,True,FIXED,,,0.0,Gaming
PUBG,PUBG New State (Global) US,19382,EC,Ecuador,USD,True,FIXED,,,0.0,Gaming
PUBG,PUBG New State (Global) US,19382,EG,Egypt,USD,True,FIXED,,,0.0,Gaming
PUBG,PUBG New State (Global) US,19382,SV,El Salvador,USD,True,FIXED,,,0.0,Gaming
PUBG,PUBG New State (Global) US,19382,ET,Ethiopia,USD,True,FIXED,,,0.0,Gaming
PUBG,PUBG New State (Global) US,19382,FJ,Fiji,USD,True,FIXED,,,0.0,Gaming
PUBG,PUBG New State (Global) US,19382,FR,France,USD,True,FIXED,,,0.0,Gaming
PUBG,PUBG New State (Global) US,19382,GM,Gambia,USD,True,FIXED,,,0.0,Gaming
PUBG,PUBG New State (Global) US,19382,GE,Georgia,USD,True,FIXED,,,0.0,Gaming
PUBG,PUBG New State (Global) US,19382,DE,Germany,USD,True,FIXED,,,0.0,Gaming
PUBG,PUBG New State (Global) US,19382,GH,Ghana,USD,True,FIXED,,,0.0,Gaming
PUBG,PUBG New State (Global) US,19382,GD,Grenada,USD,True,FIXED,,,0.0,Gaming
PUBG,PUBG New State (Global) US,19382,GT,Guatemala,USD,True,FIXED,,,0.0,Gaming
PUBG,PUBG New State (Global) US,19382,GN,Guinea Conakry,USD,True,FIXED,,,0.0,Gaming
PUBG,PUBG New State (Global) US,19382,GW,Guinea-Bissau,USD,True,FIXED,,,0.0,Gaming
PUBG,PUBG New State (Global) US,19382,GY,Guyana,USD,True,FIXED,,,0.0,Gaming
PUBG,PUBG New State (Global) US,19382,HT,Haiti,USD,True,FIXED,,,0.0,Gaming
PUBG,PUBG New State (Global) US,19382,HN,Honduras,USD,True,FIXED,,,0.0,Gaming
PUBG,PUBG New State (Global) US,19382,IN,India,USD,True,FIXED,,,0.0,Gaming
PUBG,PUBG New State (Global) US,19382,ID,Indonesia,USD,True,FIXED,,,0.0,Gaming
PUBG,PUBG New State (Global) US,19382,IQ,Iraq,USD,True,FIXED,,,0.0,Gaming
PUBG,PUBG New State (Global) US,19382,IT,Italy,USD,True,FIXED,,,0.0,Gaming
PUBG,PUBG New State (Global) US,19382,JM,Jamaica,USD,True,FIXED,,,0.0,Gaming
PUBG,PUBG New State (Global) US,19382,JO,Jordan,USD,True,FIXED,,,0.0,Gaming
PUBG,PUBG New State (Global) US,19382,KZ,Kazakhstan,USD,True,FIXED,,,0.0,Gaming
PUBG,PUBG New State (Global) US,19382,KE,Kenya,USD,True,FIXED,,,0.0,Gaming
PUBG,PUBG New State (Global) US,19382,KW,Kuwait,USD,True,FIXED,,,0.0,Gaming
PUBG,PUBG New State (Global) US,19382,KG,Kyrgyzstan,USD,True,FIXED,,,0.0,Gaming
PUBG,PUBG New State (Global) US,19382,LA,Laos,USD,True,FIXED,,,0.0,Gaming
PUBG,PUBG New State (Global) US,19382,LB,Lebanon,USD,True,FIXED,,,0.0,Gaming
PUBG,PUBG New State (Global) US,19382,LR,Liberia,USD,True,FIXED,,,0.0,Gaming
PUBG,PUBG New State (Global) US,19382,MK,Macedonia,USD,True,FIXED,,,0.0,Gaming
PUBG,PUBG New State (Global) US,19382,MG,Madagascar,USD,True,FIXED,,,0.0,Gaming
PUBG,PUBG New State (Global) US,19382,MW,Malawi,USD,True,FIXED,,,0.0,Gaming
PUBG,PUBG New State (Global) US,19382,MY,Malaysia,USD,True,FIXED,,,0.0,Gaming
PUBG,PUBG New State (Global) US,19382,ML,Mali,USD,True,FIXED,,,0.0,Gaming
PUBG,PUBG New State (Global) US,19382,MQ,Martinique,USD,True,FIXED,,,0.0,Gaming
PUBG,PUBG New State (Global) US,19382,MX,Mexico,USD,True,FIXED,,,0.0,Gaming
PUBG,PUBG New State (Global) US,19382,MD,Moldova,USD,True,FIXED,,,0.0,Gaming
PUBG,PUBG New State (Global) US,19382,MA,Morocco,USD,True,FIXED,,,0.0,Gaming
PUBG,PUBG New State (Global) US,19382,MZ,Mozambique,USD,True,FIXED,,,0.0,Gaming
PUBG,PUBG New State (Global) US,19382,MM,Myanmar,USD,True,FIXED,,,0.0,Gaming
PUBG,PUBG New State (Global) US,19382,NA,Namibia,USD,True,FIXED,,,0.0,Gaming
PUBG,PUBG New State (Global) US,19382,NR,Nauru,USD,True,FIXED,,,0.0,Gaming
PUBG,PUBG New State (Global) US,19382,NP,Nepal,USD,True,FIXED,,,0.0,Gaming
PUBG,PUBG New State (Global) US,19382,NL,Netherlands,USD,True,FIXED,,,0.0,Gaming
PUBG,PUBG New State (Global) US,19382,AN,Netherlands Antilles,USD,True,FIXED,,,0.0,Gaming
PUBG,PUBG New State (Global) US,19382,NI,Nicaragua,USD,True,FIXED,,,0.0,Gaming
PUBG,PUBG New State (Global) US,19382,NE,Niger,USD,True,FIXED,,,0.0,Gaming
PUBG,PUBG New State (Global) US,19382,NG,Nigeria,USD,True,FIXED,,,0.0,Gaming
PUBG,PUBG New State (Global) US,19382,OM,Oman,USD,True,FIXED,,,0.0,Gaming
PUBG,PUBG New State (Global) US,19382,PK,Pakistan,USD,True,FIXED,,,0.0,Gaming
PUBG,PUBG New State (Global) US,19382,PS,Palestine,USD,True,FIXED,,,0.0,Gaming
PUBG,PUBG New State (Global) US,19382,PA,Panama,USD,True,FIXED,,,0.0,Gaming
PUBG,PUBG New State (Global) US,19382,PG,Papua New Guinea,USD,True,FIXED,,,0.0,Gaming
PUBG,PUBG New State (Global) US,19382,PY,Paraguay,USD,True,FIXED,,,0.0,Gaming
PUBG,PUBG New State (Global) US,19382,PE,Peru,USD,True,FIXED,,,0.0,Gaming
PUBG,PUBG New State (Global) US,19382,PH,Philippines,USD,True,FIXED,,,0.0,Gaming
PUBG,PUBG New State (Global) US,19382,PL,Poland,USD,True,FIXED,,,0.0,Gaming
PUBG,PUBG New State (Global) US,19382,PT,Portugal,USD,True,FIXED,,,0.0,Gaming
PUBG,PUBG New State (Global) US,19382,PR,Puerto Rico,USD,True,FIXED,,,0.0,Gaming
PUBG,PUBG New State (Global) US,19382,QA,Qatar,USD,True,FIXED,,,0.0,Gaming
PUBG,PUBG New State (Global) US,19382,RO,Romania,USD,True,FIXED,,,0.0,Gaming
PUBG,PUBG New State (Global) US,19382,RU,Russia,USD,True,FIXED,,,0.0,Gaming
PUBG,PUBG New State (Global) US,19382,RW,Rwanda,USD,True,FIXED,,,0.0,Gaming
PUBG,PUBG New State (Global) US,19382,KN,Saint Kitts And Nevis,USD,True,FIXED,,,0.0,Gaming
PUBG,PUBG New State (Global) US,19382,LC,Saint Lucia,USD,True,FIXED,,,0.0,Gaming
PUBG,PUBG New State (Global) US,19382,VC,Saint Vincent And The Grenadines,USD,True,FIXED,,,0.0,Gaming
PUBG,PUBG New State (Global) US,19382,WS,Samoa,USD,True,FIXED,,,0.0,Gaming
PUBG,PUBG New State (Global) US,19382,SA,Saudi Arabia,USD,True,FIXED,,,0.0,Gaming
PUBG,PUBG New State (Global) US,19382,SN,Senegal,USD,True,FIXED,,,0.0,Gaming
PUBG,PUBG New State (Global) US,19382,SL,Sierra Leone,USD,True,FIXED,,,0.0,Gaming
PUBG,PUBG New State (Global) US,19382,SG,Singapore,USD,True,FIXED,,,0.0,Gaming
PUBG,PUBG New State (Global) US,19382,ZA,South Africa,USD,True,FIXED,,,0.0,Gaming
PUBG,PUBG New State (Global) US,19382,ES,Spain,USD,True,FIXED,,,0.0,Gaming
PUBG,PUBG New State (Global) US,19382,LK,Sri Lanka,USD,True,FIXED,,,0.0,Gaming
PUBG,PUBG New State (Global) US,19382,SR,Suriname,USD,True,FIXED,,,0.0,Gaming
PUBG,PUBG New State (Global) US,19382,SZ,Eswatini,USD,True,FIXED,,,0.0,Gaming
PUBG,PUBG New State (Global) US,19382,TJ,Tajikistan,USD,True,FIXED,,,0.0,Gaming
PUBG,PUBG New State (Global) US,19382,TZ,Tanzania,USD,True,FIXED,,,0.0,Gaming
PUBG,PUBG New State (Global) US,19382,TH,Thailand,USD,True,FIXED,,,0.0,Gaming
PUBG,PUBG New State (Global) US,19382,CD,The Democratic Republic Of Congo,USD,True,FIXED,,,0.0,Gaming
PUBG,PUBG New State (Global) US,19382,TG,Togo,USD,True,FIXED,,,0.0,Gaming
PUBG,PUBG New State (Global) US,19382,TO,Tonga,USD,True,FIXED,,,0.0,Gaming
PUBG,PUBG New State (Global) US,19382,TT,Trinidad and Tobago,USD,True,FIXED,,,0.0,Gaming
PUBG,PUBG New State (Global) US,19382,TN,Tunisia,USD,True,FIXED,,,0.0,Gaming
PUBG,PUBG New State (Global) US,19382,TR,Turkey,USD,True,FIXED,,,0.0,Gaming
PUBG,PUBG New State (Global) US,19382,TC,Turks And Caicos Islands,USD,True,FIXED,,,0.0,Gaming
PUBG,PUBG New State (Global) US,19382,UG,Uganda,USD,True,FIXED,,,0.0,Gaming
PUBG,PUBG New State (Global) US,19382,UA,Ukraine,USD,True,FIXED,,,0.0,Gaming
PUBG,PUBG New State (Global) US,19382,AE,United Arab Emirates,USD,True,FIXED,,,0.0,Gaming
PUBG,PUBG New State (Global) US,19382,GB,United Kingdom,USD,True,FIXED,,,0.0,Gaming
PUBG,PUBG New State (Global) US,19382,US,United States,USD,True,FIXED,,,0.0,Gaming
PUBG,PUBG New State (Global) US,19382,UY,Uruguay,USD,True,FIXED,,,0.0,Gaming
PUBG,PUBG New State (Global) US,19382,UZ,Uzbekistan,USD,True,FIXED,,,0.0,Gaming
PUBG,PUBG New State (Global) US,19382,VU,Vanuatu,USD,True,FIXED,,,0.0,Gaming
PUBG,PUBG New State (Global) US,19382,VN,Vietnam,USD,True,FIXED,,,0.0,Gaming
PUBG,PUBG New State (Global) US,19382,YE,Yemen,USD,True,FIXED,,,0.0,Gaming
PUBG,PUBG New State (Global) US,19382,ZM,Zambia,USD,True,FIXED,,,0.0,Gaming
PUBG,PUBG New State (Global) US,19382,ZW,Zimbabwe,USD,True,FIXED,,,0.0,Gaming
PUBG,PUBG New State (Global) US,19382,VE,Venezuela,USD,True,FIXED,,,0.0,Gaming
PUBG,PUBG New State (Global) US,19382,GR,Greece,USD,True,FIXED,,,0.0,Gaming
PUBG,PUBG New State (Global) US,19382,SO,Somalia,USD,True,FIXED,,,0.0,Gaming
PUBG,PUBG New State (Global) US,19382,BY,Belarus,USD,True,FIXED,,,0.0,Gaming
PUBG,PUBG New State (Global) US,19382,KM,Comoros,USD,True,FIXED,,,0.0,Gaming
PUBG,PUBG New State (Global) US,19382,MR,Mauritania,USD,True,FIXED,,,0.0,Gaming
PUBG,PUBG New State (Global) US,19382,BE,Belgium,USD,True,FIXED,,,0.0,Gaming
PUBG,PUBG New State (Global) US,19382,MS,Montserrat,USD,True,FIXED,,,0.0,Gaming
PUBG,PUBG New State (Global) US,19382,KR,South Korea,USD,True,FIXED,,,0.0,Gaming
PUBG,PUBG New State (Global) US,19382,IE,Ireland,USD,True,FIXED,,,0.0,Gaming
PUBG,PUBG New State (Global) US,19382,FI,Finland,USD,True,FIXED,,,0.0,Gaming
PUBG,PUBG New State (Global) US,19382,AU,Australia,USD,True,FIXED,,,0.0,Gaming
PUBG,PUBG New State (Global) US,19382,AT,Austria,USD,True,FIXED,,,0.0,Gaming
PUBG,PUBG New State (Global) US,19382,JP,Japan,USD,True,FIXED,,,0.0,Gaming
PUBG,PUBG New State (Global) US,19382,HK,Hong Kong,USD,True,FIXED,,,0.0,Gaming
PUBG,PUBG New State (Global) US,19382,TW,Taiwan,USD,True,FIXED,,,0.0,Gaming
PUBG,PUBG New State (Global) US,19382,SE,Sweden,USD,True,FIXED,,,0.0,Gaming
PUBG,PUBG New State (Global) US,19382,BG,Bulgaria,USD,True,FIXED,,,0.0,Gaming
PUBG,PUBG New State (Global) US,19382,CZ,Czech Republic,USD,True,FIXED,,,0.0,Gaming
PUBG,PUBG New State (Global) US,19382,CH,Switzerland,USD,True,FIXED,,,0.0,Gaming
PUBG,PUBG New State (Global) US,19382,DK,Denmark,USD,True,FIXED,,,0.0,Gaming
PUBG,PUBG New State (Global) US,19382,HU,Hungary,USD,True,FIXED,,,0.0,Gaming
PUBG,PUBG New State (Global) US,19382,HR,Croatia,USD,True,FIXED,,,0.0,Gaming
PUBG,PUBG New State (Global) US,19382,LT,Lithuania,USD,True,FIXED,,,0.0,Gaming
PUBG,PUBG New State (Global) US,19382,LU,Luxembourg,USD,True,FIXED,,,0.0,Gaming
PUBG,PUBG New State (Global) US,19382,NO,Norway,USD,True,FIXED,,,0.0,Gaming
PUBG,PUBG New State (Global) US,19382,NZ,New Zealand,USD,True,FIXED,,,0.0,Gaming
PUBG,PUBG New State (Global) US,19382,SI,Slovenia,USD,True,FIXED,,,0.0,Gaming
PUBG,PUBG New State (Global) US,19382,SK,Slovakia,USD,True,FIXED,,,0.0,Gaming
PUBG,PUBG New State (Global) US,19382,LV,Latvia,USD,True,FIXED,,,0.0,Gaming
PUBG,PUBG New State (Global) US,19382,EE,Estonia,USD,True,FIXED,,,0.0,Gaming
Roblox,ROBLOX EU (European Union),19187,FR,France,EUR,False,RANGE,10.0,88.61,0.0,Gaming
Abercrombie & Fitch,Abercrombie & Fitch US,18737,US,United States,USD,False,RANGE,25.0,100.0,2.0,Shopping
Tinder,Tinder Gold & Plus BR,18745,BR,Brazil,BRL,False,FIXED,,,0.0,Entertainment
Zara,Zara Spain,19156,ES,Spain,EUR,False,FIXED,,,0.0,Shopping
Tinder,Tinder Plus & Gold DE,18739,DE,Germany,EUR,False,FIXED,,,0.0,Entertainment
Tinder,Tinder Plus & Gold ES,18740,ES,Spain,EUR,False,FIXED,,,0.0,Entertainment
Tinder,Tinder Plus & Gold FR,18741,FR,France,EUR,False,FIXED,,,0.0,Entertainment
Tinder,Tinder Plus & Gold IE,18742,IE,Ireland,EUR,False,FIXED,,,0.0,Entertainment
Tinder,Tinder Plus & Gold IT,18743,IT,Italy,EUR,False,FIXED,,,0.0,Entertainment
Tinder,Tinder Plus & Gold GB,18744,GB,United Kingdom,GBP,False,FIXED,,,0.0,Entertainment
Fortnite,Fortnite (Standard Edition) 1000-V-Bucks SR,17653,SR,Suriname,USD,False,FIXED,,,0.0,Gaming
Fortnite,Fortnite (Standard Edition) 1000-V-Bucks SZ,17654,SZ,Eswatini,USD,False,FIXED,,,0.0,Gaming
Fortnite,Fortnite (Standard Edition) 1000-V-Bucks TJ,17655,TJ,Tajikistan,USD,False,FIXED,,,0.0,Gaming
Fortnite,Fortnite (Standard Edition) 1000-V-Bucks TZ,17656,TZ,Tanzania,USD,False,FIXED,,,0.0,Gaming
Fortnite,Fortnite (Standard Edition) 1000-V-Bucks TH,17657,TH,Thailand,USD,False,FIXED,,,0.0,Gaming
Fortnite,Fortnite (Standard Edition) 1000-V-Bucks CD,17658,CD,The Democratic Republic Of Congo,USD,False,FIXED,,,0.0,Gaming
Fortnite,Fortnite (Standard Edition) 1000-V-Bucks TG,17659,TG,Togo,USD,False,FIXED,,,0.0,Gaming
Fortnite,Fortnite (Standard Edition) 1000-V-Bucks TO,17660,TO,Tonga,USD,False,FIXED,,,0.0,Gaming
Fortnite,Fortnite (Standard Edition) 1000-V-Bucks TT,17661,TT,Trinidad and Tobago,USD,False,FIXED,,,0.0,Gaming
Fortnite,Fortnite (Standard Edition) 1000-V-Bucks TN,17662,TN,Tunisia,USD,False,FIXED,,,0.0,Gaming
Fortnite,Fortnite (Standard Edition) 1000-V-Bucks TR,17663,TR,Turkey,USD,False,FIXED,,,0.0,Gaming
Fortnite,Fortnite (Standard Edition) 1000-V-Bucks TC,17664,TC,Turks And Caicos Islands,USD,False,FIXED,,,0.0,Gaming
Fortnite,Fortnite (Standard Edition) 1000-V-Bucks UG,17665,UG,Uganda,USD,False,FIXED,,,0.0,Gaming
Fortnite,Fortnite (Standard Edition) 1000-V-Bucks UA,17666,UA,Ukraine,USD,False,FIXED,,,0.0,Gaming
Fortnite,Fortnite (Standard Edition) 1000-V-Bucks AE,17667,AE,United Arab Emirates,USD,False,FIXED,,,0.0,Gaming
Fortnite,Fortnite (Standard Edition) 1000-V-Bucks US,17669,US,United States,USD,False,FIXED,,,0.0,Gaming
Fortnite,Fortnite (Standard Edition) 1000-V-Bucks UY,17670,UY,Uruguay,USD,False,FIXED,,,0.0,Gaming
Fortnite,Fortnite (Standard Edition) 1000-V-Bucks UZ,17671,UZ,Uzbekistan,USD,False,FIXED,,,0.0,Gaming
Fortnite,Fortnite (Standard Edition) 1000-V-Bucks VU,17672,VU,Vanuatu,USD,False,FIXED,,,0.0,Gaming
Fortnite,Fortnite (Standard Edition) 1000-V-Bucks VN,17673,VN,Vietnam,USD,False,FIXED,,,0.0,Gaming
Fortnite,Fortnite (Standard Edition) 1000-V-Bucks YE,17674,YE,Yemen,USD,False,FIXED,,,0.0,Gaming
Fortnite,Fortnite (Standard Edition) 1000-V-Bucks ZM,17675,ZM,Zambia,USD,False,FIXED,,,0.0,Gaming
Fortnite,Fortnite (Standard Edition) 1000-V-Bucks ZW,17676,ZW,Zimbabwe,USD,False,FIXED,,,0.0,Gaming
Fortnite,Fortnite (Standard Edition) 1000-V-Bucks VE,17677,VE,Venezuela,USD,False,FIXED,,,0.0,Gaming
Fortnite,Fortnite (Standard Edition) 1000-V-Bucks GR,17678,GR,Greece,USD,False,FIXED,,,0.0,Gaming
Fortnite,Fortnite (Standard Edition) 1000-V-Bucks SO,17679,SO,Somalia,USD,False,FIXED,,,0.0,Gaming
Fortnite,Fortnite (Standard Edition) 1000-V-Bucks BY,17680,BY,Belarus,USD,False,FIXED,,,0.0,Gaming
Fortnite,Fortnite (Standard Edition) 1000-V-Bucks KM,17681,KM,Comoros,USD,False,FIXED,,,0.0,Gaming
Fortnite,Fortnite (Standard Edition) 1000-V-Bucks MR,17682,MR,Mauritania,USD,False,FIXED,,,0.0,Gaming
Fortnite,Fortnite (Standard Edition) 1000-V-Bucks BE,17683,BE,Belgium,USD,False,FIXED,,,0.0,Gaming
Fortnite,Fortnite (Standard Edition) 1000-V-Bucks MS,17684,MS,Montserrat,USD,False,FIXED,,,0.0,Gaming
Fortnite,Fortnite (Standard Edition) 1000-V-Bucks KR,17685,KR,South Korea,USD,False,FIXED,,,0.0,Gaming
Fortnite,Fortnite (Standard Edition) 1000-V-Bucks IE,17686,IE,Ireland,USD,False,FIXED,,,0.0,Gaming
Fortnite,Fortnite (Standard Edition) 1000-V-Bucks FI,17687,FI,Finland,USD,False,FIXED,,,0.0,Gaming
Fortnite,Fortnite (Standard Edition) 1000-V-Bucks AU,17688,AU,Australia,USD,False,FIXED,,,0.0,Gaming
Fortnite,Fortnite (Standard Edition) 1000-V-Bucks AT,17689,AT,Austria,USD,False,FIXED,,,0.0,Gaming
Fortnite,Fortnite (Standard Edition) 1000-V-Bucks JP,17690,JP,Japan,USD,False,FIXED,,,0.0,Gaming
Fortnite,Fortnite (Standard Edition) 1000-V-Bucks HK,17691,HK,Hong Kong,USD,False,FIXED,,,0.0,Gaming
Fortnite,Fortnite (Standard Edition) 1000-V-Bucks TW,17692,TW,Taiwan,USD,False,FIXED,,,0.0,Gaming
Fortnite,Fortnite (Standard Edition) 2800-V-Bucks AF,17693,AF,Afghanistan,USD,False,FIXED,,,0.0,Gaming
Fortnite,Fortnite (Standard Edition) 2800-V-Bucks AL,17694,AL,Albania,USD,False,FIXED,,,0.0,Gaming
Fortnite,Fortnite (Standard Edition) 2800-V-Bucks DZ,17695,DZ,Algeria,USD,False,FIXED,,,0.0,Gaming
Fortnite,Fortnite (Standard Edition) 2800-V-Bucks AS,17696,AS,American Samoa,USD,False,FIXED,,,0.0,Gaming
Fortnite,Fortnite (Standard Edition) 2800-V-Bucks AO,17697,AO,Angola,USD,False,FIXED,,,0.0,Gaming
Fortnite,Fortnite (Standard Edition) 2800-V-Bucks AI,17698,AI,Anguilla,USD,False,FIXED,,,0.0,Gaming
Fortnite,Fortnite (Standard Edition) 2800-V-Bucks AG,17699,AG,Antigua and Barbuda,USD,False,FIXED,,,0.0,Gaming
Fortnite,Fortnite (Standard Edition) 2800-V-Bucks BD,17705,BD,Bangladesh,USD,False,FIXED,,,0.0,Gaming
Fortnite,Fortnite (Standard Edition) 2800-V-Bucks BB,17706,BB,Barbados,USD,False,FIXED,,,0.0,Gaming
Fortnite,Fortnite (Standard Edition) 2800-V-Bucks BZ,17707,BZ,Belize,USD,False,FIXED,,,0.0,Gaming
Fortnite,Fortnite (Standard Edition) 2800-V-Bucks BJ,17708,BJ,Benin,USD,False,FIXED,,,0.0,Gaming
Fortnite,Fortnite (Standard Edition) 2800-V-Bucks BM,17709,BM,Bermuda,USD,False,FIXED,,,0.0,Gaming
Fortnite,Fortnite (Standard Edition) 2800-V-Bucks CL,17722,CL,Chile,USD,False,FIXED,,,0.0,Gaming
Fortnite,Fortnite (Standard Edition) 2800-V-Bucks CN,17723,CN,China,USD,False,FIXED,,,0.0,Gaming
Fortnite,Fortnite (Standard Edition) 2800-V-Bucks CO,17724,CO,Colombia,USD,False,FIXED,,,0.0,Gaming
Fortnite,Fortnite (Standard Edition) 2800-V-Bucks CG,17725,CG,Congo,USD,False,FIXED,,,0.0,Gaming
Fortnite,Fortnite (Standard Edition) 2800-V-Bucks CR,17726,CR,Costa Rica,USD,False,FIXED,,,0.0,Gaming
Fortnite,Fortnite (Standard Edition) 2800-V-Bucks CI,17727,CI,Côte d'Ivoire,USD,False,FIXED,,,0.0,Gaming
Fortnite,Fortnite (Standard Edition) 2800-V-Bucks CU,17728,CU,Cuba,USD,False,FIXED,,,0.0,Gaming
Fortnite,Fortnite (Standard Edition) 2800-V-Bucks CY,17729,CY,Cyprus,USD,False,FIXED,,,0.0,Gaming
Fortnite,Fortnite (Standard Edition) 2800-V-Bucks DM,17730,DM,Dominica,USD,False,FIXED,,,0.0,Gaming
Fortnite,Fortnite (Standard Edition) 2800-V-Bucks DO,17731,DO,Dominican Republic,USD,False,FIXED,,,0.0,Gaming
Fortnite,Fortnite (Standard Edition) 2800-V-Bucks EC,17732,EC,Ecuador,USD,False,FIXED,,,0.0,Gaming
Fortnite,Fortnite (Standard Edition) 2800-V-Bucks EG,17733,EG,Egypt,USD,False,FIXED,,,0.0,Gaming
Fortnite,Fortnite (Standard Edition) 2800-V-Bucks SV,17734,SV,El Salvador,USD,False,FIXED,,,0.0,Gaming
Fortnite,Fortnite (Standard Edition) 2800-V-Bucks ET,17735,ET,Ethiopia,USD,False,FIXED,,,0.0,Gaming
Fortnite,Fortnite (Standard Edition) 2800-V-Bucks FJ,17736,FJ,Fiji,USD,False,FIXED,,,0.0,Gaming
Fortnite,Fortnite (Standard Edition) 2800-V-Bucks FR,17737,FR,France,USD,False,FIXED,,,0.0,Gaming
Fortnite,Fortnite (Standard Edition) 2800-V-Bucks GM,17738,GM,Gambia,USD,False,FIXED,,,0.0,Gaming
Fortnite,Fortnite (Standard Edition) 2800-V-Bucks GE,17739,GE,Georgia,USD,False,FIXED,,,0.0,Gaming
Fortnite,Fortnite (Standard Edition) 2800-V-Bucks DE,17740,DE,Germany,USD,False,FIXED,,,0.0,Gaming
Fortnite,Fortnite (Standard Edition) 2800-V-Bucks GH,17741,GH,Ghana,USD,False,FIXED,,,0.0,Gaming
Fortnite,Fortnite (Standard Edition) 2800-V-Bucks GD,17742,GD,Grenada,USD,False,FIXED,,,0.0,Gaming
Fortnite,Fortnite (Standard Edition) 2800-V-Bucks GT,17743,GT,Guatemala,USD,False,FIXED,,,0.0,Gaming
Fortnite,Fortnite (Standard Edition) 2800-V-Bucks GN,17744,GN,Guinea Conakry,USD,False,FIXED,,,0.0,Gaming
Fortnite,Fortnite (Standard Edition) 5000-V-Bucks NL,17930,NL,Netherlands,USD,False,FIXED,,,0.0,Gaming
Fortnite,Fortnite (Standard Edition) 5000-V-Bucks AN,17931,AN,Netherlands Antilles,USD,False,FIXED,,,0.0,Gaming
Fortnite,Fortnite (Standard Edition) 5000-V-Bucks NI,17932,NI,Nicaragua,USD,False,FIXED,,,0.0,Gaming
Fortnite,Fortnite (Standard Edition) 5000-V-Bucks NE,17933,NE,Niger,USD,False,FIXED,,,0.0,Gaming
Fortnite,Fortnite (Standard Edition) 5000-V-Bucks NG,17934,NG,Nigeria,USD,False,FIXED,,,0.0,Gaming
Fortnite,Fortnite (Standard Edition) 5000-V-Bucks OM,17935,OM,Oman,USD,False,FIXED,,,0.0,Gaming
Fortnite,Fortnite (Standard Edition) 5000-V-Bucks PK,17936,PK,Pakistan,USD,False,FIXED,,,0.0,Gaming
Fortnite,Fortnite (Standard Edition) 5000-V-Bucks PS,17937,PS,Palestine,USD,False,FIXED,,,0.0,Gaming
Fortnite,Fortnite (Standard Edition) 5000-V-Bucks PA,17938,PA,Panama,USD,False,FIXED,,,0.0,Gaming
Fortnite,Fortnite (Standard Edition) 5000-V-Bucks PG,17939,PG,Papua New Guinea,USD,False,FIXED,,,0.0,Gaming
Fortnite,Fortnite (Standard Edition) 5000-V-Bucks PY,17940,PY,Paraguay,USD,False,FIXED,,,0.0,Gaming
Fortnite,Fortnite (Standard Edition) 5000-V-Bucks PE,17941,PE,Peru,USD,False,FIXED,,,0.0,Gaming
Fortnite,Fortnite (Standard Edition) 5000-V-Bucks PH,17942,PH,Philippines,USD,False,FIXED,,,0.0,Gaming
Fortnite,Fortnite (Standard Edition) 5000-V-Bucks PL,17943,PL,Poland,USD,False,FIXED,,,0.0,Gaming
Fortnite,Fortnite (Standard Edition) 5000-V-Bucks PT,17944,PT,Portugal,USD,False,FIXED,,,0.0,Gaming
Fortnite,Fortnite (Standard Edition) 5000-V-Bucks PR,17945,PR,Puerto Rico,USD,False,FIXED,,,0.0,Gaming
Fortnite,Fortnite (Standard Edition) 5000-V-Bucks QA,17946,QA,Qatar,USD,False,FIXED,,,0.0,Gaming
Fortnite,Fortnite (Standard Edition) 5000-V-Bucks RO,17947,RO,Romania,USD,False,FIXED,,,0.0,Gaming
Fortnite,Fortnite (Standard Edition) 5000-V-Bucks RU,17948,RU,Russia,USD,False,FIXED,,,0.0,Gaming
Fortnite,Fortnite (Standard Edition) 5000-V-Bucks RW,17949,RW,Rwanda,USD,False,FIXED,,,0.0,Gaming
Fortnite,Fortnite (Standard Edition) 5000-V-Bucks KN,17950,KN,Saint Kitts And Nevis,USD,False,FIXED,,,0.0,Gaming
Fortnite,Fortnite (Standard Edition) 5000-V-Bucks LC,17951,LC,Saint Lucia,USD,False,FIXED,,,0.0,Gaming
Fortnite,Fortnite (Standard Edition) 5000-V-Bucks VC,17952,VC,Saint Vincent And The Grenadines,USD,False,FIXED,,,0.0,Gaming
Fortnite,Fortnite (Standard Edition) 5000-V-Bucks WS,17953,WS,Samoa,USD,False,FIXED,,,0.0,Gaming
Fortnite,Fortnite (Standard Edition) 5000-V-Bucks SA,17954,SA,Saudi Arabia,USD,False,FIXED,,,0.0,Gaming
Fortnite,Fortnite (Standard Edition) 5000-V-Bucks SN,17955,SN,Senegal,USD,False,FIXED,,,0.0,Gaming
Fortnite,Fortnite (Standard Edition) 5000-V-Bucks SL,17956,SL,Sierra Leone,USD,False,FIXED,,,0.0,Gaming
Fortnite,Fortnite (Standard Edition) 5000-V-Bucks SG,17957,SG,Singapore,USD,False,FIXED,,,0.0,Gaming
Fortnite,Fortnite (Standard Edition) 5000-V-Bucks ZA,17958,ZA,South Africa,USD,False,FIXED,,,0.0,Gaming
Fortnite,Fortnite (Standard Edition) 5000-V-Bucks ES,17959,ES,Spain,USD,False,FIXED,,,0.0,Gaming
Fortnite,Fortnite (Standard Edition) 5000-V-Bucks LK,17960,LK,Sri Lanka,USD,False,FIXED,,,0.0,Gaming
Fortnite,Fortnite (Standard Edition) 5000-V-Bucks SR,17961,SR,Suriname,USD,False,FIXED,,,0.0,Gaming
Fortnite,Fortnite (Standard Edition) 5000-V-Bucks SZ,17962,SZ,Eswatini,USD,False,FIXED,,,0.0,Gaming
Fortnite,Fortnite (Standard Edition) 5000-V-Bucks TJ,17963,TJ,Tajikistan,USD,False,FIXED,,,0.0,Gaming
Fortnite,Fortnite (Standard Edition) 5000-V-Bucks TZ,17964,TZ,Tanzania,USD,False,FIXED,,,0.0,Gaming
Fortnite,Fortnite (Standard Edition) 5000-V-Bucks TH,17965,TH,Thailand,USD,False,FIXED,,,0.0,Gaming
Fortnite,Fortnite (Standard Edition) 5000-V-Bucks CD,17966,CD,The Democratic Republic Of Congo,USD,False,FIXED,,,0.0,Gaming
Fortnite,Fortnite (Standard Edition) 5000-V-Bucks TG,17967,TG,Togo,USD,False,FIXED,,,0.0,Gaming
Fortnite,Fortnite (Standard Edition) 5000-V-Bucks TO,17968,TO,Tonga,USD,False,FIXED,,,0.0,Gaming
Fortnite,Fortnite (Standard Edition) 5000-V-Bucks TT,17969,TT,Trinidad and Tobago,USD,False,FIXED,,,0.0,Gaming
Fortnite,Fortnite (Standard Edition) 5000-V-Bucks TN,17970,TN,Tunisia,USD,False,FIXED,,,0.0,Gaming
Fortnite,Fortnite (Standard Edition) 5000-V-Bucks TR,17971,TR,Turkey,USD,False,FIXED,,,0.0,Gaming
Fortnite,Fortnite (Standard Edition) 5000-V-Bucks TC,17972,TC,Turks And Caicos Islands,USD,False,FIXED,,,0.0,Gaming
Fortnite,Fortnite (Standard Edition) 5000-V-Bucks UG,17973,UG,Uganda,USD,False,FIXED,,,0.0,Gaming
Fortnite,Fortnite (Standard Edition) 5000-V-Bucks UA,17974,UA,Ukraine,USD,False,FIXED,,,0.0,Gaming
Fortnite,Fortnite (Standard Edition) 5000-V-Bucks AE,17975,AE,United Arab Emirates,USD,False,FIXED,,,0.0,Gaming
Fortnite,Fortnite (Standard Edition) 5000-V-Bucks GB,17976,GB,United Kingdom,USD,False,FIXED,,,0.0,Gaming
Fortnite,Fortnite (Standard Edition) 5000-V-Bucks US,17977,US,United States,USD,False,FIXED,,,0.0,Gaming
Fortnite,Fortnite (Standard Edition) 5000-V-Bucks UY,17978,UY,Uruguay,USD,False,FIXED,,,0.0,Gaming
Fortnite,Fortnite (Standard Edition) 5000-V-Bucks UZ,17979,UZ,Uzbekistan,USD,False,FIXED,,,0.0,Gaming
Fortnite,Fortnite (Standard Edition) 5000-V-Bucks VU,17980,VU,Vanuatu,USD,False,FIXED,,,0.0,Gaming
Fortnite,Fortnite (Standard Edition) 5000-V-Bucks VN,17981,VN,Vietnam,USD,False,FIXED,,,0.0,Gaming
Fortnite,Fortnite (Standard Edition) 5000-V-Bucks YE,17982,YE,Yemen,USD,False,FIXED,,,0.0,Gaming
Fortnite,Fortnite (Standard Edition) 5000-V-Bucks ZM,17983,ZM,Zambia,USD,False,FIXED,,,0.0,Gaming
Fortnite,Fortnite (Standard Edition) 5000-V-Bucks ZW,17984,ZW,Zimbabwe,USD,False,FIXED,,,0.0,Gaming
Fortnite,Fortnite (Standard Edition) 5000-V-Bucks VE,17985,VE,Venezuela,USD,False,FIXED,,,0.0,Gaming
Fortnite,Fortnite (Standard Edition) 5000-V-Bucks GR,17986,GR,Greece,USD,False,FIXED,,,0.0,Gaming
Fortnite,Fortnite (Standard Edition) 5000-V-Bucks SO,17987,SO,Somalia,USD,False,FIXED,,,0.0,Gaming
Fortnite,Fortnite (Standard Edition) 5000-V-Bucks BY,17988,BY,Belarus,USD,False,FIXED,,,0.0,Gaming
Fortnite,Fortnite (Standard Edition) 5000-V-Bucks KM,17989,KM,Comoros,USD,False,FIXED,,,0.0,Gaming
Fortnite,Fortnite (Standard Edition) 5000-V-Bucks MR,17990,MR,Mauritania,USD,False,FIXED,,,0.0,Gaming
Fortnite,Fortnite (Standard Edition) 5000-V-Bucks BE,17991,BE,Belgium,USD,False,FIXED,,,0.0,Gaming
Fortnite,Fortnite (Standard Edition) 5000-V-Bucks MS,17992,MS,Montserrat,USD,False,FIXED,,,0.0,Gaming
Fortnite,Fortnite (Standard Edition) 5000-V-Bucks KR,17993,KR,South Korea,USD,False,FIXED,,,0.0,Gaming
Fortnite,Fortnite (Standard Edition) 5000-V-Bucks IE,17994,IE,Ireland,USD,False,FIXED,,,0.0,Gaming
Fortnite,Fortnite (Standard Edition) 5000-V-Bucks FI,17995,FI,Finland,USD,False,FIXED,,,0.0,Gaming
Fortnite,Fortnite (Standard Edition) 5000-V-Bucks AU,17996,AU,Australia,USD,False,FIXED,,,0.0,Gaming
Fortnite,Fortnite (Standard Edition) 5000-V-Bucks AT,17997,AT,Austria,USD,False,FIXED,,,0.0,Gaming
Fortnite,Fortnite (Standard Edition) 5000-V-Bucks JP,17998,JP,Japan,USD,False,FIXED,,,0.0,Gaming
Fortnite,Fortnite (Standard Edition) 5000-V-Bucks HK,17999,HK,Hong Kong,USD,False,FIXED,,,0.0,Gaming
Fortnite,Fortnite (Standard Edition) 5000-V-Bucks TW,18000,TW,Taiwan,USD,False,FIXED,,,0.0,Gaming
Fortnite,Fortnite (Standard Edition) 13500-V-Bucks AF,18001,AF,Afghanistan,USD,False,FIXED,,,0.0,Gaming
Fortnite,Fortnite (Standard Edition) 13500-V-Bucks AL,18002,AL,Albania,USD,False,FIXED,,,0.0,Gaming
Fortnite,Fortnite (Standard Edition) 13500-V-Bucks DZ,18003,DZ,Algeria,USD,False,FIXED,,,0.0,Gaming
Fortnite,Fortnite (Standard Edition) 13500-V-Bucks AS,18004,AS,American Samoa,USD,False,FIXED,,,0.0,Gaming
Fortnite,Fortnite (Standard Edition) 13500-V-Bucks AO,18005,AO,Angola,USD,False,FIXED,,,0.0,Gaming
Fortnite,Fortnite (Standard Edition) 13500-V-Bucks AI,18006,AI,Anguilla,USD,False,FIXED,,,0.0,Gaming
Fortnite,Fortnite (Standard Edition) 13500-V-Bucks AG,18007,AG,Antigua and Barbuda,USD,False,FIXED,,,0.0,Gaming
Fortnite,Fortnite (Standard Edition) 13500-V-Bucks AR,18008,AR,Argentina,USD,False,FIXED,,,0.0,Gaming
Fortnite,Fortnite (Standard Edition) 13500-V-Bucks AM,18009,AM,Armenia,USD,False,FIXED,,,0.0,Gaming
Fortnite,Fortnite (Standard Edition) 13500-V-Bucks AW,18010,AW,Aruba,USD,False,FIXED,,,0.0,Gaming
Fortnite,Fortnite (Standard Edition) 13500-V-Bucks BS,18011,BS,Bahamas,USD,False,FIXED,,,0.0,Gaming
Fortnite,Fortnite (Standard Edition) 13500-V-Bucks BH,18012,BH,Bahrain,USD,False,FIXED,,,0.0,Gaming
Fortnite,Fortnite (Standard Edition) 13500-V-Bucks BD,18013,BD,Bangladesh,USD,False,FIXED,,,0.0,Gaming
Fortnite,Fortnite (Standard Edition) 13500-V-Bucks BB,18014,BB,Barbados,USD,False,FIXED,,,0.0,Gaming
Fortnite,Fortnite (Standard Edition) 13500-V-Bucks BZ,18015,BZ,Belize,USD,False,FIXED,,,0.0,Gaming
Fortnite,Fortnite (Standard Edition) 13500-V-Bucks BJ,18016,BJ,Benin,USD,False,FIXED,,,0.0,Gaming
Fortnite,Fortnite (Standard Edition) 13500-V-Bucks BM,18017,BM,Bermuda,USD,False,FIXED,,,0.0,Gaming
Fortnite,Fortnite (Standard Edition) 13500-V-Bucks BO,18018,BO,Bolivia,USD,False,FIXED,,,0.0,Gaming
Fortnite,Fortnite (Standard Edition) 13500-V-Bucks BW,18019,BW,Botswana,USD,False,FIXED,,,0.0,Gaming
Fortnite,Fortnite (Standard Edition) 13500-V-Bucks BR,18020,BR,Brazil,USD,False,FIXED,,,0.0,Gaming
Fortnite,Fortnite (Standard Edition) 13500-V-Bucks VG,18021,VG,British Virgin Islands,USD,False,FIXED,,,0.0,Gaming
Fortnite,Fortnite (Standard Edition) 13500-V-Bucks BF,18022,BF,Burkina Faso,USD,False,FIXED,,,0.0,Gaming
Fortnite,Fortnite (Standard Edition) 13500-V-Bucks BI,18023,BI,Burundi,USD,False,FIXED,,,0.0,Gaming
Fortnite,Fortnite (Standard Edition) 13500-V-Bucks KH,18024,KH,Cambodia,USD,False,FIXED,,,0.0,Gaming
Fortnite,Fortnite (Standard Edition) 13500-V-Bucks CM,18025,CM,Cameroon,USD,False,FIXED,,,0.0,Gaming
Fortnite,Fortnite (Standard Edition) 13500-V-Bucks CA,18026,CA,Canada,USD,False,FIXED,,,0.0,Gaming
Fortnite,Fortnite (Standard Edition) 13500-V-Bucks CV,18027,CV,Cape Verde,USD,False,FIXED,,,0.0,Gaming
Fortnite,Fortnite (Standard Edition) 13500-V-Bucks KY,18028,KY,Cayman Islands,USD,False,FIXED,,,0.0,Gaming
Fortnite,Fortnite (Standard Edition) 13500-V-Bucks CF,18029,CF,Central African Republic,USD,False,FIXED,,,0.0,Gaming
Fortnite,Fortnite (Standard Edition) 13500-V-Bucks CL,18030,CL,Chile,USD,False,FIXED,,,0.0,Gaming
Fortnite,Fortnite (Standard Edition) 13500-V-Bucks CN,18031,CN,China,USD,False,FIXED,,,0.0,Gaming
Fortnite,Fortnite (Standard Edition) 13500-V-Bucks CG,18033,CG,Congo,USD,False,FIXED,,,0.0,Gaming
Fortnite,Fortnite (Standard Edition) 13500-V-Bucks CR,18034,CR,Costa Rica,USD,False,FIXED,,,0.0,Gaming
Fortnite,Fortnite (Standard Edition) 13500-V-Bucks CI,18035,CI,Côte d'Ivoire,USD,False,FIXED,,,0.0,Gaming
Fortnite,Fortnite (Standard Edition) 13500-V-Bucks CU,18036,CU,Cuba,USD,False,FIXED,,,0.0,Gaming
Fortnite,Fortnite (Standard Edition) 13500-V-Bucks CY,18037,CY,Cyprus,USD,False,FIXED,,,0.0,Gaming
Fortnite,Fortnite (Standard Edition) 13500-V-Bucks DM,18038,DM,Dominica,USD,False,FIXED,,,0.0,Gaming
Fortnite,Fortnite (Standard Edition) 13500-V-Bucks DO,18039,DO,Dominican Republic,USD,False,FIXED,,,0.0,Gaming
Fortnite,Fortnite (Standard Edition) 13500-V-Bucks EC,18040,EC,Ecuador,USD,False,FIXED,,,0.0,Gaming
Fortnite,Fortnite (Standard Edition) 13500-V-Bucks EG,18041,EG,Egypt,USD,False,FIXED,,,0.0,Gaming
Fortnite,Fortnite (Standard Edition) 13500-V-Bucks SV,18042,SV,El Salvador,USD,False,FIXED,,,0.0,Gaming
Fortnite,Fortnite (Standard Edition) 13500-V-Bucks ET,18043,ET,Ethiopia,USD,False,FIXED,,,0.0,Gaming
Fortnite,Fortnite (Standard Edition) 13500-V-Bucks FJ,18044,FJ,Fiji,USD,False,FIXED,,,0.0,Gaming
Fortnite,Fortnite (Standard Edition) 13500-V-Bucks FR,18045,FR,France,USD,False,FIXED,,,0.0,Gaming
Fortnite,Fortnite (Standard Edition) 13500-V-Bucks GM,18046,GM,Gambia,USD,False,FIXED,,,0.0,Gaming
Fortnite,Fortnite (Standard Edition) 13500-V-Bucks GE,18047,GE,Georgia,USD,False,FIXED,,,0.0,Gaming
Fortnite,Fortnite (Standard Edition) 13500-V-Bucks DE,18048,DE,Germany,USD,False,FIXED,,,0.0,Gaming
Fortnite,Fortnite (Standard Edition) 13500-V-Bucks GH,18049,GH,Ghana,USD,False,FIXED,,,0.0,Gaming
Fortnite,Fortnite (Standard Edition) 13500-V-Bucks GD,18050,GD,Grenada,USD,False,FIXED,,,0.0,Gaming
Fortnite,Fortnite (Standard Edition) 13500-V-Bucks GT,18051,GT,Guatemala,USD,False,FIXED,,,0.0,Gaming
Fortnite,Fortnite (Standard Edition) 13500-V-Bucks GN,18052,GN,Guinea Conakry,USD,False,FIXED,,,0.0,Gaming
Fortnite,Fortnite (Standard Edition) 13500-V-Bucks GW,18053,GW,Guinea-Bissau,USD,False,FIXED,,,0.0,Gaming
Fortnite,Fortnite (Standard Edition) 13500-V-Bucks GY,18054,GY,Guyana,USD,False,FIXED,,,0.0,Gaming
Fortnite,Fortnite (Standard Edition) 13500-V-Bucks HT,18055,HT,Haiti,USD,False,FIXED,,,0.0,Gaming
Fortnite,Fortnite (Standard Edition) 13500-V-Bucks HN,18056,HN,Honduras,USD,False,FIXED,,,0.0,Gaming
Fortnite,Fortnite (Standard Edition) 1000-V-Bucks PL,17635,PL,Poland,USD,False,FIXED,,,0.0,Gaming
Fortnite,Fortnite (Standard Edition) 1000-V-Bucks PT,17636,PT,Portugal,USD,False,FIXED,,,0.0,Gaming
Fortnite,Fortnite (Standard Edition) 1000-V-Bucks PR,17637,PR,Puerto Rico,USD,False,FIXED,,,0.0,Gaming
Fortnite,Fortnite (Standard Edition) 1000-V-Bucks QA,17638,QA,Qatar,USD,False,FIXED,,,0.0,Gaming
Fortnite,Fortnite (Standard Edition) 1000-V-Bucks RO,17639,RO,Romania,USD,False,FIXED,,,0.0,Gaming
Fortnite,Fortnite (Standard Edition) 1000-V-Bucks RU,17640,RU,Russia,USD,False,FIXED,,,0.0,Gaming
Fortnite,Fortnite (Standard Edition) 1000-V-Bucks RW,17641,RW,Rwanda,USD,False,FIXED,,,0.0,Gaming
Fortnite,Fortnite (Standard Edition) 1000-V-Bucks KN,17642,KN,Saint Kitts And Nevis,USD,False,FIXED,,,0.0,Gaming
Fortnite,Fortnite (Standard Edition) 1000-V-Bucks LC,17643,LC,Saint Lucia,USD,False,FIXED,,,0.0,Gaming
Fortnite,Fortnite (Standard Edition) 1000-V-Bucks VC,17644,VC,Saint Vincent And The Grenadines,USD,False,FIXED,,,0.0,Gaming
Fortnite,Fortnite (Standard Edition) 1000-V-Bucks WS,17645,WS,Samoa,USD,False,FIXED,,,0.0,Gaming
Fortnite,Fortnite (Standard Edition) 1000-V-Bucks SA,17646,SA,Saudi Arabia,USD,False,FIXED,,,0.0,Gaming
Fortnite,Fortnite (Standard Edition) 1000-V-Bucks SN,17647,SN,Senegal,USD,False,FIXED,,,0.0,Gaming
Fortnite,Fortnite (Standard Edition) 1000-V-Bucks SL,17648,SL,Sierra Leone,USD,False,FIXED,,,0.0,Gaming
Fortnite,Fortnite (Standard Edition) 1000-V-Bucks SG,17649,SG,Singapore,USD,False,FIXED,,,0.0,Gaming
Fortnite,Fortnite (Standard Edition) 1000-V-Bucks ZA,17650,ZA,South Africa,USD,False,FIXED,,,0.0,Gaming
Fortnite,Fortnite (Standard Edition) 1000-V-Bucks ES,17651,ES,Spain,USD,False,FIXED,,,0.0,Gaming
Fortnite,Fortnite (Standard Edition) 1000-V-Bucks LK,17652,LK,Sri Lanka,USD,False,FIXED,,,0.0,Gaming
Fortnite,Fortnite (Standard Edition) 1000-V-Bucks SR,17653,SR,Suriname,USD,False,FIXED,,,0.0,Gaming
Fortnite,Fortnite (Standard Edition) 1000-V-Bucks SZ,17654,SZ,Eswatini,USD,False,FIXED,,,0.0,Gaming
Fortnite,Fortnite (Standard Edition) 1000-V-Bucks TJ,17655,TJ,Tajikistan,USD,False,FIXED,,,0.0,Gaming
Fortnite,Fortnite (Standard Edition) 1000-V-Bucks TZ,17656,TZ,Tanzania,USD,False,FIXED,,,0.0,Gaming
Fortnite,Fortnite (Standard Edition) 1000-V-Bucks TH,17657,TH,Thailand,USD,False,FIXED,,,0.0,Gaming
Fortnite,Fortnite (Standard Edition) 1000-V-Bucks CD,17658,CD,The Democratic Republic Of Congo,USD,False,FIXED,,,0.0,Gaming
Fortnite,Fortnite (Standard Edition) 1000-V-Bucks TG,17659,TG,Togo,USD,False,FIXED,,,0.0,Gaming
Fortnite,Fortnite (Standard Edition) 1000-V-Bucks TO,17660,TO,Tonga,USD,False,FIXED,,,0.0,Gaming
Fortnite,Fortnite (Standard Edition) 1000-V-Bucks TT,17661,TT,Trinidad and Tobago,USD,False,FIXED,,,0.0,Gaming
Fortnite,Fortnite (Standard Edition) 1000-V-Bucks TN,17662,TN,Tunisia,USD,False,FIXED,,,0.0,Gaming
Fortnite,Fortnite (Standard Edition) 1000-V-Bucks TR,17663,TR,Turkey,USD,False,FIXED,,,0.0,Gaming
Fortnite,Fortnite (Standard Edition) 1000-V-Bucks TC,17664,TC,Turks And Caicos Islands,USD,False,FIXED,,,0.0,Gaming
Fortnite,Fortnite (Standard Edition) 1000-V-Bucks UG,17665,UG,Uganda,USD,False,FIXED,,,0.0,Gaming
Fortnite,Fortnite (Standard Edition) 1000-V-Bucks UA,17666,UA,Ukraine,USD,False,FIXED,,,0.0,Gaming
Fortnite,Fortnite (Standard Edition) 1000-V-Bucks AE,17667,AE,United Arab Emirates,USD,False,FIXED,,,0.0,Gaming
Fortnite,Fortnite (Standard Edition) 1000-V-Bucks US,17669,US,United States,USD,False,FIXED,,,0.0,Gaming
Fortnite,Fortnite (Standard Edition) 1000-V-Bucks UY,17670,UY,Uruguay,USD,False,FIXED,,,0.0,Gaming
Fortnite,Fortnite (Standard Edition) 1000-V-Bucks UZ,17671,UZ,Uzbekistan,USD,False,FIXED,,,0.0,Gaming
Fortnite,Fortnite (Standard Edition) 1000-V-Bucks VU,17672,VU,Vanuatu,USD,False,FIXED,,,0.0,Gaming
Fortnite,Fortnite (Standard Edition) 1000-V-Bucks VN,17673,VN,Vietnam,USD,False,FIXED,,,0.0,Gaming
Fortnite,Fortnite (Standard Edition) 1000-V-Bucks YE,17674,YE,Yemen,USD,False,FIXED,,,0.0,Gaming
Fortnite,Fortnite (Standard Edition) 1000-V-Bucks ZM,17675,ZM,Zambia,USD,False,FIXED,,,0.0,Gaming
Fortnite,Fortnite (Standard Edition) 1000-V-Bucks ZW,17676,ZW,Zimbabwe,USD,False,FIXED,,,0.0,Gaming
Fortnite,Fortnite (Standard Edition) 1000-V-Bucks VE,17677,VE,Venezuela,USD,False,FIXED,,,0.0,Gaming
Fortnite,Fortnite (Standard Edition) 1000-V-Bucks GR,17678,GR,Greece,USD,False,FIXED,,,0.0,Gaming
Fortnite,Fortnite (Standard Edition) 1000-V-Bucks SO,17679,SO,Somalia,USD,False,FIXED,,,0.0,Gaming
Fortnite,Fortnite (Standard Edition) 1000-V-Bucks BY,17680,BY,Belarus,USD,False,FIXED,,,0.0,Gaming
Fortnite,Fortnite (Standard Edition) 1000-V-Bucks KM,17681,KM,Comoros,USD,False,FIXED,,,0.0,Gaming
Fortnite,Fortnite (Standard Edition) 1000-V-Bucks MR,17682,MR,Mauritania,USD,False,FIXED,,,0.0,Gaming
Fortnite,Fortnite (Standard Edition) 1000-V-Bucks BE,17683,BE,Belgium,USD,False,FIXED,,,0.0,Gaming
Fortnite,Fortnite (Standard Edition) 1000-V-Bucks MS,17684,MS,Montserrat,USD,False,FIXED,,,0.0,Gaming
Fortnite,Fortnite (Standard Edition) 1000-V-Bucks KR,17685,KR,South Korea,USD,False,FIXED,,,0.0,Gaming
Fortnite,Fortnite (Standard Edition) 1000-V-Bucks IE,17686,IE,Ireland,USD,False,FIXED,,,0.0,Gaming
Fortnite,Fortnite (Standard Edition) 1000-V-Bucks FI,17687,FI,Finland,USD,False,FIXED,,,0.0,Gaming
Fortnite,Fortnite (Standard Edition) 1000-V-Bucks AU,17688,AU,Australia,USD,False,FIXED,,,0.0,Gaming
Fortnite,Fortnite (Standard Edition) 1000-V-Bucks AT,17689,AT,Austria,USD,False,FIXED,,,0.0,Gaming
Fortnite,Fortnite (Standard Edition) 1000-V-Bucks JP,17690,JP,Japan,USD,False,FIXED,,,0.0,Gaming
Fortnite,Fortnite (Standard Edition) 1000-V-Bucks HK,17691,HK,Hong Kong,USD,False,FIXED,,,0.0,Gaming
Fortnite,Fortnite (Standard Edition) 1000-V-Bucks TW,17692,TW,Taiwan,USD,False,FIXED,,,0.0,Gaming
Fortnite,Fortnite (Standard Edition) 2800-V-Bucks AF,17693,AF,Afghanistan,USD,False,FIXED,,,0.0,Gaming
Fortnite,Fortnite (Standard Edition) 2800-V-Bucks AL,17694,AL,Albania,USD,False,FIXED,,,0.0,Gaming
Fortnite,Fortnite (Standard Edition) 2800-V-Bucks DZ,17695,DZ,Algeria,USD,False,FIXED,,,0.0,Gaming
Fortnite,Fortnite (Standard Edition) 2800-V-Bucks AS,17696,AS,American Samoa,USD,False,FIXED,,,0.0,Gaming
Fortnite,Fortnite (Standard Edition) 2800-V-Bucks AO,17697,AO,Angola,USD,False,FIXED,,,0.0,Gaming
Fortnite,Fortnite (Standard Edition) 2800-V-Bucks AI,17698,AI,Anguilla,USD,False,FIXED,,,0.0,Gaming
Fortnite,Fortnite (Standard Edition) 2800-V-Bucks AG,17699,AG,Antigua and Barbuda,USD,False,FIXED,,,0.0,Gaming
Fortnite,Fortnite (Standard Edition) 2800-V-Bucks AR,17700,AR,Argentina,USD,False,FIXED,,,0.0,Gaming
Fortnite,Fortnite (Standard Edition) 2800-V-Bucks AM,17701,AM,Armenia,USD,False,FIXED,,,0.0,Gaming
Fortnite,Fortnite (Standard Edition) 2800-V-Bucks AW,17702,AW,Aruba,USD,False,FIXED,,,0.0,Gaming
Fortnite,Fortnite (Standard Edition) 2800-V-Bucks BS,17703,BS,Bahamas,USD,False,FIXED,,,0.0,Gaming
Fortnite,Fortnite (Standard Edition) 2800-V-Bucks BH,17704,BH,Bahrain,USD,False,FIXED,,,0.0,Gaming
Fortnite,Fortnite (Standard Edition) 2800-V-Bucks BD,17705,BD,Bangladesh,USD,False,FIXED,,,0.0,Gaming
Fortnite,Fortnite (Standard Edition) 2800-V-Bucks BB,17706,BB,Barbados,USD,False,FIXED,,,0.0,Gaming
Fortnite,Fortnite (Standard Edition) 2800-V-Bucks BZ,17707,BZ,Belize,USD,False,FIXED,,,0.0,Gaming
Fortnite,Fortnite (Standard Edition) 2800-V-Bucks BJ,17708,BJ,Benin,USD,False,FIXED,,,0.0,Gaming
Fortnite,Fortnite (Standard Edition) 2800-V-Bucks BM,17709,BM,Bermuda,USD,False,FIXED,,,0.0,Gaming
Fortnite,Fortnite (Standard Edition) 2800-V-Bucks BO,17710,BO,Bolivia,USD,False,FIXED,,,0.0,Gaming
Fortnite,Fortnite (Standard Edition) 2800-V-Bucks BW,17711,BW,Botswana,USD,False,FIXED,,,0.0,Gaming
Fortnite,Fortnite (Standard Edition) 2800-V-Bucks BR,17712,BR,Brazil,USD,False,FIXED,,,0.0,Gaming
Fortnite,Fortnite (Standard Edition) 2800-V-Bucks VG,17713,VG,British Virgin Islands,USD,False,FIXED,,,0.0,Gaming
Fortnite,Fortnite (Standard Edition) 2800-V-Bucks BF,17714,BF,Burkina Faso,USD,False,FIXED,,,0.0,Gaming
Fortnite,Fortnite (Standard Edition) 2800-V-Bucks BI,17715,BI,Burundi,USD,False,FIXED,,,0.0,Gaming
Fortnite,Fortnite (Standard Edition) 2800-V-Bucks KH,17716,KH,Cambodia,USD,False,FIXED,,,0.0,Gaming
Fortnite,Fortnite (Standard Edition) 2800-V-Bucks CM,17717,CM,Cameroon,USD,False,FIXED,,,0.0,Gaming
Fortnite,Fortnite (Standard Edition) 2800-V-Bucks CA,17718,CA,Canada,USD,False,FIXED,,,0.0,Gaming
Fortnite,Fortnite (Standard Edition) 2800-V-Bucks CV,17719,CV,Cape Verde,USD,False,FIXED,,,0.0,Gaming
Fortnite,Fortnite (Standard Edition) 2800-V-Bucks KY,17720,KY,Cayman Islands,USD,False,FIXED,,,0.0,Gaming
Fortnite,Fortnite (Standard Edition) 2800-V-Bucks CF,17721,CF,Central African Republic,USD,False,FIXED,,,0.0,Gaming
Fortnite,Fortnite (Standard Edition) 2800-V-Bucks CL,17722,CL,Chile,USD,False,FIXED,,,0.0,Gaming
Fortnite,Fortnite (Standard Edition) 2800-V-Bucks CN,17723,CN,China,USD,False,FIXED,,,0.0,Gaming
Fortnite,Fortnite (Standard Edition) 2800-V-Bucks CO,17724,CO,Colombia,USD,False,FIXED,,,0.0,Gaming
Fortnite,Fortnite (Standard Edition) 2800-V-Bucks CG,17725,CG,Congo,USD,False,FIXED,,,0.0,Gaming
Fortnite,Fortnite (Standard Edition) 2800-V-Bucks CR,17726,CR,Costa Rica,USD,False,FIXED,,,0.0,Gaming
Fortnite,Fortnite (Standard Edition) 2800-V-Bucks CI,17727,CI,Côte d'Ivoire,USD,False,FIXED,,,0.0,Gaming
Fortnite,Fortnite (Standard Edition) 2800-V-Bucks CU,17728,CU,Cuba,USD,False,FIXED,,,0.0,Gaming
Fortnite,Fortnite (Standard Edition) 2800-V-Bucks CY,17729,CY,Cyprus,USD,False,FIXED,,,0.0,Gaming
Fortnite,Fortnite (Standard Edition) 2800-V-Bucks DM,17730,DM,Dominica,USD,False,FIXED,,,0.0,Gaming
Fortnite,Fortnite (Standard Edition) 2800-V-Bucks DO,17731,DO,Dominican Republic,USD,False,FIXED,,,0.0,Gaming
Fortnite,Fortnite (Standard Edition) 2800-V-Bucks EC,17732,EC,Ecuador,USD,False,FIXED,,,0.0,Gaming
Fortnite,Fortnite (Standard Edition) 2800-V-Bucks EG,17733,EG,Egypt,USD,False,FIXED,,,0.0,Gaming
Fortnite,Fortnite (Standard Edition) 2800-V-Bucks SV,17734,SV,El Salvador,USD,False,FIXED,,,0.0,Gaming
Fortnite,Fortnite (Standard Edition) 2800-V-Bucks ET,17735,ET,Ethiopia,USD,False,FIXED,,,0.0,Gaming
Fortnite,Fortnite (Standard Edition) 2800-V-Bucks FJ,17736,FJ,Fiji,USD,False,FIXED,,,0.0,Gaming
Fortnite,Fortnite (Standard Edition) 2800-V-Bucks FR,17737,FR,France,USD,False,FIXED,,,0.0,Gaming
Fortnite,Fortnite (Standard Edition) 2800-V-Bucks GM,17738,GM,Gambia,USD,False,FIXED,,,0.0,Gaming
Fortnite,Fortnite (Standard Edition) 2800-V-Bucks GE,17739,GE,Georgia,USD,False,FIXED,,,0.0,Gaming
Fortnite,Fortnite (Standard Edition) 2800-V-Bucks DE,17740,DE,Germany,USD,False,FIXED,,,0.0,Gaming
Fortnite,Fortnite (Standard Edition) 2800-V-Bucks GH,17741,GH,Ghana,USD,False,FIXED,,,0.0,Gaming
Fortnite,Fortnite (Standard Edition) 2800-V-Bucks GD,17742,GD,Grenada,USD,False,FIXED,,,0.0,Gaming
Fortnite,Fortnite (Standard Edition) 2800-V-Bucks GT,17743,GT,Guatemala,USD,False,FIXED,,,0.0,Gaming
Fortnite,Fortnite (Standard Edition) 2800-V-Bucks GN,17744,GN,Guinea Conakry,USD,False,FIXED,,,0.0,Gaming
Fortnite,Fortnite (Standard Edition) 2800-V-Bucks MR,17836,MR,Mauritania,USD,False,FIXED,,,0.0,Gaming
Fortnite,Fortnite (Standard Edition) 2800-V-Bucks BE,17837,BE,Belgium,USD,False,FIXED,,,0.0,Gaming
Fortnite,Fortnite (Standard Edition) 2800-V-Bucks MS,17838,MS,Montserrat,USD,False,FIXED,,,0.0,Gaming
Fortnite,Fortnite (Standard Edition) 2800-V-Bucks KR,17839,KR,South Korea,USD,False,FIXED,,,0.0,Gaming
Fortnite,Fortnite (Standard Edition) 2800-V-Bucks IE,17840,IE,Ireland,USD,False,FIXED,,,0.0,Gaming
Fortnite,Fortnite (Standard Edition) 2800-V-Bucks FI,17841,FI,Finland,USD,False,FIXED,,,0.0,Gaming
Fortnite,Fortnite (Standard Edition) 2800-V-Bucks AU,17842,AU,Australia,USD,False,FIXED,,,0.0,Gaming
Fortnite,Fortnite (Standard Edition) 2800-V-Bucks AT,17843,AT,Austria,USD,False,FIXED,,,0.0,Gaming
Fortnite,Fortnite (Standard Edition) 2800-V-Bucks JP,17844,JP,Japan,USD,False,FIXED,,,0.0,Gaming
Fortnite,Fortnite (Standard Edition) 2800-V-Bucks HK,17845,HK,Hong Kong,USD,False,FIXED,,,0.0,Gaming
Fortnite,Fortnite (Standard Edition) 2800-V-Bucks TW,17846,TW,Taiwan,USD,False,FIXED,,,0.0,Gaming
Fortnite,Fortnite (Standard Edition) 5000-V-Bucks AF,17847,AF,Afghanistan,USD,False,FIXED,,,0.0,Gaming
Fortnite,Fortnite (Standard Edition) 5000-V-Bucks AL,17848,AL,Albania,USD,False,FIXED,,,0.0,Gaming
Fortnite,Fortnite (Standard Edition) 5000-V-Bucks DZ,17849,DZ,Algeria,USD,False,FIXED,,,0.0,Gaming
Fortnite,Fortnite (Standard Edition) 5000-V-Bucks AS,17850,AS,American Samoa,USD,False,FIXED,,,0.0,Gaming
Fortnite,Fortnite (Standard Edition) 5000-V-Bucks AO,17851,AO,Angola,USD,False,FIXED,,,0.0,Gaming
Fortnite,Fortnite (Standard Edition) 5000-V-Bucks AI,17852,AI,Anguilla,USD,False,FIXED,,,0.0,Gaming
Fortnite,Fortnite (Standard Edition) 5000-V-Bucks AG,17853,AG,Antigua and Barbuda,USD,False,FIXED,,,0.0,Gaming
Fortnite,Fortnite (Standard Edition) 5000-V-Bucks AR,17854,AR,Argentina,USD,False,FIXED,,,0.0,Gaming
Fortnite,Fortnite (Standard Edition) 5000-V-Bucks AM,17855,AM,Armenia,USD,False,FIXED,,,0.0,Gaming
Fortnite,Fortnite (Standard Edition) 5000-V-Bucks AW,17856,AW,Aruba,USD,False,FIXED,,,0.0,Gaming
Fortnite,Fortnite (Standard Edition) 5000-V-Bucks BS,17857,BS,Bahamas,USD,False,FIXED,,,0.0,Gaming
Fortnite,Fortnite (Standard Edition) 5000-V-Bucks BH,17858,BH,Bahrain,USD,False,FIXED,,,0.0,Gaming
Fortnite,Fortnite (Standard Edition) 5000-V-Bucks BD,17859,BD,Bangladesh,USD,False,FIXED,,,0.0,Gaming
Fortnite,Fortnite (Standard Edition) 5000-V-Bucks BB,17860,BB,Barbados,USD,False,FIXED,,,0.0,Gaming
Fortnite,Fortnite (Standard Edition) 5000-V-Bucks BZ,17861,BZ,Belize,USD,False,FIXED,,,0.0,Gaming
Fortnite,Fortnite (Standard Edition) 5000-V-Bucks BJ,17862,BJ,Benin,USD,False,FIXED,,,0.0,Gaming
Fortnite,Fortnite (Standard Edition) 5000-V-Bucks BM,17863,BM,Bermuda,USD,False,FIXED,,,0.0,Gaming
Fortnite,Fortnite (Standard Edition) 5000-V-Bucks BO,17864,BO,Bolivia,USD,False,FIXED,,,0.0,Gaming
Fortnite,Fortnite (Standard Edition) 5000-V-Bucks BW,17865,BW,Botswana,USD,False,FIXED,,,0.0,Gaming
Fortnite,Fortnite (Standard Edition) 5000-V-Bucks BR,17866,BR,Brazil,USD,False,FIXED,,,0.0,Gaming
Fortnite,Fortnite (Standard Edition) 5000-V-Bucks VG,17867,VG,British Virgin Islands,USD,False,FIXED,,,0.0,Gaming
Fortnite,Fortnite (Standard Edition) 5000-V-Bucks BF,17868,BF,Burkina Faso,USD,False,FIXED,,,0.0,Gaming
Fortnite,Fortnite (Standard Edition) 5000-V-Bucks BI,17869,BI,Burundi,USD,False,FIXED,,,0.0,Gaming
Fortnite,Fortnite (Standard Edition) 5000-V-Bucks KH,17870,KH,Cambodia,USD,False,FIXED,,,0.0,Gaming
Fortnite,Fortnite (Standard Edition) 5000-V-Bucks CM,17871,CM,Cameroon,USD,False,FIXED,,,0.0,Gaming
Fortnite,Fortnite (Standard Edition) 5000-V-Bucks CA,17872,CA,Canada,USD,False,FIXED,,,0.0,Gaming
Fortnite,Fortnite (Standard Edition) 5000-V-Bucks CV,17873,CV,Cape Verde,USD,False,FIXED,,,0.0,Gaming
Fortnite,Fortnite (Standard Edition) 5000-V-Bucks KY,17874,KY,Cayman Islands,USD,False,FIXED,,,0.0,Gaming
Fortnite,Fortnite (Standard Edition) 5000-V-Bucks CF,17875,CF,Central African Republic,USD,False,FIXED,,,0.0,Gaming
Fortnite,Fortnite (Standard Edition) 5000-V-Bucks CL,17876,CL,Chile,USD,False,FIXED,,,0.0,Gaming
Fortnite,Fortnite (Standard Edition) 5000-V-Bucks CN,17877,CN,China,USD,False,FIXED,,,0.0,Gaming
Fortnite,Fortnite (Standard Edition) 5000-V-Bucks CG,17879,CG,Congo,USD,False,FIXED,,,0.0,Gaming
Fortnite,Fortnite (Standard Edition) 5000-V-Bucks CR,17880,CR,Costa Rica,USD,False,FIXED,,,0.0,Gaming
Fortnite,Fortnite (Standard Edition) 5000-V-Bucks CI,17881,CI,Côte d'Ivoire,USD,False,FIXED,,,0.0,Gaming
Fortnite,Fortnite (Standard Edition) 5000-V-Bucks CU,17882,CU,Cuba,USD,False,FIXED,,,0.0,Gaming
Fortnite,Fortnite (Standard Edition) 5000-V-Bucks CY,17883,CY,Cyprus,USD,False,FIXED,,,0.0,Gaming
Fortnite,Fortnite (Standard Edition) 5000-V-Bucks DM,17884,DM,Dominica,USD,False,FIXED,,,0.0,Gaming
Fortnite,Fortnite (Standard Edition) 5000-V-Bucks DO,17885,DO,Dominican Republic,USD,False,FIXED,,,0.0,Gaming
Fortnite,Fortnite (Standard Edition) 5000-V-Bucks EC,17886,EC,Ecuador,USD,False,FIXED,,,0.0,Gaming
Fortnite,Fortnite (Standard Edition) 5000-V-Bucks EG,17887,EG,Egypt,USD,False,FIXED,,,0.0,Gaming
Fortnite,Fortnite (Standard Edition) 5000-V-Bucks SV,17888,SV,El Salvador,USD,False,FIXED,,,0.0,Gaming
Fortnite,Fortnite (Standard Edition) 5000-V-Bucks ET,17889,ET,Ethiopia,USD,False,FIXED,,,0.0,Gaming
Fortnite,Fortnite (Standard Edition) 5000-V-Bucks FJ,17890,FJ,Fiji,USD,False,FIXED,,,0.0,Gaming
Fortnite,Fortnite (Standard Edition) 5000-V-Bucks FR,17891,FR,France,USD,False,FIXED,,,0.0,Gaming
Fortnite,Fortnite (Standard Edition) 5000-V-Bucks GM,17892,GM,Gambia,USD,False,FIXED,,,0.0,Gaming
Fortnite,Fortnite (Standard Edition) 5000-V-Bucks GE,17893,GE,Georgia,USD,False,FIXED,,,0.0,Gaming
Fortnite,Fortnite (Standard Edition) 5000-V-Bucks DE,17894,DE,Germany,USD,False,FIXED,,,0.0,Gaming
Fortnite,Fortnite (Standard Edition) 5000-V-Bucks GH,17895,GH,Ghana,USD,False,FIXED,,,0.0,Gaming
Fortnite,Fortnite (Standard Edition) 5000-V-Bucks GD,17896,GD,Grenada,USD,False,FIXED,,,0.0,Gaming
Fortnite,Fortnite (Standard Edition) 5000-V-Bucks GT,17897,GT,Guatemala,USD,False,FIXED,,,0.0,Gaming
Fortnite,Fortnite (Standard Edition) 5000-V-Bucks GN,17898,GN,Guinea Conakry,USD,False,FIXED,,,0.0,Gaming
Fortnite,Fortnite (Standard Edition) 5000-V-Bucks GY,17900,GY,Guyana,USD,False,FIXED,,,0.0,Gaming
Fortnite,Fortnite (Standard Edition) 5000-V-Bucks HT,17901,HT,Haiti,USD,False,FIXED,,,0.0,Gaming
Fortnite,Fortnite (Standard Edition) 5000-V-Bucks HN,17902,HN,Honduras,USD,False,FIXED,,,0.0,Gaming
Fortnite,Fortnite (Standard Edition) 5000-V-Bucks IN,17903,IN,India,USD,False,FIXED,,,0.0,Gaming
Fortnite,Fortnite (Standard Edition) 5000-V-Bucks ID,17904,ID,Indonesia,USD,False,FIXED,,,0.0,Gaming
Fortnite,Fortnite (Standard Edition) 5000-V-Bucks IQ,17905,IQ,Iraq,USD,False,FIXED,,,0.0,Gaming
Fortnite,Fortnite (Standard Edition) 5000-V-Bucks IT,17906,IT,Italy,USD,False,FIXED,,,0.0,Gaming
Fortnite,Fortnite (Standard Edition) 5000-V-Bucks JM,17907,JM,Jamaica,USD,False,FIXED,,,0.0,Gaming
Fortnite,Fortnite (Standard Edition) 5000-V-Bucks JO,17908,JO,Jordan,USD,False,FIXED,,,0.0,Gaming
Fortnite,Fortnite (Standard Edition) 5000-V-Bucks KZ,17909,KZ,Kazakhstan,USD,False,FIXED,,,0.0,Gaming
Fortnite,Fortnite (Standard Edition) 5000-V-Bucks KE,17910,KE,Kenya,USD,False,FIXED,,,0.0,Gaming
Fortnite,Fortnite (Standard Edition) 5000-V-Bucks KW,17911,KW,Kuwait,USD,False,FIXED,,,0.0,Gaming
Fortnite,Fortnite (Standard Edition) 5000-V-Bucks KG,17912,KG,Kyrgyzstan,USD,False,FIXED,,,0.0,Gaming
Fortnite,Fortnite (Standard Edition) 5000-V-Bucks LA,17913,LA,Laos,USD,False,FIXED,,,0.0,Gaming
Fortnite,Fortnite (Standard Edition) 5000-V-Bucks LB,17914,LB,Lebanon,USD,False,FIXED,,,0.0,Gaming
Fortnite,Fortnite (Standard Edition) 5000-V-Bucks LR,17915,LR,Liberia,USD,False,FIXED,,,0.0,Gaming
Fortnite,Fortnite (Standard Edition) 5000-V-Bucks MK,17916,MK,Macedonia,USD,False,FIXED,,,0.0,Gaming
Fortnite,Fortnite (Standard Edition) 5000-V-Bucks MG,17917,MG,Madagascar,USD,False,FIXED,,,0.0,Gaming
Fortnite,Fortnite (Standard Edition) 5000-V-Bucks MW,17918,MW,Malawi,USD,False,FIXED,,,0.0,Gaming
Fortnite,Fortnite (Standard Edition) 5000-V-Bucks MY,17919,MY,Malaysia,USD,False,FIXED,,,0.0,Gaming
Fortnite,Fortnite (Standard Edition) 5000-V-Bucks ML,17920,ML,Mali,USD,False,FIXED,,,0.0,Gaming
Fortnite,Fortnite (Standard Edition) 5000-V-Bucks MQ,17921,MQ,Martinique,USD,False,FIXED,,,0.0,Gaming
Fortnite,Fortnite (Standard Edition) 5000-V-Bucks MX,17922,MX,Mexico,USD,False,FIXED,,,0.0,Gaming
Fortnite,Fortnite (Standard Edition) 5000-V-Bucks MD,17923,MD,Moldova,USD,False,FIXED,,,0.0,Gaming
Fortnite,Fortnite (Standard Edition) 5000-V-Bucks MA,17924,MA,Morocco,USD,False,FIXED,,,0.0,Gaming
Fortnite,Fortnite (Standard Edition) 5000-V-Bucks MZ,17925,MZ,Mozambique,USD,False,FIXED,,,0.0,Gaming
Fortnite,Fortnite (Standard Edition) 5000-V-Bucks MM,17926,MM,Myanmar,USD,False,FIXED,,,0.0,Gaming
Fortnite,Fortnite (Standard Edition) 5000-V-Bucks NA,17927,NA,Namibia,USD,False,FIXED,,,0.0,Gaming
Fortnite,Fortnite (Standard Edition) 5000-V-Bucks NR,17928,NR,Nauru,USD,False,FIXED,,,0.0,Gaming
StubHub,StubHub US,12720,US,United States,USD,False,FIXED,,,1.2,Entertainment
twitch,twitch DE,12940,DE,Germany,USD,False,FIXED,,,0.0,Entertainment
twitch,twitch GR,13032,GR,Greece,USD,False,FIXED,,,0.0,Entertainment
Spotify,Spotify UAE,13958,AE,United Arab Emirates,AED,False,FIXED,,,3.75,Entertainment
Wine.com,Wine.com,13197,US,United States,USD,False,FIXED,,,4.4,Shopping
The Coffee Bean & Tea Leaf,The Coffee Bean & Tea Leaf,12741,US,United States,USD,False,FIXED,,,4.75,Shopping
Crypto Voucher,CryptoVoucher AF,13977,AF,Afghanistan,USD,False,RANGE,30.0,100.0,0.0,Crypto
Crypto Voucher,CryptoVoucher AL,13978,AL,Albania,USD,False,RANGE,30.0,100.0,0.0,Crypto
Crypto Voucher,CryptoVoucher DZ,13979,DZ,Algeria,USD,False,RANGE,30.0,100.0,0.0,Crypto
Crypto Voucher,CryptoVoucher AS,13980,AS,American Samoa,USD,False,RANGE,30.0,100.0,0.0,Crypto
Crypto Voucher,CryptoVoucher AO,13981,AO,Angola,USD,False,RANGE,30.0,100.0,0.0,Crypto
Crypto Voucher,CryptoVoucher AI,13982,AI,Anguilla,USD,False,RANGE,30.0,100.0,0.0,Crypto
Crypto Voucher,CryptoVoucher AG,13983,AG,Antigua and Barbuda,USD,False,RANGE,30.0,100.0,0.0,Crypto
Crypto Voucher,CryptoVoucher AR,13984,AR,Argentina,USD,False,RANGE,30.0,100.0,0.0,Crypto
Crypto Voucher,CryptoVoucher AM,13985,AM,Armenia,USD,False,RANGE,30.0,100.0,0.0,Crypto
Crypto Voucher,CryptoVoucher AW,13986,AW,Aruba,USD,False,RANGE,30.0,100.0,0.0,Crypto
Crypto Voucher,CryptoVoucher BS,13987,BS,Bahamas,USD,False,RANGE,30.0,100.0,0.0,Crypto
Crypto Voucher,CryptoVoucher BH,13988,BH,Bahrain,USD,False,RANGE,30.0,100.0,0.0,Crypto
Crypto Voucher,CryptoVoucher BD,13989,BD,Bangladesh,USD,False,RANGE,30.0,100.0,0.0,Crypto
Crypto Voucher,CryptoVoucher BB,13990,BB,Barbados,USD,False,RANGE,30.0,100.0,0.0,Crypto
Crypto Voucher,CryptoVoucher BZ,13991,BZ,Belize,USD,False,RANGE,30.0,100.0,0.0,Crypto
Crypto Voucher,CryptoVoucher BJ,13992,BJ,Benin,USD,False,RANGE,30.0,100.0,0.0,Crypto
Crypto Voucher,CryptoVoucher BM,13993,BM,Bermuda,USD,False,RANGE,30.0,100.0,0.0,Crypto
Crypto Voucher,CryptoVoucher BO,13994,BO,Bolivia,USD,False,RANGE,30.0,100.0,0.0,Crypto
Crypto Voucher,CryptoVoucher BW,13995,BW,Botswana,USD,False,RANGE,30.0,100.0,0.0,Crypto
Crypto Voucher,CryptoVoucher BR,13996,BR,Brazil,USD,False,RANGE,30.0,100.0,0.0,Crypto
Crypto Voucher,CryptoVoucher VG,13997,VG,British Virgin Islands,USD,False,RANGE,30.0,100.0,0.0,Crypto
Crypto Voucher,CryptoVoucher BF,13998,BF,Burkina Faso,USD,False,RANGE,30.0,100.0,0.0,Crypto
Crypto Voucher,CryptoVoucher BI,13999,BI,Burundi,USD,False,RANGE,30.0,100.0,0.0,Crypto
Crypto Voucher,CryptoVoucher KH,14000,KH,Cambodia,USD,False,RANGE,30.0,100.0,0.0,Crypto
Crypto Voucher,CryptoVoucher CM,14001,CM,Cameroon,USD,False,RANGE,30.0,100.0,0.0,Crypto
Crypto Voucher,CryptoVoucher CA,14002,CA,Canada,USD,False,RANGE,30.0,100.0,0.0,Crypto
Crypto Voucher,CryptoVoucher CV,14003,CV,Cape Verde,USD,False,RANGE,30.0,100.0,0.0,Crypto
Crypto Voucher,CryptoVoucher KY,14004,KY,Cayman Islands,USD,False,RANGE,30.0,100.0,0.0,Crypto
Crypto Voucher,CryptoVoucher CF,14005,CF,Central African Republic,USD,False,RANGE,30.0,100.0,0.0,Crypto
Crypto Voucher,CryptoVoucher CL,14006,CL,Chile,USD,False,RANGE,30.0,100.0,0.0,Crypto
Crypto Voucher,CryptoVoucher CN,14007,CN,China,USD,False,RANGE,30.0,100.0,0.0,Crypto
Crypto Voucher,CryptoVoucher CO,14008,CO,Colombia,USD,False,RANGE,30.0,100.0,0.0,Crypto
Crypto Voucher,CryptoVoucher CG,14009,CG,Congo,USD,False,RANGE,30.0,100.0,0.0,Crypto
Crypto Voucher,CryptoVoucher CR,14010,CR,Costa Rica,USD,False,RANGE,30.0,100.0,0.0,Crypto
Crypto Voucher,CryptoVoucher CI,14011,CI,Côte d'Ivoire,USD,False,RANGE,30.0,100.0,0.0,Crypto
Crypto Voucher,CryptoVoucher CU,14012,CU,Cuba,USD,False,RANGE,30.0,100.0,0.0,Crypto
Crypto Voucher,CryptoVoucher CY,14013,CY,Cyprus,USD,False,RANGE,30.0,100.0,0.0,Crypto
Crypto Voucher,CryptoVoucher DM,14014,DM,Dominica,USD,False,RANGE,30.0,100.0,0.0,Crypto
Crypto Voucher,CryptoVoucher DO,14015,DO,Dominican Republic,USD,False,RANGE,30.0,100.0,0.0,Crypto
Crypto Voucher,CryptoVoucher EC,14016,EC,Ecuador,USD,False,RANGE,30.0,100.0,0.0,Crypto
Crypto Voucher,CryptoVoucher EG,14017,EG,Egypt,USD,False,RANGE,30.0,100.0,0.0,Crypto
Crypto Voucher,CryptoVoucher SV,14018,SV,El Salvador,USD,False,RANGE,30.0,100.0,0.0,Crypto
Crypto Voucher,CryptoVoucher ET,14019,ET,Ethiopia,USD,False,RANGE,30.0,100.0,0.0,Crypto
Crypto Voucher,CryptoVoucher FJ,14020,FJ,Fiji,USD,False,RANGE,30.0,100.0,0.0,Crypto
Crypto Voucher,CryptoVoucher FR,14021,FR,France,USD,False,RANGE,30.0,100.0,0.0,Crypto
Crypto Voucher,CryptoVoucher GM,14022,GM,Gambia,USD,False,RANGE,30.0,100.0,0.0,Crypto
Crypto Voucher,CryptoVoucher GE,14023,GE,Georgia,USD,False,RANGE,30.0,100.0,0.0,Crypto
Crypto Voucher,CryptoVoucher DE,14024,DE,Germany,USD,False,RANGE,30.0,100.0,0.0,Crypto
Crypto Voucher,CryptoVoucher GH,14025,GH,Ghana,USD,False,RANGE,30.0,100.0,0.0,Crypto
Crypto Voucher,CryptoVoucher GD,14026,GD,Grenada,USD,False,RANGE,30.0,100.0,0.0,Crypto
Crypto Voucher,CryptoVoucher GT,14027,GT,Guatemala,USD,False,RANGE,30.0,100.0,0.0,Crypto
Crypto Voucher,CryptoVoucher GN,14028,GN,Guinea Conakry,USD,False,RANGE,30.0,100.0,0.0,Crypto
Crypto Voucher,CryptoVoucher GW,14029,GW,Guinea-Bissau,USD,False,RANGE,30.0,100.0,0.0,Crypto
Crypto Voucher,CryptoVoucher GY,14030,GY,Guyana,USD,False,RANGE,30.0,100.0,0.0,Crypto
Crypto Voucher,CryptoVoucher HT,14031,HT,Haiti,USD,False,RANGE,30.0,100.0,0.0,Crypto
Crypto Voucher,CryptoVoucher HN,14032,HN,Honduras,USD,False,RANGE,30.0,100.0,0.0,Crypto
Crypto Voucher,CryptoVoucher ID,14034,ID,Indonesia,USD,False,RANGE,30.0,100.0,0.0,Crypto
Crypto Voucher,CryptoVoucher IQ,14035,IQ,Iraq,USD,False,RANGE,30.0,100.0,0.0,Crypto
Crypto Voucher,CryptoVoucher IT,14036,IT,Italy,USD,False,RANGE,30.0,100.0,0.0,Crypto
Crypto Voucher,CryptoVoucher JM,14037,JM,Jamaica,USD,False,RANGE,30.0,100.0,0.0,Crypto
Crypto Voucher,CryptoVoucher JO,14038,JO,Jordan,USD,False,RANGE,30.0,100.0,0.0,Crypto
Crypto Voucher,CryptoVoucher KZ,14039,KZ,Kazakhstan,USD,False,RANGE,30.0,100.0,0.0,Crypto
Crypto Voucher,CryptoVoucher KE,14040,KE,Kenya,USD,False,RANGE,30.0,100.0,0.0,Crypto
Crypto Voucher,CryptoVoucher KW,14041,KW,Kuwait,USD,False,RANGE,30.0,100.0,0.0,Crypto
Crypto Voucher,CryptoVoucher KG,14042,KG,Kyrgyzstan,USD,False,RANGE,30.0,100.0,0.0,Crypto
Crypto Voucher,CryptoVoucher LA,14043,LA,Laos,USD,False,RANGE,30.0,100.0,0.0,Crypto
Crypto Voucher,CryptoVoucher LB,14044,LB,Lebanon,USD,False,RANGE,30.0,100.0,0.0,Crypto
Crypto Voucher,CryptoVoucher LR,14045,LR,Liberia,USD,False,RANGE,30.0,100.0,0.0,Crypto
Crypto Voucher,CryptoVoucher MK,14046,MK,Macedonia,USD,False,RANGE,30.0,100.0,0.0,Crypto
Crypto Voucher,CryptoVoucher MG,14047,MG,Madagascar,USD,False,RANGE,30.0,100.0,0.0,Crypto
Crypto Voucher,CryptoVoucher MW,14048,MW,Malawi,USD,False,RANGE,30.0,100.0,0.0,Crypto
Crypto Voucher,CryptoVoucher MY,14049,MY,Malaysia,USD,False,RANGE,30.0,100.0,0.0,Crypto
Crypto Voucher,CryptoVoucher ML,14050,ML,Mali,USD,False,RANGE,30.0,100.0,0.0,Crypto
Crypto Voucher,CryptoVoucher MQ,14051,MQ,Martinique,USD,False,RANGE,30.0,100.0,0.0,Crypto
Crypto Voucher,CryptoVoucher MX,14052,MX,Mexico,USD,False,RANGE,30.0,100.0,0.0,Crypto
Crypto Voucher,CryptoVoucher MD,14053,MD,Moldova,USD,False,RANGE,30.0,100.0,0.0,Crypto
Crypto Voucher,CryptoVoucher MA,14054,MA,Morocco,USD,False,RANGE,30.0,100.0,0.0,Crypto
Crypto Voucher,CryptoVoucher MZ,14055,MZ,Mozambique,USD,False,RANGE,30.0,100.0,0.0,Crypto
Crypto Voucher,CryptoVoucher MM,14056,MM,Myanmar,USD,False,RANGE,30.0,100.0,0.0,Crypto
Crypto Voucher,CryptoVoucher NA,14057,NA,Namibia,USD,False,RANGE,30.0,100.0,0.0,Crypto
Crypto Voucher,CryptoVoucher NR,14058,NR,Nauru,USD,False,RANGE,30.0,100.0,0.0,Crypto
Crypto Voucher,CryptoVoucher NP,14059,NP,Nepal,USD,False,RANGE,30.0,100.0,0.0,Crypto
Crypto Voucher,CryptoVoucher NL,14060,NL,Netherlands,USD,False,RANGE,30.0,100.0,0.0,Crypto
Crypto Voucher,CryptoVoucher AN,14061,AN,Netherlands Antilles,USD,False,RANGE,30.0,100.0,0.0,Crypto
Crypto Voucher,CryptoVoucher NI,14062,NI,Nicaragua,USD,False,RANGE,30.0,100.0,0.0,Crypto
Crypto Voucher,CryptoVoucher NE,14063,NE,Niger,USD,False,RANGE,30.0,100.0,0.0,Crypto
Crypto Voucher,CryptoVoucher NG,14064,NG,Nigeria,USD,False,RANGE,30.0,100.0,0.0,Crypto
Crypto Voucher,CryptoVoucher OM,14065,OM,Oman,USD,False,RANGE,30.0,100.0,0.0,Crypto
Crypto Voucher,CryptoVoucher PK,14066,PK,Pakistan,USD,False,RANGE,30.0,100.0,0.0,Crypto
Crypto Voucher,CryptoVoucher PS,14067,PS,Palestine,USD,False,RANGE,30.0,100.0,0.0,Crypto
Crypto Voucher,CryptoVoucher PA,14068,PA,Panama,USD,False,RANGE,30.0,100.0,0.0,Crypto
Crypto Voucher,CryptoVoucher PG,14069,PG,Papua New Guinea,USD,False,RANGE,30.0,100.0,0.0,Crypto
Crypto Voucher,CryptoVoucher PY,14070,PY,Paraguay,USD,False,RANGE,30.0,100.0,0.0,Crypto
Crypto Voucher,CryptoVoucher PE,14071,PE,Peru,USD,False,RANGE,30.0,100.0,0.0,Crypto
Crypto Voucher,CryptoVoucher PH,14072,PH,Philippines,USD,False,RANGE,30.0,100.0,0.0,Crypto
Crypto Voucher,CryptoVoucher PL,14073,PL,Poland,USD,False,RANGE,30.0,100.0,0.0,Crypto
Crypto Voucher,CryptoVoucher PT,14074,PT,Portugal,USD,False,RANGE,30.0,100.0,0.0,Crypto
Crypto Voucher,CryptoVoucher PR,14075,PR,Puerto Rico,USD,False,RANGE,30.0,100.0,0.0,Crypto
Crypto Voucher,CryptoVoucher QA,14076,QA,Qatar,USD,False,RANGE,30.0,100.0,0.0,Crypto
Crypto Voucher,CryptoVoucher RO,14077,RO,Romania,USD,False,RANGE,30.0,100.0,0.0,Crypto
Crypto Voucher,CryptoVoucher RU,14078,RU,Russia,USD,False,RANGE,30.0,100.0,0.0,Crypto
Crypto Voucher,CryptoVoucher RW,14079,RW,Rwanda,USD,False,RANGE,30.0,100.0,0.0,Crypto
Crypto Voucher,CryptoVoucher KN,14080,KN,Saint Kitts And Nevis,USD,False,RANGE,30.0,100.0,0.0,Crypto
Crypto Voucher,CryptoVoucher LC,14081,LC,Saint Lucia,USD,False,RANGE,30.0,100.0,0.0,Crypto
Crypto Voucher,CryptoVoucher VC,14082,VC,Saint Vincent And The Grenadines,USD,False,RANGE,30.0,100.0,0.0,Crypto
Crypto Voucher,CryptoVoucher WS,14083,WS,Samoa,USD,False,RANGE,30.0,100.0,0.0,Crypto
Crypto Voucher,CryptoVoucher SA,14084,SA,Saudi Arabia,USD,False,RANGE,30.0,100.0,0.0,Crypto
Crypto Voucher,CryptoVoucher SN,14085,SN,Senegal,USD,False,RANGE,30.0,100.0,0.0,Crypto
Crypto Voucher,CryptoVoucher SL,14086,SL,Sierra Leone,USD,False,RANGE,30.0,100.0,0.0,Crypto
Crypto Voucher,CryptoVoucher SG,14087,SG,Singapore,USD,False,RANGE,30.0,100.0,0.0,Crypto
Crypto Voucher,CryptoVoucher ZA,14088,ZA,South Africa,USD,False,RANGE,30.0,100.0,0.0,Crypto
Crypto Voucher,CryptoVoucher ES,14089,ES,Spain,USD,False,RANGE,30.0,100.0,0.0,Crypto
Crypto Voucher,CryptoVoucher LK,14090,LK,Sri Lanka,USD,False,RANGE,30.0,100.0,0.0,Crypto
Crypto Voucher,CryptoVoucher SR,14091,SR,Suriname,USD,False,RANGE,30.0,100.0,0.0,Crypto
Crypto Voucher,CryptoVoucher SZ,14092,SZ,Eswatini,USD,False,RANGE,30.0,100.0,0.0,Crypto
Crypto Voucher,CryptoVoucher TJ,14093,TJ,Tajikistan,USD,False,RANGE,30.0,100.0,0.0,Crypto
Crypto Voucher,CryptoVoucher TZ,14094,TZ,Tanzania,USD,False,RANGE,30.0,100.0,0.0,Crypto
Crypto Voucher,CryptoVoucher TH,14095,TH,Thailand,USD,False,RANGE,30.0,100.0,0.0,Crypto
Crypto Voucher,CryptoVoucher CD,14096,CD,The Democratic Republic Of Congo,USD,False,RANGE,30.0,100.0,0.0,Crypto
Crypto Voucher,CryptoVoucher TG,14097,TG,Togo,USD,False,RANGE,30.0,100.0,0.0,Crypto
Crypto Voucher,CryptoVoucher TO,14098,TO,Tonga,USD,False,RANGE,30.0,100.0,0.0,Crypto
Crypto Voucher,CryptoVoucher TT,14099,TT,Trinidad and Tobago,USD,False,RANGE,30.0,100.0,0.0,Crypto
Crypto Voucher,CryptoVoucher TN,14100,TN,Tunisia,USD,False,RANGE,30.0,100.0,0.0,Crypto
Crypto Voucher,CryptoVoucher TR,14101,TR,Turkey,USD,False,RANGE,30.0,100.0,0.0,Crypto
Crypto Voucher,CryptoVoucher TC,14102,TC,Turks And Caicos Islands,USD,False,RANGE,30.0,100.0,0.0,Crypto
Crypto Voucher,CryptoVoucher UG,14103,UG,Uganda,USD,False,RANGE,30.0,100.0,0.0,Crypto
Crypto Voucher,CryptoVoucher UA,14104,UA,Ukraine,USD,False,RANGE,30.0,100.0,0.0,Crypto
Crypto Voucher,CryptoVoucher AE,14105,AE,United Arab Emirates,USD,False,RANGE,30.0,100.0,0.0,Crypto
Crypto Voucher,CryptoVoucher GB,14106,GB,United Kingdom,USD,False,RANGE,30.0,100.0,0.0,Crypto
Crypto Voucher,CryptoVoucher US,14107,US,United States,USD,False,RANGE,30.0,100.0,0.0,Crypto
Crypto Voucher,CryptoVoucher UY,14108,UY,Uruguay,USD,False,RANGE,30.0,100.0,0.0,Crypto
Crypto Voucher,CryptoVoucher UZ,14109,UZ,Uzbekistan,USD,False,RANGE,30.0,100.0,0.0,Crypto
Crypto Voucher,CryptoVoucher VU,14110,VU,Vanuatu,USD,False,RANGE,30.0,100.0,0.0,Crypto
Crypto Voucher,CryptoVoucher VN,14111,VN,Vietnam,USD,False,RANGE,30.0,100.0,0.0,Crypto
Crypto Voucher,CryptoVoucher YE,14112,YE,Yemen,USD,False,RANGE,30.0,100.0,0.0,Crypto
Crypto Voucher,CryptoVoucher ZM,14113,ZM,Zambia,USD,False,RANGE,30.0,100.0,0.0,Crypto
Crypto Voucher,CryptoVoucher ZW,14114,ZW,Zimbabwe,USD,False,RANGE,30.0,100.0,0.0,Crypto
Crypto Voucher,CryptoVoucher VE,14115,VE,Venezuela,USD,False,RANGE,30.0,100.0,0.0,Crypto
Crypto Voucher,CryptoVoucher GR,14116,GR,Greece,USD,False,RANGE,30.0,100.0,0.0,Crypto
Crypto Voucher,CryptoVoucher SO,14117,SO,Somalia,USD,False,RANGE,30.0,100.0,0.0,Crypto
Crypto Voucher,CryptoVoucher BY,14118,BY,Belarus,USD,False,RANGE,30.0,100.0,0.0,Crypto
Crypto Voucher,CryptoVoucher KM,14119,KM,Comoros,USD,False,RANGE,30.0,100.0,0.0,Crypto
Xbox,Xbox Live Canada,13949,CA,Canada,CAD,False,FIXED,,,5.0,Gaming
Xbox,Xbox Live 3 Month Canada,13955,CA,Canada,CAD,False,FIXED,,,5.0,Gaming
CBSi Paramount Plus,CBSi Paramount Plus,13956,US,United States,USD,False,FIXED,,,5.0,Entertainment
Xbox,Xbox Game Pass 3 Month US,13628,US,United States,USD,False,FIXED,,,5.0,Gaming
Xbox,Xbox Live US,13948,US,United States,USD,False,FIXED,,,5.0,Gaming
EA Play,EA Play,13957,US,United States,USD,False,FIXED,,,9.75,Gaming
SHENZHEN,SHENZHEN I/O LC,12244,LC,Saint Lucia,USD,False,FIXED,,,27.0,Gaming
SHENZHEN,SHENZHEN I/O VC,12245,VC,Saint Vincent And The Grenadines,USD,False,FIXED,,,27.0,Gaming
SHENZHEN,SHENZHEN I/O WS,12246,WS,Samoa,USD,False,FIXED,,,27.0,Gaming
SHENZHEN,SHENZHEN I/O SA,12247,SA,Saudi Arabia,USD,False,FIXED,,,27.0,Gaming
SHENZHEN,SHENZHEN I/O SN,12248,SN,Senegal,USD,False,FIXED,,,27.0,Gaming
SHENZHEN,SHENZHEN I/O SL,12249,SL,Sierra Leone,USD,False,FIXED,,,27.0,Gaming
SHENZHEN,SHENZHEN I/O SG,12250,SG,Singapore,USD,False,FIXED,,,27.0,Gaming
SHENZHEN,SHENZHEN I/O ZA,12251,ZA,South Africa,USD,False,FIXED,,,27.0,Gaming
SHENZHEN,SHENZHEN I/O ES,12252,ES,Spain,USD,False,FIXED,,,27.0,Gaming
SHENZHEN,SHENZHEN I/O LK,12253,LK,Sri Lanka,USD,False,FIXED,,,27.0,Gaming
SHENZHEN,SHENZHEN I/O SR,12254,SR,Suriname,USD,False,FIXED,,,27.0,Gaming
SHENZHEN,SHENZHEN I/O SZ,12255,SZ,Eswatini,USD,False,FIXED,,,27.0,Gaming
SHENZHEN,SHENZHEN I/O TJ,12256,TJ,Tajikistan,USD,False,FIXED,,,27.0,Gaming
SHENZHEN,SHENZHEN I/O TZ,12257,TZ,Tanzania,USD,False,FIXED,,,27.0,Gaming
SHENZHEN,SHENZHEN I/O TH,12258,TH,Thailand,USD,False,FIXED,,,27.0,Gaming
SHENZHEN,SHENZHEN I/O CD,12259,CD,The Democratic Republic Of Congo,USD,False,FIXED,,,27.0,Gaming
SHENZHEN,SHENZHEN I/O TG,12260,TG,Togo,USD,False,FIXED,,,27.0,Gaming
SHENZHEN,SHENZHEN I/O TO,12261,TO,Tonga,USD,False,FIXED,,,27.0,Gaming
SHENZHEN,SHENZHEN I/O TT,12262,TT,Trinidad and Tobago,USD,False,FIXED,,,27.0,Gaming
SHENZHEN,SHENZHEN I/O TN,12263,TN,Tunisia,USD,False,FIXED,,,27.0,Gaming
SHENZHEN,SHENZHEN I/O TR,12264,TR,Turkey,USD,False,FIXED,,,27.0,Gaming
SHENZHEN,SHENZHEN I/O TC,12265,TC,Turks And Caicos Islands,USD,False,FIXED,,,27.0,Gaming
SHENZHEN,SHENZHEN I/O UG,12266,UG,Uganda,USD,False,FIXED,,,27.0,Gaming
SHENZHEN,SHENZHEN I/O UA,12267,UA,Ukraine,USD,False,FIXED,,,27.0,Gaming
SHENZHEN,SHENZHEN I/O AE,12268,AE,United Arab Emirates,USD,False,FIXED,,,27.0,Gaming
SHENZHEN,SHENZHEN I/O GB,12269,GB,United Kingdom,USD,False,FIXED,,,27.0,Gaming
SHENZHEN,SHENZHEN I/O US,12270,US,United States,USD,False,FIXED,,,27.0,Gaming
SHENZHEN,SHENZHEN I/O UY,12271,UY,Uruguay,USD,False,FIXED,,,27.0,Gaming
SHENZHEN,SHENZHEN I/O UZ,12272,UZ,Uzbekistan,USD,False,FIXED,,,27.0,Gaming
SHENZHEN,SHENZHEN I/O VU,12273,VU,Vanuatu,USD,False,FIXED,,,27.0,Gaming
SHENZHEN,SHENZHEN I/O VN,12274,VN,Vietnam,USD,False,FIXED,,,27.0,Gaming
SHENZHEN,SHENZHEN I/O YE,12275,YE,Yemen,USD,False,FIXED,,,27.0,Gaming
SHENZHEN,SHENZHEN I/O ZM,12276,ZM,Zambia,USD,False,FIXED,,,27.0,Gaming
SHENZHEN,SHENZHEN I/O ZW,12277,ZW,Zimbabwe,USD,False,FIXED,,,27.0,Gaming
SHENZHEN,SHENZHEN I/O VE,12278,VE,Venezuela,USD,False,FIXED,,,27.0,Gaming
SHENZHEN,SHENZHEN I/O GR,12279,GR,Greece,USD,False,FIXED,,,27.0,Gaming
SHENZHEN,SHENZHEN I/O SO,12280,SO,Somalia,USD,False,FIXED,,,27.0,Gaming
SHENZHEN,SHENZHEN I/O BY,12281,BY,Belarus,USD,False,FIXED,,,27.0,Gaming
SHENZHEN,SHENZHEN I/O KM,12282,KM,Comoros,USD,False,FIXED,,,27.0,Gaming
SHENZHEN,SHENZHEN I/O MR,12283,MR,Mauritania,USD,False,FIXED,,,27.0,Gaming
SHENZHEN,SHENZHEN I/O BE,12284,BE,Belgium,USD,False,FIXED,,,27.0,Gaming
SHENZHEN,SHENZHEN I/O MS,12285,MS,Montserrat,USD,False,FIXED,,,27.0,Gaming
SHENZHEN,SHENZHEN I/O KR,12286,KR,South Korea,USD,False,FIXED,,,27.0,Gaming
SHENZHEN,SHENZHEN I/O IE,12287,IE,Ireland,USD,False,FIXED,,,27.0,Gaming
SHENZHEN,SHENZHEN I/O FI,12288,FI,Finland,USD,False,FIXED,,,27.0,Gaming
SHENZHEN,SHENZHEN I/O AT,12289,AT,Austria,USD,False,FIXED,,,27.0,Gaming
Eventim,Eventim Voucher Germany,14651,DE,Germany,EUR,False,FIXED,,,0.0,Shopping
Calzedonia,Calzedonia AT,14620,AT,Austria,EUR,False,FIXED,,,0.0,Shopping
Intimissimi,Intimissimi Italy,15155,IT,Italy,EUR,False,FIXED,,,0.0,Shopping
Game World,Game World Germany,14966,DE,Germany,EUR,False,FIXED,,,0.0,Gaming
Adidas,Adidas FR,14418,FR,France,EUR,False,FIXED,,,0.0,Shopping
CHRIST,CHRIST Gift Card AT,14618,AT,Austria,EUR,False,FIXED,,,0.0,Shopping
Decathlon,Decathlon Germany,14636,DE,Germany,EUR,False,FIXED,,,0.0,Shopping
Galeria Kaufhof,Galeria Kaufhof Germany,14965,DE,Germany,EUR,False,FIXED,,,0.0,Shopping
Just Eat,JustEat Belgium,15171,BE,Belgium,EUR,False,FIXED,,,0.0,Shopping
FlixBus,FlixBus Voucher Poland,14658,PL,Poland,PLN,False,FIXED,,,0.0,Travel
HotelGift,HotelGift eCard Italy,14996,IT,Italy,EUR,False,FIXED,,,0.0,Travel
Free Fire,Free Fire Diamonds VE,14955,VE,Venezuela,USD,False,FIXED,,,0.0,Gaming
C&A,C&A Gift Card DE,14616,DE,Germany,EUR,False,FIXED,,,0.5,Shopping
Ecobnb,Ecobnb IT,14644,IT,Italy,EUR,False,FIXED,,,0.5,Travel
Big Point,Big Point DE,14595,DE,Germany,EUR,False,FIXED,,,0.5,Gaming
Deliveroo,Deliveroo,14156,AE,United Arab Emirates,AED,False,FIXED,,,0.0,Shopping
FlixBus,FlixBus Voucher Italy,14656,IT,Italy,EUR,False,FIXED,,,1.0,Travel
FlixBus,FlixBus Voucher Spain,14659,ES,Spain,EUR,False,FIXED,,,1.0,Travel
Adidas,Adidas DE,14419,DE,Germany,EUR,False,FIXED,,,1.0,Shopping
Free Fire,Free Fire 100 + 10 Diamond AU,14324,AU,Australia,USD,False,FIXED,,,0.0,Gaming
Free Fire,Free Fire 210 + 21 Diamond AU,14325,AU,Australia,USD,False,FIXED,,,0.0,Gaming
Free Fire,Free Fire 530 + 53 Diamond AU,14326,AU,Australia,USD,False,FIXED,,,0.0,Gaming
Free Fire,Free Fire 1080 + 108 Diamond AU,14327,AU,Australia,USD,False,FIXED,,,0.0,Gaming
Free Fire,Free Fire 2200 + 220 Diamond AU,14328,AU,Australia,USD,False,FIXED,,,0.0,Gaming
FlixBus,FlixBus Voucher Germany,14657,DE,Germany,EUR,False,FIXED,,,1.5,Travel
Abbonamenti,Abbonamenti IT,14410,IT,Italy,EUR,False,FIXED,,,1.5,Shopping
Atrapalo,Atrapalo ES,14586,ES,Spain,EUR,False,FIXED,,,1.5,Shopping
IKEA,IKEA Italy,15149,IT,Italy,EUR,False,FIXED,,,0.0,Shopping
Riot Access,RIOT ACCESS Latam America AU,14336,AU,Australia,USD,False,FIXED,,,1.0,Gaming
Douglas,Douglas DE,14643,DE,Germany,EUR,False,FIXED,,,1.7,Shopping
Razer Gold,Razer Gold Global AU,14371,AU,Australia,USD,False,FIXED,,,1.0,Gaming
Mango,Mango DE,15202,DE,Germany,EUR,False,FIXED,,,2.5,Shopping
Mango,Mango NL,15203,NL,Netherlands,EUR,False,FIXED,,,2.5,Shopping
Mango,Mango PT,15204,PT,Portugal,EUR,False,FIXED,,,2.5,Shopping
Rakuten,Kobo Canada,15180,CA,Canada,CAD,False,FIXED,,,2.0,Entertainment
Crypto Voucher,CryptoVoucher MR,14120,MR,Mauritania,USD,False,RANGE,30.0,100.0,0.0,Crypto
Crypto Voucher,CryptoVoucher BE,14121,BE,Belgium,USD,False,RANGE,30.0,100.0,0.0,Crypto
Crypto Voucher,CryptoVoucher MS,14122,MS,Montserrat,USD,False,RANGE,30.0,100.0,0.0,Crypto
Crypto Voucher,CryptoVoucher KR,14123,KR,South Korea,USD,False,RANGE,30.0,100.0,0.0,Crypto
Crypto Voucher,CryptoVoucher IE,14124,IE,Ireland,USD,False,RANGE,30.0,100.0,0.0,Crypto
Crypto Voucher,CryptoVoucher FI,14125,FI,Finland,USD,False,RANGE,30.0,100.0,0.0,Crypto
Crypto Voucher,CryptoVoucher AT,14126,AT,Austria,USD,False,RANGE,30.0,100.0,0.0,Crypto
Anghami Plus,Anghami UAE,14155,AE,United Arab Emirates,AED,False,FIXED,,,2.0,Entertainment
Crypto Voucher,CryptoVoucher AU,14396,AU,Australia,USD,False,RANGE,30.0,100.0,0.0,Crypto
NetDragon Universal,NetDragon Universal AF,14160,AF,Afghanistan,USD,False,FIXED,,,2.5,Gaming
NetDragon Universal,NetDragon Universal AL,14161,AL,Albania,USD,False,FIXED,,,2.5,Gaming
NetDragon Universal,NetDragon Universal DZ,14162,DZ,Algeria,USD,False,FIXED,,,2.5,Gaming
NetDragon Universal,NetDragon Universal AS,14163,AS,American Samoa,USD,False,FIXED,,,2.5,Gaming
NetDragon Universal,NetDragon Universal AO,14164,AO,Angola,USD,False,FIXED,,,2.5,Gaming
NetDragon Universal,NetDragon Universal AI,14165,AI,Anguilla,USD,False,FIXED,,,2.5,Gaming
NetDragon Universal,NetDragon Universal AG,14166,AG,Antigua and Barbuda,USD,False,FIXED,,,2.5,Gaming
NetDragon Universal,NetDragon Universal AR,14167,AR,Argentina,USD,False,FIXED,,,2.5,Gaming
NetDragon Universal,NetDragon Universal AM,14168,AM,Armenia,USD,False,FIXED,,,2.5,Gaming
NetDragon Universal,NetDragon Universal AW,14169,AW,Aruba,USD,False,FIXED,,,2.5,Gaming
NetDragon Universal,NetDragon Universal BS,14170,BS,Bahamas,USD,False,FIXED,,,2.5,Gaming
NetDragon Universal,NetDragon Universal BH,14171,BH,Bahrain,USD,False,FIXED,,,2.5,Gaming
NetDragon Universal,NetDragon Universal BD,14172,BD,Bangladesh,USD,False,FIXED,,,2.5,Gaming
NetDragon Universal,NetDragon Universal BB,14173,BB,Barbados,USD,False,FIXED,,,2.5,Gaming
NetDragon Universal,NetDragon Universal BZ,14174,BZ,Belize,USD,False,FIXED,,,2.5,Gaming
NetDragon Universal,NetDragon Universal BJ,14175,BJ,Benin,USD,False,FIXED,,,2.5,Gaming
NetDragon Universal,NetDragon Universal BM,14176,BM,Bermuda,USD,False,FIXED,,,2.5,Gaming
NetDragon Universal,NetDragon Universal BO,14177,BO,Bolivia,USD,False,FIXED,,,2.5,Gaming
NetDragon Universal,NetDragon Universal BW,14178,BW,Botswana,USD,False,FIXED,,,2.5,Gaming
NetDragon Universal,NetDragon Universal BR,14179,BR,Brazil,USD,False,FIXED,,,2.5,Gaming
NetDragon Universal,NetDragon Universal VG,14180,VG,British Virgin Islands,USD,False,FIXED,,,2.5,Gaming
NetDragon Universal,NetDragon Universal BF,14181,BF,Burkina Faso,USD,False,FIXED,,,2.5,Gaming
NetDragon Universal,NetDragon Universal BI,14182,BI,Burundi,USD,False,FIXED,,,2.5,Gaming
NetDragon Universal,NetDragon Universal KH,14183,KH,Cambodia,USD,False,FIXED,,,2.5,Gaming
NetDragon Universal,NetDragon Universal CM,14184,CM,Cameroon,USD,False,FIXED,,,2.5,Gaming
NetDragon Universal,NetDragon Universal CA,14185,CA,Canada,USD,False,FIXED,,,2.5,Gaming
NetDragon Universal,NetDragon Universal CV,14186,CV,Cape Verde,USD,False,FIXED,,,2.5,Gaming
NetDragon Universal,NetDragon Universal KY,14187,KY,Cayman Islands,USD,False,FIXED,,,2.5,Gaming
NetDragon Universal,NetDragon Universal CF,14188,CF,Central African Republic,USD,False,FIXED,,,2.5,Gaming
NetDragon Universal,NetDragon Universal CL,14189,CL,Chile,USD,False,FIXED,,,2.5,Gaming
NetDragon Universal,NetDragon Universal CN,14190,CN,China,USD,False,FIXED,,,2.5,Gaming
NetDragon Universal,NetDragon Universal CO,14191,CO,Colombia,USD,False,FIXED,,,2.5,Gaming
NetDragon Universal,NetDragon Universal CG,14192,CG,Congo,USD,False,FIXED,,,2.5,Gaming
NetDragon Universal,NetDragon Universal CR,14193,CR,Costa Rica,USD,False,FIXED,,,2.5,Gaming
NetDragon Universal,NetDragon Universal CI,14194,CI,Côte d'Ivoire,USD,False,FIXED,,,2.5,Gaming
NetDragon Universal,NetDragon Universal CU,14195,CU,Cuba,USD,False,FIXED,,,2.5,Gaming
NetDragon Universal,NetDragon Universal CY,14196,CY,Cyprus,USD,False,FIXED,,,2.5,Gaming
NetDragon Universal,NetDragon Universal DM,14197,DM,Dominica,USD,False,FIXED,,,2.5,Gaming
NetDragon Universal,NetDragon Universal DO,14198,DO,Dominican Republic,USD,False,FIXED,,,2.5,Gaming
NetDragon Universal,NetDragon Universal EC,14199,EC,Ecuador,USD,False,FIXED,,,2.5,Gaming
NetDragon Universal,NetDragon Universal EG,14200,EG,Egypt,USD,False,FIXED,,,2.5,Gaming
NetDragon Universal,NetDragon Universal SV,14201,SV,El Salvador,USD,False,FIXED,,,2.5,Gaming
NetDragon Universal,NetDragon Universal ET,14202,ET,Ethiopia,USD,False,FIXED,,,2.5,Gaming
NetDragon Universal,NetDragon Universal FJ,14203,FJ,Fiji,USD,False,FIXED,,,2.5,Gaming
NetDragon Universal,NetDragon Universal FR,14204,FR,France,USD,False,FIXED,,,2.5,Gaming
NetDragon Universal,NetDragon Universal GM,14205,GM,Gambia,USD,False,FIXED,,,2.5,Gaming
NetDragon Universal,NetDragon Universal GE,14206,GE,Georgia,USD,False,FIXED,,,2.5,Gaming
NetDragon Universal,NetDragon Universal DE,14207,DE,Germany,USD,False,FIXED,,,2.5,Gaming
NetDragon Universal,NetDragon Universal GH,14208,GH,Ghana,USD,False,FIXED,,,2.5,Gaming
NetDragon Universal,NetDragon Universal GD,14209,GD,Grenada,USD,False,FIXED,,,2.5,Gaming
NetDragon Universal,NetDragon Universal GT,14210,GT,Guatemala,USD,False,FIXED,,,2.5,Gaming
NetDragon Universal,NetDragon Universal GN,14211,GN,Guinea Conakry,USD,False,FIXED,,,2.5,Gaming
NetDragon Universal,NetDragon Universal GW,14212,GW,Guinea-Bissau,USD,False,FIXED,,,2.5,Gaming
NetDragon Universal,NetDragon Universal GY,14213,GY,Guyana,USD,False,FIXED,,,2.5,Gaming
NetDragon Universal,NetDragon Universal HT,14214,HT,Haiti,USD,False,FIXED,,,2.5,Gaming
NetDragon Universal,NetDragon Universal HN,14215,HN,Honduras,USD,False,FIXED,,,2.5,Gaming
NetDragon Universal,NetDragon Universal IN,14216,IN,India,USD,False,FIXED,,,2.5,Gaming
NetDragon Universal,NetDragon Universal ID,14217,ID,Indonesia,USD,False,FIXED,,,2.5,Gaming
NetDragon Universal,NetDragon Universal IQ,14218,IQ,Iraq,USD,False,FIXED,,,2.5,Gaming
NetDragon Universal,NetDragon Universal IT,14219,IT,Italy,USD,False,FIXED,,,2.5,Gaming
NetDragon Universal,NetDragon Universal JM,14220,JM,Jamaica,USD,False,FIXED,,,2.5,Gaming
NetDragon Universal,NetDragon Universal JO,14221,JO,Jordan,USD,False,FIXED,,,2.5,Gaming
NetDragon Universal,NetDragon Universal KZ,14222,KZ,Kazakhstan,USD,False,FIXED,,,2.5,Gaming
NetDragon Universal,NetDragon Universal KE,14223,KE,Kenya,USD,False,FIXED,,,2.5,Gaming
NetDragon Universal,NetDragon Universal KW,14224,KW,Kuwait,USD,False,FIXED,,,2.5,Gaming
NetDragon Universal,NetDragon Universal KG,14225,KG,Kyrgyzstan,USD,False,FIXED,,,2.5,Gaming
NetDragon Universal,NetDragon Universal LA,14226,LA,Laos,USD,False,FIXED,,,2.5,Gaming
NetDragon Universal,NetDragon Universal LB,14227,LB,Lebanon,USD,False,FIXED,,,2.5,Gaming
NetDragon Universal,NetDragon Universal LR,14228,LR,Liberia,USD,False,FIXED,,,2.5,Gaming
NetDragon Universal,NetDragon Universal MK,14229,MK,Macedonia,USD,False,FIXED,,,2.5,Gaming
NetDragon Universal,NetDragon Universal MG,14230,MG,Madagascar,USD,False,FIXED,,,2.5,Gaming
NetDragon Universal,NetDragon Universal MW,14231,MW,Malawi,USD,False,FIXED,,,2.5,Gaming
NetDragon Universal,NetDragon Universal MY,14232,MY,Malaysia,USD,False,FIXED,,,2.5,Gaming
NetDragon Universal,NetDragon Universal ML,14233,ML,Mali,USD,False,FIXED,,,2.5,Gaming
NetDragon Universal,NetDragon Universal MQ,14234,MQ,Martinique,USD,False,FIXED,,,2.5,Gaming
NetDragon Universal,NetDragon Universal MX,14235,MX,Mexico,USD,False,FIXED,,,2.5,Gaming
NetDragon Universal,NetDragon Universal MD,14236,MD,Moldova,USD,False,FIXED,,,2.5,Gaming
NetDragon Universal,NetDragon Universal MA,14237,MA,Morocco,USD,False,FIXED,,,2.5,Gaming
NetDragon Universal,NetDragon Universal MZ,14238,MZ,Mozambique,USD,False,FIXED,,,2.5,Gaming
NetDragon Universal,NetDragon Universal MM,14239,MM,Myanmar,USD,False,FIXED,,,2.5,Gaming
NetDragon Universal,NetDragon Universal NA,14240,NA,Namibia,USD,False,FIXED,,,2.5,Gaming
NetDragon Universal,NetDragon Universal NR,14241,NR,Nauru,USD,False,FIXED,,,2.5,Gaming
NetDragon Universal,NetDragon Universal NP,14242,NP,Nepal,USD,False,FIXED,,,2.5,Gaming
NetDragon Universal,NetDragon Universal NL,14243,NL,Netherlands,USD,False,FIXED,,,2.5,Gaming
NetDragon Universal,NetDragon Universal AN,14244,AN,Netherlands Antilles,USD,False,FIXED,,,2.5,Gaming
NetDragon Universal,NetDragon Universal NI,14245,NI,Nicaragua,USD,False,FIXED,,,2.5,Gaming
NetDragon Universal,NetDragon Universal NE,14246,NE,Niger,USD,False,FIXED,,,2.5,Gaming
NetDragon Universal,NetDragon Universal NG,14247,NG,Nigeria,USD,False,FIXED,,,2.5,Gaming
NetDragon Universal,NetDragon Universal OM,14248,OM,Oman,USD,False,FIXED,,,2.5,Gaming
NetDragon Universal,NetDragon Universal PK,14249,PK,Pakistan,USD,False,FIXED,,,2.5,Gaming
NetDragon Universal,NetDragon Universal PS,14250,PS,Palestine,USD,False,FIXED,,,2.5,Gaming
NetDragon Universal,NetDragon Universal PA,14251,PA,Panama,USD,False,FIXED,,,2.5,Gaming
NetDragon Universal,NetDragon Universal PG,14252,PG,Papua New Guinea,USD,False,FIXED,,,2.5,Gaming
NetDragon Universal,NetDragon Universal PY,14253,PY,Paraguay,USD,False,FIXED,,,2.5,Gaming
NetDragon Universal,NetDragon Universal PE,14254,PE,Peru,USD,False,FIXED,,,2.5,Gaming
NetDragon Universal,NetDragon Universal PH,14255,PH,Philippines,USD,False,FIXED,,,2.5,Gaming
NetDragon Universal,NetDragon Universal PL,14256,PL,Poland,USD,False,FIXED,,,2.5,Gaming
NetDragon Universal,NetDragon Universal PT,14257,PT,Portugal,USD,False,FIXED,,,2.5,Gaming
NetDragon Universal,NetDragon Universal PR,14258,PR,Puerto Rico,USD,False,FIXED,,,2.5,Gaming
NetDragon Universal,NetDragon Universal QA,14259,QA,Qatar,USD,False,FIXED,,,2.5,Gaming
NetDragon Universal,NetDragon Universal RO,14260,RO,Romania,USD,False,FIXED,,,2.5,Gaming
NetDragon Universal,NetDragon Universal RU,14261,RU,Russia,USD,False,FIXED,,,2.5,Gaming
NetDragon Universal,NetDragon Universal RW,14262,RW,Rwanda,USD,False,FIXED,,,2.5,Gaming
NetDragon Universal,NetDragon Universal KN,14263,KN,Saint Kitts And Nevis,USD,False,FIXED,,,2.5,Gaming
NetDragon Universal,NetDragon Universal LC,14264,LC,Saint Lucia,USD,False,FIXED,,,2.5,Gaming
NetDragon Universal,NetDragon Universal VC,14265,VC,Saint Vincent And The Grenadines,USD,False,FIXED,,,2.5,Gaming
NetDragon Universal,NetDragon Universal WS,14266,WS,Samoa,USD,False,FIXED,,,2.5,Gaming
NetDragon Universal,NetDragon Universal SA,14267,SA,Saudi Arabia,USD,False,FIXED,,,2.5,Gaming
NetDragon Universal,NetDragon Universal SN,14268,SN,Senegal,USD,False,FIXED,,,2.5,Gaming
NetDragon Universal,NetDragon Universal SL,14269,SL,Sierra Leone,USD,False,FIXED,,,2.5,Gaming
NetDragon Universal,NetDragon Universal SG,14270,SG,Singapore,USD,False,FIXED,,,2.5,Gaming
NetDragon Universal,NetDragon Universal ZA,14271,ZA,South Africa,USD,False,FIXED,,,2.5,Gaming
NetDragon Universal,NetDragon Universal ES,14272,ES,Spain,USD,False,FIXED,,,2.5,Gaming
NetDragon Universal,NetDragon Universal LK,14273,LK,Sri Lanka,USD,False,FIXED,,,2.5,Gaming
NetDragon Universal,NetDragon Universal SR,14274,SR,Suriname,USD,False,FIXED,,,2.5,Gaming
NetDragon Universal,NetDragon Universal SZ,14275,SZ,Eswatini,USD,False,FIXED,,,2.5,Gaming
NetDragon Universal,NetDragon Universal TJ,14276,TJ,Tajikistan,USD,False,FIXED,,,2.5,Gaming
NetDragon Universal,NetDragon Universal TZ,14277,TZ,Tanzania,USD,False,FIXED,,,2.5,Gaming
NetDragon Universal,NetDragon Universal TH,14278,TH,Thailand,USD,False,FIXED,,,2.5,Gaming
NetDragon Universal,NetDragon Universal CD,14279,CD,The Democratic Republic Of Congo,USD,False,FIXED,,,2.5,Gaming
NetDragon Universal,NetDragon Universal TG,14280,TG,Togo,USD,False,FIXED,,,2.5,Gaming
NetDragon Universal,NetDragon Universal TO,14281,TO,Tonga,USD,False,FIXED,,,2.5,Gaming
NetDragon Universal,NetDragon Universal TT,14282,TT,Trinidad and Tobago,USD,False,FIXED,,,2.5,Gaming
NetDragon Universal,NetDragon Universal TN,14283,TN,Tunisia,USD,False,FIXED,,,2.5,Gaming
NetDragon Universal,NetDragon Universal TR,14284,TR,Turkey,USD,False,FIXED,,,2.5,Gaming
NetDragon Universal,NetDragon Universal TC,14285,TC,Turks And Caicos Islands,USD,False,FIXED,,,2.5,Gaming
NetDragon Universal,NetDragon Universal UG,14286,UG,Uganda,USD,False,FIXED,,,2.5,Gaming
NetDragon Universal,NetDragon Universal UA,14287,UA,Ukraine,USD,False,FIXED,,,2.5,Gaming
NetDragon Universal,NetDragon Universal AE,14288,AE,United Arab Emirates,USD,False,FIXED,,,2.5,Gaming
NetDragon Universal,NetDragon Universal GB,14289,GB,United Kingdom,USD,False,FIXED,,,2.5,Gaming
NetDragon Universal,NetDragon Universal (Global) US,14290,US,United States,USD,False,FIXED,,,2.5,Gaming
NetDragon Universal,NetDragon Universal UY,14291,UY,Uruguay,USD,False,FIXED,,,2.5,Gaming
NetDragon Universal,NetDragon Universal UZ,14292,UZ,Uzbekistan,USD,False,FIXED,,,2.5,Gaming
NetDragon Universal,NetDragon Universal VU,14293,VU,Vanuatu,USD,False,FIXED,,,2.5,Gaming
NetDragon Universal,NetDragon Universal VN,14294,VN,Vietnam,USD,False,FIXED,,,2.5,Gaming
NetDragon Universal,NetDragon Universal YE,14295,YE,Yemen,USD,False,FIXED,,,2.5,Gaming
NetDragon Universal,NetDragon Universal ZM,14296,ZM,Zambia,USD,False,FIXED,,,2.5,Gaming
NetDragon Universal,NetDragon Universal ZW,14297,ZW,Zimbabwe,USD,False,FIXED,,,2.5,Gaming
NetDragon Universal,NetDragon Universal VE,14298,VE,Venezuela,USD,False,FIXED,,,2.5,Gaming
NetDragon Universal,NetDragon Universal GR,14299,GR,Greece,USD,False,FIXED,,,2.5,Gaming
NetDragon Universal,NetDragon Universal SO,14300,SO,Somalia,USD,False,FIXED,,,2.5,Gaming
NetDragon Universal,NetDragon Universal BY,14301,BY,Belarus,USD,False,FIXED,,,2.5,Gaming
NetDragon Universal,NetDragon Universal KM,14302,KM,Comoros,USD,False,FIXED,,,2.5,Gaming
NetDragon Universal,NetDragon Universal MR,14303,MR,Mauritania,USD,False,FIXED,,,2.5,Gaming
NetDragon Universal,NetDragon Universal BE,14304,BE,Belgium,USD,False,FIXED,,,2.5,Gaming
NetDragon Universal,NetDragon Universal MS,14305,MS,Montserrat,USD,False,FIXED,,,2.5,Gaming
NetDragon Universal,NetDragon Universal KR,14306,KR,South Korea,USD,False,FIXED,,,2.5,Gaming
NetDragon Universal,NetDragon Universal IE,14307,IE,Ireland,USD,False,FIXED,,,2.5,Gaming
NetDragon Universal,NetDragon Universal FI,14308,FI,Finland,USD,False,FIXED,,,2.5,Gaming
NetDragon Universal,NetDragon Universal AT,14309,AT,Austria,USD,False,FIXED,,,2.5,Gaming
NetDragon Universal,NetDragon Universal AU,14397,AU,Australia,USD,False,FIXED,,,2.5,Gaming
Anghami Plus,Anghami KSA,14154,SA,Saudi Arabia,SAR,False,FIXED,,,3.0,Entertainment
FT Orange Ticket Video,FT Orange Ticket Video FR,14653,FR,France,EUR,False,FIXED,,,7.5,Entertainment
Cornerstone,Cornerstone UK,14625,GB,United Kingdom,GBP,False,FIXED,,,15.0,Shopping
MOLEK-SYNTEZ,MOLEK-SYNTEZ AU,14383,AU,Australia,USD,False,FIXED,,,25.0,Gaming
SHENZHEN,SHENZHEN I/O AU,14384,AU,Australia,USD,False,FIXED,,,27.0,Gaming
Nike,Nike Ireland,15370,IE,Ireland,EUR,False,RANGE,5.0,88.61,0.0,Shopping
OTTO,OTTO Germany,15406,DE,Germany,EUR,False,FIXED,,,0.0,Shopping
Steam,Steam FR,15802,FR,France,EUR,False,FIXED,,,0.0,Gaming
Steam,Steam OM,15749,OM,Oman,USD,False,FIXED,,,0.0,Gaming
Steam,Steam TH,15778,TH,Thailand,THB,False,FIXED,,,0.0,Gaming
Steam,Steam PH,15756,PH,Philippines,PHP,False,FIXED,,,0.0,Gaming
Steam,Steam MY,15732,MY,Malaysia,MYR,False,FIXED,,,0.0,Gaming
Steam,Steam VN,15791,VN,Vietnam,VND,False,FIXED,,,0.0,Gaming
Steam,Steam IN,15714,IN,India,INR,False,FIXED,,,0.0,Gaming
Steam,Steam ID,15715,ID,Indonesia,IDR,False,FIXED,,,0.0,Gaming
Steam,Steam BR,15674,BR,Brazil,BRL,False,FIXED,,,0.0,Gaming
Prenatal,Prenatal Italy,15599,IT,Italy,EUR,False,FIXED,,,0.0,Shopping
Steam,Steam Poland,15810,PL,Poland,PLN,False,FIXED,,,0.0,Gaming
PlayStation,PlayStation BE,15591,BE,Belgium,EUR,False,FIXED,,,0.0,Gaming
Steam,Steam KW,15724,KW,Kuwait,USD,False,FIXED,,,0.6,Gaming
Steam,Steam BH,15664,BH,Bahrain,USD,False,FIXED,,,0.0,Gaming
Steam,Steam QA,15760,QA,Qatar,USD,False,FIXED,,,0.0,Gaming
Sephora,Sephora Italy,15631,IT,Italy,EUR,False,FIXED,,,0.5,Shopping
Rituals,Rituals Spain,15609,ES,Spain,EUR,False,FIXED,,,0.5,Shopping
Orchestra,Orchestra Gift Card IT,15409,IT,Italy,EUR,False,FIXED,,,1.0,Shopping
Rituals,Rituals PT,15608,PT,Portugal,EUR,False,FIXED,,,1.0,Shopping
Marionnaud,Marionnaud IT,15205,IT,Italy,EUR,False,FIXED,,,1.0,Shopping
Mobile Legends,Mobile Legends Diamonds AF,15208,AF,Afghanistan,USD,False,FIXED,,,1.0,Gaming
Mobile Legends,Mobile Legends Diamonds AL,15209,AL,Albania,USD,False,FIXED,,,1.0,Gaming
Mobile Legends,Mobile Legends Diamonds DZ,15210,DZ,Algeria,USD,False,FIXED,,,1.0,Gaming
Mobile Legends,Mobile Legends Diamonds AS,15211,AS,American Samoa,USD,False,FIXED,,,1.0,Gaming
Mobile Legends,Mobile Legends Diamonds AO,15212,AO,Angola,USD,False,FIXED,,,1.0,Gaming
Mobile Legends,Mobile Legends Diamonds AI,15213,AI,Anguilla,USD,False,FIXED,,,1.0,Gaming
Mobile Legends,Mobile Legends Diamonds AG,15214,AG,Antigua and Barbuda,USD,False,FIXED,,,1.0,Gaming
Mobile Legends,Mobile Legends Diamonds AR,15215,AR,Argentina,USD,False,FIXED,,,1.0,Gaming
Mobile Legends,Mobile Legends Diamonds AM,15216,AM,Armenia,USD,False,FIXED,,,1.0,Gaming
Mobile Legends,Mobile Legends Diamonds AW,15217,AW,Aruba,USD,False,FIXED,,,1.0,Gaming
Mobile Legends,Mobile Legends Diamonds AU,15218,AU,Australia,USD,False,FIXED,,,1.0,Gaming
Mobile Legends,Mobile Legends Diamonds AT,15219,AT,Austria,USD,False,FIXED,,,1.0,Gaming
Mobile Legends,Mobile Legends Diamonds BS,15220,BS,Bahamas,USD,False,FIXED,,,1.0,Gaming
Mobile Legends,Mobile Legends Diamonds BH,15221,BH,Bahrain,USD,False,FIXED,,,1.0,Gaming
Mobile Legends,Mobile Legends Diamonds BD,15222,BD,Bangladesh,USD,False,FIXED,,,1.0,Gaming
Mobile Legends,Mobile Legends Diamonds BB,15223,BB,Barbados,USD,False,FIXED,,,1.0,Gaming
Mobile Legends,Mobile Legends Diamonds BY,15224,BY,Belarus,USD,False,FIXED,,,1.0,Gaming
Mobile Legends,Mobile Legends Diamonds BE,15225,BE,Belgium,USD,False,FIXED,,,1.0,Gaming
Mobile Legends,Mobile Legends Diamonds BZ,15226,BZ,Belize,USD,False,FIXED,,,1.0,Gaming
Mobile Legends,Mobile Legends Diamonds BJ,15227,BJ,Benin,USD,False,FIXED,,,1.0,Gaming
Mobile Legends,Mobile Legends Diamonds BM,15228,BM,Bermuda,USD,False,FIXED,,,1.0,Gaming
Mobile Legends,Mobile Legends Diamonds BO,15229,BO,Bolivia,USD,False,FIXED,,,1.0,Gaming
Mobile Legends,Mobile Legends Diamonds BW,15230,BW,Botswana,USD,False,FIXED,,,1.0,Gaming
Mobile Legends,Mobile Legends Diamonds BR,15231,BR,Brazil,USD,False,FIXED,,,1.0,Gaming
Mobile Legends,Mobile Legends Diamonds BF,15232,BF,Burkina Faso,USD,False,FIXED,,,1.0,Gaming
Mobile Legends,Mobile Legends Diamonds BI,15233,BI,Burundi,USD,False,FIXED,,,1.0,Gaming
Mobile Legends,Mobile Legends Diamonds KH,15234,KH,Cambodia,USD,False,FIXED,,,1.0,Gaming
Mobile Legends,Mobile Legends Diamonds CM,15235,CM,Cameroon,USD,False,FIXED,,,1.0,Gaming
Mobile Legends,Mobile Legends Diamonds CA,15236,CA,Canada,USD,False,FIXED,,,1.0,Gaming
Mobile Legends,Mobile Legends Diamonds CV,15237,CV,Cape Verde,USD,False,FIXED,,,1.0,Gaming
Mobile Legends,Mobile Legends Diamonds KY,15238,KY,Cayman Islands,USD,False,FIXED,,,1.0,Gaming
Mobile Legends,Mobile Legends Diamonds CF,15239,CF,Central African Republic,USD,False,FIXED,,,1.0,Gaming
Mobile Legends,Mobile Legends Diamonds CL,15240,CL,Chile,USD,False,FIXED,,,1.0,Gaming
Mobile Legends,Mobile Legends Diamonds KM,15243,KM,Comoros,USD,False,FIXED,,,1.0,Gaming
Mobile Legends,Mobile Legends Diamonds CG,15244,CG,Congo,USD,False,FIXED,,,1.0,Gaming
Mobile Legends,Mobile Legends Diamonds CD,15245,CD,The Democratic Republic Of Congo,USD,False,FIXED,,,1.0,Gaming
Mobile Legends,Mobile Legends Diamonds CR,15246,CR,Costa Rica,USD,False,FIXED,,,1.0,Gaming
Mobile Legends,Mobile Legends Diamonds CI,15247,CI,Côte d'Ivoire,USD,False,FIXED,,,1.0,Gaming
Mobile Legends,Mobile Legends Diamonds CU,15248,CU,Cuba,USD,False,FIXED,,,1.0,Gaming
Mobile Legends,Mobile Legends Diamonds CY,15249,CY,Cyprus,USD,False,FIXED,,,1.0,Gaming
Mobile Legends,Mobile Legends Diamonds DM,15250,DM,Dominica,USD,False,FIXED,,,1.0,Gaming
Mobile Legends,Mobile Legends Diamonds DO,15251,DO,Dominican Republic,USD,False,FIXED,,,1.0,Gaming
Mobile Legends,Mobile Legends Diamonds EC,15252,EC,Ecuador,USD,False,FIXED,,,1.0,Gaming
Mobile Legends,Mobile Legends Diamonds EG,15253,EG,Egypt,USD,False,FIXED,,,1.0,Gaming
Mobile Legends,Mobile Legends Diamonds SV,15254,SV,El Salvador,USD,False,FIXED,,,1.0,Gaming
Mobile Legends,Mobile Legends Diamonds ET,15255,ET,Ethiopia,USD,False,FIXED,,,1.0,Gaming
Mobile Legends,Mobile Legends Diamonds FJ,15256,FJ,Fiji,USD,False,FIXED,,,1.0,Gaming
Mobile Legends,Mobile Legends Diamonds FI,15257,FI,Finland,USD,False,FIXED,,,1.0,Gaming
Mobile Legends,Mobile Legends Diamonds FR,15258,FR,France,USD,False,FIXED,,,1.0,Gaming
Mobile Legends,Mobile Legends Diamonds GM,15259,GM,Gambia,USD,False,FIXED,,,1.0,Gaming
Mobile Legends,Mobile Legends Diamonds GE,15260,GE,Georgia,USD,False,FIXED,,,1.0,Gaming
Mobile Legends,Mobile Legends Diamonds DE,15261,DE,Germany,USD,False,FIXED,,,1.0,Gaming
Mobile Legends,Mobile Legends Diamonds GH,15262,GH,Ghana,USD,False,FIXED,,,1.0,Gaming
Mobile Legends,Mobile Legends Diamonds GR,15263,GR,Greece,USD,False,FIXED,,,1.0,Gaming
Mobile Legends,Mobile Legends Diamonds GD,15264,GD,Grenada,USD,False,FIXED,,,1.0,Gaming
Mobile Legends,Mobile Legends Diamonds GT,15265,GT,Guatemala,USD,False,FIXED,,,1.0,Gaming
Mobile Legends,Mobile Legends Diamonds GN,15266,GN,Guinea Conakry,USD,False,FIXED,,,1.0,Gaming
Mobile Legends,Mobile Legends Diamonds GW,15267,GW,Guinea-Bissau,USD,False,FIXED,,,1.0,Gaming
Mobile Legends,Mobile Legends Diamonds GY,15268,GY,Guyana,USD,False,FIXED,,,1.0,Gaming
Mobile Legends,Mobile Legends Diamonds HT,15269,HT,Haiti,USD,False,FIXED,,,1.0,Gaming
Mobile Legends,Mobile Legends Diamonds HN,15270,HN,Honduras,USD,False,FIXED,,,1.0,Gaming
Mobile Legends,Mobile Legends Diamonds IN,15271,IN,India,USD,False,FIXED,,,1.0,Gaming
Mobile Legends,Mobile Legends Diamonds ID,15272,ID,Indonesia,USD,False,FIXED,,,1.0,Gaming
Mobile Legends,Mobile Legends Diamonds IQ,15273,IQ,Iraq,USD,False,FIXED,,,1.0,Gaming
Mobile Legends,Mobile Legends Diamonds IE,15274,IE,Ireland,USD,False,FIXED,,,1.0,Gaming
Mobile Legends,Mobile Legends Diamonds IT,15275,IT,Italy,USD,False,FIXED,,,1.0,Gaming
Mobile Legends,Mobile Legends Diamonds JM,15276,JM,Jamaica,USD,False,FIXED,,,1.0,Gaming
Mobile Legends,Mobile Legends Diamonds JO,15277,JO,Jordan,USD,False,FIXED,,,1.0,Gaming
Mobile Legends,Mobile Legends Diamonds KZ,15278,KZ,Kazakhstan,USD,False,FIXED,,,1.0,Gaming
Mobile Legends,Mobile Legends Diamonds KE,15279,KE,Kenya,USD,False,FIXED,,,1.0,Gaming
Mobile Legends,Mobile Legends Diamonds KR,15280,KR,South Korea,USD,False,FIXED,,,1.0,Gaming
Mobile Legends,Mobile Legends Diamonds KW,15281,KW,Kuwait,USD,False,FIXED,,,1.0,Gaming
Mobile Legends,Mobile Legends Diamonds KG,15282,KG,Kyrgyzstan,USD,False,FIXED,,,1.0,Gaming
Mobile Legends,Mobile Legends Diamonds LA,15283,LA,Laos,USD,False,FIXED,,,1.0,Gaming
Mobile Legends,Mobile Legends Diamonds LB,15284,LB,Lebanon,USD,False,FIXED,,,1.0,Gaming
Mobile Legends,Mobile Legends Diamonds LR,15285,LR,Liberia,USD,False,FIXED,,,1.0,Gaming
Mobile Legends,Mobile Legends Diamonds MK,15286,MK,Macedonia,USD,False,FIXED,,,1.0,Gaming
Mobile Legends,Mobile Legends Diamonds MG,15287,MG,Madagascar,USD,False,FIXED,,,1.0,Gaming
Mobile Legends,Mobile Legends Diamonds MW,15288,MW,Malawi,USD,False,FIXED,,,1.0,Gaming
Mobile Legends,Mobile Legends Diamonds MY,15289,MY,Malaysia,USD,False,FIXED,,,1.0,Gaming
Mobile Legends,Mobile Legends Diamonds ML,15290,ML,Mali,USD,False,FIXED,,,1.0,Gaming
Mobile Legends,Mobile Legends Diamonds MQ,15291,MQ,Martinique,USD,False,FIXED,,,1.0,Gaming
Mobile Legends,Mobile Legends Diamonds MR,15292,MR,Mauritania,USD,False,FIXED,,,1.0,Gaming
Mobile Legends,Mobile Legends Diamonds MX,15293,MX,Mexico,USD,False,FIXED,,,1.0,Gaming
Mobile Legends,Mobile Legends Diamonds MD,15294,MD,Moldova,USD,False,FIXED,,,1.0,Gaming
Mobile Legends,Mobile Legends Diamonds MS,15295,MS,Montserrat,USD,False,FIXED,,,1.0,Gaming
Mobile Legends,Mobile Legends Diamonds MA,15296,MA,Morocco,USD,False,FIXED,,,1.0,Gaming
Mobile Legends,Mobile Legends Diamonds MZ,15297,MZ,Mozambique,USD,False,FIXED,,,1.0,Gaming
Mobile Legends,Mobile Legends Diamonds MM,15298,MM,Myanmar,USD,False,FIXED,,,1.0,Gaming
Mobile Legends,Mobile Legends Diamonds NA,15299,NA,Namibia,USD,False,FIXED,,,1.0,Gaming
Mobile Legends,Mobile Legends Diamonds NR,15300,NR,Nauru,USD,False,FIXED,,,1.0,Gaming
Mobile Legends,Mobile Legends Diamonds NP,15301,NP,Nepal,USD,False,FIXED,,,1.0,Gaming
Mobile Legends,Mobile Legends Diamonds NL,15302,NL,Netherlands,USD,False,FIXED,,,1.0,Gaming
Mobile Legends,Mobile Legends Diamonds NI,15303,NI,Nicaragua,USD,False,FIXED,,,1.0,Gaming
Mobile Legends,Mobile Legends Diamonds NE,15304,NE,Niger,USD,False,FIXED,,,1.0,Gaming
Mobile Legends,Mobile Legends Diamonds NG,15305,NG,Nigeria,USD,False,FIXED,,,1.0,Gaming
Mobile Legends,Mobile Legends Diamonds OM,15306,OM,Oman,USD,False,FIXED,,,1.0,Gaming
Mobile Legends,Mobile Legends Diamonds PK,15307,PK,Pakistan,USD,False,FIXED,,,1.0,Gaming
Mobile Legends,Mobile Legends Diamonds PS,15308,PS,Palestine,USD,False,FIXED,,,1.0,Gaming
Mobile Legends,Mobile Legends Diamonds PA,15309,PA,Panama,USD,False,FIXED,,,1.0,Gaming
Mobile Legends,Mobile Legends Diamonds PG,15310,PG,Papua New Guinea,USD,False,FIXED,,,1.0,Gaming
Mobile Legends,Mobile Legends Diamonds PY,15311,PY,Paraguay,USD,False,FIXED,,,1.0,Gaming
Mobile Legends,Mobile Legends Diamonds PE,15312,PE,Peru,USD,False,FIXED,,,1.0,Gaming
Mobile Legends,Mobile Legends Diamonds PH,15313,PH,Philippines,USD,False,FIXED,,,1.0,Gaming
Mobile Legends,Mobile Legends Diamonds PL,15314,PL,Poland,USD,False,FIXED,,,1.0,Gaming
Mobile Legends,Mobile Legends Diamonds PT,15315,PT,Portugal,USD,False,FIXED,,,1.0,Gaming
Mobile Legends,Mobile Legends Diamonds PR,15316,PR,Puerto Rico,USD,False,FIXED,,,1.0,Gaming
Mobile Legends,Mobile Legends Diamonds QA,15317,QA,Qatar,USD,False,FIXED,,,1.0,Gaming
Mobile Legends,Mobile Legends Diamonds RO,15318,RO,Romania,USD,False,FIXED,,,1.0,Gaming
Mobile Legends,Mobile Legends Diamonds RU,15319,RU,Russia,USD,False,FIXED,,,1.0,Gaming
Mobile Legends,Mobile Legends Diamonds RW,15320,RW,Rwanda,USD,False,FIXED,,,1.0,Gaming
Mobile Legends,Mobile Legends Diamonds KN,15321,KN,Saint Kitts And Nevis,USD,False,FIXED,,,1.0,Gaming
Mobile Legends,Mobile Legends Diamonds LC,15322,LC,Saint Lucia,USD,False,FIXED,,,1.0,Gaming
Mobile Legends,Mobile Legends Diamonds WS,15323,WS,Samoa,USD,False,FIXED,,,1.0,Gaming
Mobile Legends,Mobile Legends Diamonds SA,15324,SA,Saudi Arabia,USD,False,FIXED,,,1.0,Gaming
Mobile Legends,Mobile Legends Diamonds SN,15325,SN,Senegal,USD,False,FIXED,,,1.0,Gaming
Mobile Legends,Mobile Legends Diamonds SL,15326,SL,Sierra Leone,USD,False,FIXED,,,1.0,Gaming
Mobile Legends,Mobile Legends Diamonds SG,15327,SG,Singapore,USD,False,FIXED,,,1.0,Gaming
Mobile Legends,Mobile Legends Diamonds SO,15328,SO,Somalia,USD,False,FIXED,,,1.0,Gaming
Mobile Legends,Mobile Legends Diamonds ZA,15329,ZA,South Africa,USD,False,FIXED,,,1.0,Gaming
Mobile Legends,Mobile Legends Diamonds ES,15330,ES,Spain,USD,False,FIXED,,,1.0,Gaming
Mobile Legends,Mobile Legends Diamonds LK,15331,LK,Sri Lanka,USD,False,FIXED,,,1.0,Gaming
Mobile Legends,Mobile Legends Diamonds SR,15332,SR,Suriname,USD,False,FIXED,,,1.0,Gaming
Mobile Legends,Mobile Legends Diamonds SZ,15333,SZ,Eswatini,USD,False,FIXED,,,1.0,Gaming
Mobile Legends,Mobile Legends Diamonds TJ,15334,TJ,Tajikistan,USD,False,FIXED,,,1.0,Gaming
Mobile Legends,Mobile Legends Diamonds TZ,15335,TZ,Tanzania,USD,False,FIXED,,,1.0,Gaming
Mobile Legends,Mobile Legends Diamonds TH,15336,TH,Thailand,USD,False,FIXED,,,1.0,Gaming
Mobile Legends,Mobile Legends Diamonds TG,15337,TG,Togo,USD,False,FIXED,,,1.0,Gaming
Mobile Legends,Mobile Legends Diamonds TO,15338,TO,Tonga,USD,False,FIXED,,,1.0,Gaming
Mobile Legends,Mobile Legends Diamonds TT,15339,TT,Trinidad and Tobago,USD,False,FIXED,,,1.0,Gaming
Mobile Legends,Mobile Legends Diamonds TN,15340,TN,Tunisia,USD,False,FIXED,,,1.0,Gaming
Mobile Legends,Mobile Legends Diamonds TC,15342,TC,Turks And Caicos Islands,USD,False,FIXED,,,1.0,Gaming
Mobile Legends,Mobile Legends Diamonds UG,15343,UG,Uganda,USD,False,FIXED,,,1.0,Gaming
Mobile Legends,Mobile Legends Diamonds UA,15344,UA,Ukraine,USD,False,FIXED,,,1.0,Gaming
Mobile Legends,Mobile Legends Diamonds GB,15346,GB,United Kingdom,USD,False,FIXED,,,1.0,Gaming
Mobile Legends,Mobile Legends Diamonds (Global) US,15347,US,United States,USD,False,FIXED,,,1.0,Gaming
Mobile Legends,Mobile Legends Diamonds UY,15348,UY,Uruguay,USD,False,FIXED,,,1.0,Gaming
Mobile Legends,Mobile Legends Diamonds UZ,15349,UZ,Uzbekistan,USD,False,FIXED,,,1.0,Gaming
Mobile Legends,Mobile Legends Diamonds VU,15350,VU,Vanuatu,USD,False,FIXED,,,1.0,Gaming
Mobile Legends,Mobile Legends Diamonds VE,15351,VE,Venezuela,USD,False,FIXED,,,1.0,Gaming
Mobile Legends,Mobile Legends Diamonds VN,15352,VN,Vietnam,USD,False,FIXED,,,1.0,Gaming
Mobile Legends,Mobile Legends Diamonds VG,15353,VG,British Virgin Islands,USD,False,FIXED,,,1.0,Gaming
Mobile Legends,Mobile Legends Diamonds YE,15354,YE,Yemen,USD,False,FIXED,,,1.0,Gaming
Mobile Legends,Mobile Legends Diamonds ZM,15355,ZM,Zambia,USD,False,FIXED,,,1.0,Gaming
Mobile Legends,Mobile Legends Diamonds ZW,15356,ZW,Zimbabwe,USD,False,FIXED,,,1.0,Gaming
Mobile Legends,Mobile Legends Diamonds VC,15357,VC,Saint Vincent And The Grenadines,USD,False,FIXED,,,1.0,Gaming
Mobile Legends,Mobile Legends Diamonds AN,15358,AN,Netherlands Antilles,USD,False,FIXED,,,1.0,Gaming
Sephora,Sephora Spain,15632,ES,Spain,EUR,False,FIXED,,,1.0,Shopping
Sephora,Sephora Portugal,15634,PT,Portugal,EUR,False,FIXED,,,1.0,Shopping
Steam,Steam SG,15769,SG,Singapore,SGD,False,FIXED,,,0.0,Gaming
Salute Semplice,Salute Semplice Italy,15628,IT,Italy,EUR,False,FIXED,,,1.2,Shopping
Nike,Nike Belgium,15368,BE,Belgium,EUR,False,RANGE,5.0,88.61,0.0,Shopping
Nike,Nike Germany,15367,DE,Germany,EUR,False,RANGE,5.0,88.61,0.0,Shopping
Racingbreaks,Racingbreaks.com UK,15606,GB,United Kingdom,GBP,False,FIXED,,,1.2,Shopping
Steam,Steam AT,15798,AT,Austria,EUR,False,FIXED,,,1.5,Gaming
Steam,Steam BE,15799,BE,Belgium,EUR,False,FIXED,,,1.5,Gaming
Steam,Steam CY,15800,CY,Cyprus,EUR,False,FIXED,,,1.5,Gaming
Steam,Steam FI,15801,FI,Finland,EUR,False,FIXED,,,1.5,Gaming
Steam,Steam DE,15803,DE,Germany,EUR,False,FIXED,,,1.5,Gaming
Steam,Steam GR,15804,GR,Greece,EUR,False,FIXED,,,1.5,Gaming
Steam,Steam IE,15805,IE,Ireland,EUR,False,FIXED,,,1.5,Gaming
Steam,Steam IT,15806,IT,Italy,EUR,False,FIXED,,,1.5,Gaming
Steam,Steam NL,15807,NL,Netherlands,EUR,False,FIXED,,,1.5,Gaming
Steam,Steam PT,15808,PT,Portugal,EUR,False,FIXED,,,1.5,Gaming
Steam,Steam ES,15809,ES,Spain,EUR,False,FIXED,,,1.5,Gaming
Smartbox,Smartbox Spain,15637,ES,Spain,EUR,False,FIXED,,,2.5,Shopping
PlayStation,PlayStation PL,15589,PL,Poland,PLN,False,FIXED,,,3.0,Gaming
PUBG,PUBG Mobile UC AF,15413,AF,Afghanistan,USD,False,FIXED,,,3.5,Gaming
Smartbox,Smartbox Italy,15638,IT,Italy,EUR,False,FIXED,,,3.75,Shopping
PlayStation,PlayStation FI,15593,FI,Finland,EUR,False,FIXED,,,4.0,Gaming
Nintendo,Nintendo Switch Online UK,15388,GB,United Kingdom,GBP,False,FIXED,,,1.2,Gaming
Nintendo,Nintendo eShop Card UK,15403,GB,United Kingdom,GBP,False,FIXED,,,1.5,Gaming
PlayStation,PlayStation Store PT,15585,PT,Portugal,EUR,False,FIXED,,,4.0,Gaming
PlayStation,PlayStation AT,15590,AT,Austria,EUR,False,FIXED,,,6.0,Gaming
PUBG,PUBG Mobile UC (Global) US,15552,US,United States,USD,False,FIXED,,,3.5,Gaming
PlayStation,PlayStation Store DE,15584,DE,Germany,EUR,False,FIXED,,,7.0,Gaming
PlayStation,PlayStation Store IT,15586,IT,Italy,EUR,False,FIXED,,,3.0,Gaming
PlayStation,PlayStation Spain,15592,ES,Spain,EUR,False,FIXED,,,8.0,Gaming
Ticketmaster,Ticketmaster NL,15824,NL,Netherlands,EUR,False,RANGE,10.0,88.61,0.0,Shopping
Ticketmaster,Ticketmaster ES,15825,ES,Spain,EUR,False,RANGE,10.0,88.61,0.0,Shopping
myCARE,myCARE Versandapotheke  DE,16091,DE,Germany,EUR,False,FIXED,,,0.0,Travel
TV NOW,TV NOW Germany,15816,DE,Germany,EUR,False,FIXED,,,0.0,Entertainment
Zooplus,Zooplus DE,16087,DE,Germany,EUR,False,FIXED,,,0.5,Shopping
Ticketmaster,Ticketmaster AT,15822,AT,Austria,EUR,False,RANGE,10.0,88.61,0.5,Shopping
Xbox,Xbox UK,15857,GB,United Kingdom,GBP,False,FIXED,,,1.5,Gaming
talabat,Talabat AE,16097,AE,United Arab Emirates,AED,False,FIXED,,,0.5,Shopping
Waipu TV,Waipu TV Germany,15835,DE,Germany,EUR,False,FIXED,,,1.0,Shopping
Zalando,Zalando Germany,16078,DE,Germany,EUR,False,FIXED,,,1.5,Shopping
Volagratis,Volagratis Italy,15833,IT,Italy,EUR,False,FIXED,,,1.5,Shopping
Swarovski,Swarovski UK,15814,GB,United Kingdom,GBP,False,FIXED,,,1.5,Shopping
null,Wonderbox Italy,15840,IT,Italy,EUR,False,FIXED,,,1.5,Gaming
Swarovski,Swarovski Finland,15813,FI,Finland,EUR,False,FIXED,,,1.5,Shopping
Swarovski,Swarovski IE,15815,IE,Ireland,EUR,False,FIXED,,,1.5,Shopping
PlayStation,PlayStation Store Canada,16290,CA,Canada,CAD,False,FIXED,,,5.0,Gaming
HUAWEI,HUAWEI AE,16092,AE,United Arab Emirates,AED,False,FIXED,,,0.5,Shopping
HUAWEI,HUAWEI SA,16093,SA,Saudi Arabia,SAR,False,FIXED,,,1.5,Shopping
Xbox,Xbox,16062,AT,Austria,EUR,False,FIXED,,,2.0,Gaming
Xbox,Xbox,16063,BE,Belgium,EUR,False,FIXED,,,2.0,Gaming
Xbox,Xbox,16064,CY,Cyprus,EUR,False,FIXED,,,2.0,Gaming
Xbox,Xbox,16065,FI,Finland,EUR,False,FIXED,,,2.0,Gaming
Xbox,Xbox,16066,FR,France,EUR,False,FIXED,,,2.0,Gaming
Xbox,Xbox,16067,DE,Germany,EUR,False,FIXED,,,2.0,Gaming
Xbox,Xbox,16068,GR,Greece,EUR,False,FIXED,,,2.0,Gaming
Xbox,Xbox,16069,IE,Ireland,EUR,False,FIXED,,,2.0,Gaming
Xbox,Xbox,16070,IT,Italy,EUR,False,FIXED,,,2.0,Gaming
Xbox,Xbox,16071,NL,Netherlands,EUR,False,FIXED,,,2.0,Gaming
Xbox,Xbox,16072,PT,Portugal,EUR,False,FIXED,,,2.0,Gaming
Xbox,Xbox,16073,ES,Spain,EUR,False,FIXED,,,2.0,Gaming
Zalando,Zalando Netherlands,16083,NL,Netherlands,EUR,False,RANGE,5.0,88.61,1.0,Shopping
Xbox,Xbox Live,16048,AE,United Arab Emirates,AED,False,FIXED,,,0.5,Gaming
The Hotel,The Hotel Card UK,15819,GB,United Kingdom,GBP,False,RANGE,25.0,76.64,3.0,Travel
Jawaker,Jawaker AF,16446,AF,Afghanistan,USD,False,FIXED,,,0.0,Shopping
Jawaker,Jawaker AL,16447,AL,Albania,USD,False,FIXED,,,0.0,Shopping
Jawaker,Jawaker DZ,16448,DZ,Algeria,USD,False,FIXED,,,0.0,Shopping
Jawaker,Jawaker AS,16449,AS,American Samoa,USD,False,FIXED,,,0.0,Shopping
Jawaker,Jawaker AO,16450,AO,Angola,USD,False,FIXED,,,0.0,Shopping
Jawaker,Jawaker AI,16451,AI,Anguilla,USD,False,FIXED,,,0.0,Shopping
Jawaker,Jawaker AG,16452,AG,Antigua and Barbuda,USD,False,FIXED,,,0.0,Shopping
Jawaker,Jawaker AR,16453,AR,Argentina,USD,False,FIXED,,,0.0,Shopping
Jawaker,Jawaker AM,16454,AM,Armenia,USD,False,FIXED,,,0.0,Shopping
Jawaker,Jawaker AW,16455,AW,Aruba,USD,False,FIXED,,,0.0,Shopping
Jawaker,Jawaker BS,16456,BS,Bahamas,USD,False,FIXED,,,0.0,Shopping
Jawaker,Jawaker BH,16457,BH,Bahrain,USD,False,FIXED,,,0.0,Shopping
Jawaker,Jawaker BD,16458,BD,Bangladesh,USD,False,FIXED,,,0.0,Shopping
Jawaker,Jawaker BB,16459,BB,Barbados,USD,False,FIXED,,,0.0,Shopping
Jawaker,Jawaker BZ,16460,BZ,Belize,USD,False,FIXED,,,0.0,Shopping
Jawaker,Jawaker BJ,16461,BJ,Benin,USD,False,FIXED,,,0.0,Shopping
Jawaker,Jawaker BM,16462,BM,Bermuda,USD,False,FIXED,,,0.0,Shopping
Jawaker,Jawaker BO,16463,BO,Bolivia,USD,False,FIXED,,,0.0,Shopping
Jawaker,Jawaker BW,16464,BW,Botswana,USD,False,FIXED,,,0.0,Shopping
Jawaker,Jawaker BR,16465,BR,Brazil,USD,False,FIXED,,,0.0,Shopping
Jawaker,Jawaker VG,16466,VG,British Virgin Islands,USD,False,FIXED,,,0.0,Shopping
Jawaker,Jawaker BF,16467,BF,Burkina Faso,USD,False,FIXED,,,0.0,Shopping
Jawaker,Jawaker BI,16468,BI,Burundi,USD,False,FIXED,,,0.0,Shopping
Jawaker,Jawaker KH,16469,KH,Cambodia,USD,False,FIXED,,,0.0,Shopping
Jawaker,Jawaker CM,16470,CM,Cameroon,USD,False,FIXED,,,0.0,Shopping
Jawaker,Jawaker CA,16471,CA,Canada,USD,False,FIXED,,,0.0,Shopping
Jawaker,Jawaker CV,16472,CV,Cape Verde,USD,False,FIXED,,,0.0,Shopping
Jawaker,Jawaker KY,16473,KY,Cayman Islands,USD,False,FIXED,,,0.0,Shopping
Jawaker,Jawaker CF,16474,CF,Central African Republic,USD,False,FIXED,,,0.0,Shopping
Jawaker,Jawaker CL,16475,CL,Chile,USD,False,FIXED,,,0.0,Shopping
Jawaker,Jawaker CN,16476,CN,China,USD,False,FIXED,,,0.0,Shopping
Jawaker,Jawaker CO,16477,CO,Colombia,USD,False,FIXED,,,0.0,Shopping
Jawaker,Jawaker CG,16478,CG,Congo,USD,False,FIXED,,,0.0,Shopping
Jawaker,Jawaker CR,16479,CR,Costa Rica,USD,False,FIXED,,,0.0,Shopping
Jawaker,Jawaker CI,16480,CI,Côte d'Ivoire,USD,False,FIXED,,,0.0,Shopping
Jawaker,Jawaker CU,16481,CU,Cuba,USD,False,FIXED,,,0.0,Shopping
Jawaker,Jawaker CY,16482,CY,Cyprus,USD,False,FIXED,,,0.0,Shopping
Jawaker,Jawaker DM,16483,DM,Dominica,USD,False,FIXED,,,0.0,Shopping
Jawaker,Jawaker DO,16484,DO,Dominican Republic,USD,False,FIXED,,,0.0,Shopping
Jawaker,Jawaker EC,16485,EC,Ecuador,USD,False,FIXED,,,0.0,Shopping
Jawaker,Jawaker EG,16486,EG,Egypt,USD,False,FIXED,,,0.0,Shopping
Jawaker,Jawaker SV,16487,SV,El Salvador,USD,False,FIXED,,,0.0,Shopping
Jawaker,Jawaker ET,16488,ET,Ethiopia,USD,False,FIXED,,,0.0,Shopping
Jawaker,Jawaker FJ,16489,FJ,Fiji,USD,False,FIXED,,,0.0,Shopping
Jawaker,Jawaker FR,16490,FR,France,USD,False,FIXED,,,0.0,Shopping
Jawaker,Jawaker GM,16491,GM,Gambia,USD,False,FIXED,,,0.0,Shopping
Jawaker,Jawaker GE,16492,GE,Georgia,USD,False,FIXED,,,0.0,Shopping
Jawaker,Jawaker DE,16493,DE,Germany,USD,False,FIXED,,,0.0,Shopping
Jawaker,Jawaker GH,16494,GH,Ghana,USD,False,FIXED,,,0.0,Shopping
Jawaker,Jawaker GD,16495,GD,Grenada,USD,False,FIXED,,,0.0,Shopping
Jawaker,Jawaker GT,16496,GT,Guatemala,USD,False,FIXED,,,0.0,Shopping
Jawaker,Jawaker GN,16497,GN,Guinea Conakry,USD,False,FIXED,,,0.0,Shopping
Jawaker,Jawaker GW,16498,GW,Guinea-Bissau,USD,False,FIXED,,,0.0,Shopping
Jawaker,Jawaker GY,16499,GY,Guyana,USD,False,FIXED,,,0.0,Shopping
Jawaker,Jawaker HT,16500,HT,Haiti,USD,False,FIXED,,,0.0,Shopping
Jawaker,Jawaker HN,16501,HN,Honduras,USD,False,FIXED,,,0.0,Shopping
Jawaker,Jawaker IN,16502,IN,India,USD,False,FIXED,,,0.0,Shopping
Jawaker,Jawaker ID,16503,ID,Indonesia,USD,False,FIXED,,,0.0,Shopping
Jawaker,Jawaker IQ,16504,IQ,Iraq,USD,False,FIXED,,,0.0,Shopping
Jawaker,Jawaker IT,16505,IT,Italy,USD,False,FIXED,,,0.0,Shopping
Jawaker,Jawaker JM,16506,JM,Jamaica,USD,False,FIXED,,,0.0,Shopping
Jawaker,Jawaker JO,16507,JO,Jordan,USD,False,FIXED,,,0.0,Shopping
Jawaker,Jawaker KZ,16508,KZ,Kazakhstan,USD,False,FIXED,,,0.0,Shopping
Jawaker,Jawaker KE,16509,KE,Kenya,USD,False,FIXED,,,0.0,Shopping
Jawaker,Jawaker KW,16510,KW,Kuwait,USD,False,FIXED,,,0.0,Shopping
Jawaker,Jawaker KG,16511,KG,Kyrgyzstan,USD,False,FIXED,,,0.0,Shopping
Jawaker,Jawaker LA,16512,LA,Laos,USD,False,FIXED,,,0.0,Shopping
Jawaker,Jawaker LB,16513,LB,Lebanon,USD,False,FIXED,,,0.0,Shopping
Jawaker,Jawaker LR,16514,LR,Liberia,USD,False,FIXED,,,0.0,Shopping
Jawaker,Jawaker MK,16515,MK,Macedonia,USD,False,FIXED,,,0.0,Shopping
Jawaker,Jawaker MG,16516,MG,Madagascar,USD,False,FIXED,,,0.0,Shopping
Jawaker,Jawaker MW,16517,MW,Malawi,USD,False,FIXED,,,0.0,Shopping
Jawaker,Jawaker MY,16518,MY,Malaysia,USD,False,FIXED,,,0.0,Shopping
Jawaker,Jawaker ML,16519,ML,Mali,USD,False,FIXED,,,0.0,Shopping
Jawaker,Jawaker MQ,16520,MQ,Martinique,USD,False,FIXED,,,0.0,Shopping
Jawaker,Jawaker MX,16521,MX,Mexico,USD,False,FIXED,,,0.0,Shopping
Jawaker,Jawaker MD,16522,MD,Moldova,USD,False,FIXED,,,0.0,Shopping
Jawaker,Jawaker MA,16523,MA,Morocco,USD,False,FIXED,,,0.0,Shopping
Jawaker,Jawaker MZ,16524,MZ,Mozambique,USD,False,FIXED,,,0.0,Shopping
Jawaker,Jawaker MM,16525,MM,Myanmar,USD,False,FIXED,,,0.0,Shopping
Jawaker,Jawaker NA,16526,NA,Namibia,USD,False,FIXED,,,0.0,Shopping
Jawaker,Jawaker NR,16527,NR,Nauru,USD,False,FIXED,,,0.0,Shopping
Jawaker,Jawaker NP,16528,NP,Nepal,USD,False,FIXED,,,0.0,Shopping
Jawaker,Jawaker NL,16529,NL,Netherlands,USD,False,FIXED,,,0.0,Shopping
Jawaker,Jawaker AN,16530,AN,Netherlands Antilles,USD,False,FIXED,,,0.0,Shopping
Jawaker,Jawaker NI,16531,NI,Nicaragua,USD,False,FIXED,,,0.0,Shopping
Jawaker,Jawaker NE,16532,NE,Niger,USD,False,FIXED,,,0.0,Shopping
Jawaker,Jawaker NG,16533,NG,Nigeria,USD,False,FIXED,,,0.0,Shopping
Jawaker,Jawaker OM,16534,OM,Oman,USD,False,FIXED,,,0.0,Shopping
Jawaker,Jawaker PK,16535,PK,Pakistan,USD,False,FIXED,,,0.0,Shopping
Jawaker,Jawaker PS,16536,PS,Palestine,USD,False,FIXED,,,0.0,Shopping
Jawaker,Jawaker PA,16537,PA,Panama,USD,False,FIXED,,,0.0,Shopping
Jawaker,Jawaker PG,16538,PG,Papua New Guinea,USD,False,FIXED,,,0.0,Shopping
Jawaker,Jawaker PY,16539,PY,Paraguay,USD,False,FIXED,,,0.0,Shopping
Jawaker,Jawaker PE,16540,PE,Peru,USD,False,FIXED,,,0.0,Shopping
Jawaker,Jawaker PH,16541,PH,Philippines,USD,False,FIXED,,,0.0,Shopping
Jawaker,Jawaker PL,16542,PL,Poland,USD,False,FIXED,,,0.0,Shopping
Jawaker,Jawaker PT,16543,PT,Portugal,USD,False,FIXED,,,0.0,Shopping
Jawaker,Jawaker PR,16544,PR,Puerto Rico,USD,False,FIXED,,,0.0,Shopping
Jawaker,Jawaker QA,16545,QA,Qatar,USD,False,FIXED,,,0.0,Shopping
Jawaker,Jawaker RO,16546,RO,Romania,USD,False,FIXED,,,0.0,Shopping
Jawaker,Jawaker RU,16547,RU,Russia,USD,False,FIXED,,,0.0,Shopping
Jawaker,Jawaker RW,16548,RW,Rwanda,USD,False,FIXED,,,0.0,Shopping
Jawaker,Jawaker KN,16549,KN,Saint Kitts And Nevis,USD,False,FIXED,,,0.0,Shopping
Jawaker,Jawaker LC,16550,LC,Saint Lucia,USD,False,FIXED,,,0.0,Shopping
Jawaker,Jawaker VC,16551,VC,Saint Vincent And The Grenadines,USD,False,FIXED,,,0.0,Shopping
Jawaker,Jawaker WS,16552,WS,Samoa,USD,False,FIXED,,,0.0,Shopping
Jawaker,Jawaker SA,16553,SA,Saudi Arabia,USD,False,FIXED,,,0.0,Shopping
Jawaker,Jawaker SN,16554,SN,Senegal,USD,False,FIXED,,,0.0,Shopping
Jawaker,Jawaker SL,16555,SL,Sierra Leone,USD,False,FIXED,,,0.0,Shopping
Jawaker,Jawaker SG,16556,SG,Singapore,USD,False,FIXED,,,0.0,Shopping
Jawaker,Jawaker ZA,16557,ZA,South Africa,USD,False,FIXED,,,0.0,Shopping
Jawaker,Jawaker ES,16558,ES,Spain,USD,False,FIXED,,,0.0,Shopping
Jawaker,Jawaker LK,16559,LK,Sri Lanka,USD,False,FIXED,,,0.0,Shopping
Jawaker,Jawaker SR,16560,SR,Suriname,USD,False,FIXED,,,0.0,Shopping
Jawaker,Jawaker SZ,16561,SZ,Eswatini,USD,False,FIXED,,,0.0,Shopping
Jawaker,Jawaker TJ,16562,TJ,Tajikistan,USD,False,FIXED,,,0.0,Shopping
Jawaker,Jawaker TZ,16563,TZ,Tanzania,USD,False,FIXED,,,0.0,Shopping
Jawaker,Jawaker TH,16564,TH,Thailand,USD,False,FIXED,,,0.0,Shopping
Jawaker,Jawaker CD,16565,CD,The Democratic Republic Of Congo,USD,False,FIXED,,,0.0,Shopping
Jawaker,Jawaker TG,16566,TG,Togo,USD,False,FIXED,,,0.0,Shopping
Jawaker,Jawaker TO,16567,TO,Tonga,USD,False,FIXED,,,0.0,Shopping
Jawaker,Jawaker TT,16568,TT,Trinidad and Tobago,USD,False,FIXED,,,0.0,Shopping
Jawaker,Jawaker TN,16569,TN,Tunisia,USD,False,FIXED,,,0.0,Shopping
Jawaker,Jawaker TR,16570,TR,Turkey,USD,False,FIXED,,,0.0,Shopping
Jawaker,Jawaker TC,16571,TC,Turks And Caicos Islands,USD,False,FIXED,,,0.0,Shopping
Jawaker,Jawaker UG,16572,UG,Uganda,USD,False,FIXED,,,0.0,Shopping
Jawaker,Jawaker UA,16573,UA,Ukraine,USD,False,FIXED,,,0.0,Shopping
Jawaker,Jawaker AE,16574,AE,United Arab Emirates,USD,False,FIXED,,,0.0,Shopping
Jawaker,Jawaker GB,16575,GB,United Kingdom,USD,False,FIXED,,,0.0,Shopping
Jawaker,Jawaker US,16576,US,United States,USD,False,FIXED,,,0.0,Shopping
Jawaker,Jawaker UY,16577,UY,Uruguay,USD,False,FIXED,,,0.0,Shopping
Jawaker,Jawaker UZ,16578,UZ,Uzbekistan,USD,False,FIXED,,,0.0,Shopping
Jawaker,Jawaker VU,16579,VU,Vanuatu,USD,False,FIXED,,,0.0,Shopping
Jawaker,Jawaker VN,16580,VN,Vietnam,USD,False,FIXED,,,0.0,Shopping
Jawaker,Jawaker YE,16581,YE,Yemen,USD,False,FIXED,,,0.0,Shopping
Jawaker,Jawaker ZM,16582,ZM,Zambia,USD,False,FIXED,,,0.0,Shopping
Jawaker,Jawaker ZW,16583,ZW,Zimbabwe,USD,False,FIXED,,,0.0,Shopping
Jawaker,Jawaker VE,16584,VE,Venezuela,USD,False,FIXED,,,0.0,Shopping
Jawaker,Jawaker GR,16585,GR,Greece,USD,False,FIXED,,,0.0,Shopping
Jawaker,Jawaker SO,16586,SO,Somalia,USD,False,FIXED,,,0.0,Shopping
Jawaker,Jawaker BY,16587,BY,Belarus,USD,False,FIXED,,,0.0,Shopping
Jawaker,Jawaker KM,16588,KM,Comoros,USD,False,FIXED,,,0.0,Shopping
Jawaker,Jawaker MR,16589,MR,Mauritania,USD,False,FIXED,,,0.0,Shopping
Jawaker,Jawaker BE,16590,BE,Belgium,USD,False,FIXED,,,0.0,Shopping
Jawaker,Jawaker MS,16591,MS,Montserrat,USD,False,FIXED,,,0.0,Shopping
Jawaker,Jawaker KR,16592,KR,South Korea,USD,False,FIXED,,,0.0,Shopping
Jawaker,Jawaker IE,16593,IE,Ireland,USD,False,FIXED,,,0.0,Shopping
Jawaker,Jawaker FI,16594,FI,Finland,USD,False,FIXED,,,0.0,Shopping
Jawaker,Jawaker AU,16595,AU,Australia,USD,False,FIXED,,,0.0,Shopping
Jawaker,Jawaker AT,16596,AT,Austria,USD,False,FIXED,,,0.0,Shopping
Jawaker,Jawaker JP,16597,JP,Japan,USD,False,FIXED,,,0.0,Shopping
Xbox,Xbox US,16061,US,United States,USD,False,FIXED,,,1.5,Gaming
World of Warcraft,World of Warcraft 60 days,15841,AT,Austria,EUR,False,FIXED,,,7.5,Gaming
World of Warcraft,World of Warcraft 60 days,15842,BE,Belgium,EUR,False,FIXED,,,7.5,Gaming
World of Warcraft,World of Warcraft 60 days,15843,CY,Cyprus,EUR,False,FIXED,,,7.5,Gaming
World of Warcraft,World of Warcraft 60 days,15844,FI,Finland,EUR,False,FIXED,,,7.5,Gaming
World of Warcraft,World of Warcraft 60 days,15845,FR,France,EUR,False,FIXED,,,7.5,Gaming
World of Warcraft,World of Warcraft 60 days,15846,DE,Germany,EUR,False,FIXED,,,7.5,Gaming
World of Warcraft,World of Warcraft 60 days,15847,GR,Greece,EUR,False,FIXED,,,7.5,Gaming
World of Warcraft,World of Warcraft 60 days,15848,IE,Ireland,EUR,False,FIXED,,,7.5,Gaming
World of Warcraft,World of Warcraft 60 days,15849,IT,Italy,EUR,False,FIXED,,,7.5,Gaming
World of Warcraft,World of Warcraft 60 days,15850,NL,Netherlands,EUR,False,FIXED,,,7.5,Gaming
World of Warcraft,World of Warcraft 60 days,15851,PL,Poland,EUR,False,FIXED,,,7.5,Gaming
World of Warcraft,World of Warcraft 60 days,15852,PT,Portugal,EUR,False,FIXED,,,7.5,Gaming
World of Warcraft,World of Warcraft 60 days,15853,RO,Romania,EUR,False,FIXED,,,7.5,Gaming
World of Warcraft,World of Warcraft 60 days,15854,ES,Spain,EUR,False,FIXED,,,7.5,Gaming
Xbox,Xbox PL,16610,PL,Poland,PLN,False,FIXED,,,0.0,Gaming
Steam,Steam HK,16612,HK,Hong Kong,HKD,False,FIXED,,,0.0,Gaming
Steam,Steam TW,16613,TW,Taiwan,TWD,False,FIXED,,,0.0,Gaming
Paysafe Card,Paysafe Card Classic FR 10 EUR,17535,FR,France,EUR,False,FIXED,,,0.0,Payment Cards
Paysafe Card,Paysafe Card Junior - TICKET FR,17536,FR,France,EUR,False,FIXED,,,0.0,Payment Cards
Paysafe Card,Paysafe Card Classic DE,17537,DE,Germany,EUR,False,FIXED,,,0.0,Payment Cards
Paysafe Card,Paysafe Card Classic ES 5 EUR,17538,ES,Spain,EUR,False,FIXED,,,0.0,Payment Cards
Fortnite,Fortnite (Standard Edition) 1000-V-Bucks AF,17539,AF,Afghanistan,USD,False,FIXED,,,0.0,Gaming
Fortnite,Fortnite (Standard Edition) 1000-V-Bucks AL,17540,AL,Albania,USD,False,FIXED,,,0.0,Gaming
Fortnite,Fortnite (Standard Edition) 1000-V-Bucks DZ,17541,DZ,Algeria,USD,False,FIXED,,,0.0,Gaming
Fortnite,Fortnite (Standard Edition) 1000-V-Bucks AS,17542,AS,American Samoa,USD,False,FIXED,,,0.0,Gaming
Fortnite,Fortnite (Standard Edition) 1000-V-Bucks AO,17543,AO,Angola,USD,False,FIXED,,,0.0,Gaming
Fortnite,Fortnite (Standard Edition) 1000-V-Bucks AI,17544,AI,Anguilla,USD,False,FIXED,,,0.0,Gaming
Fortnite,Fortnite (Standard Edition) 1000-V-Bucks AG,17545,AG,Antigua and Barbuda,USD,False,FIXED,,,0.0,Gaming
Fortnite,Fortnite (Standard Edition) 1000-V-Bucks AR,17546,AR,Argentina,USD,False,FIXED,,,0.0,Gaming
Fortnite,Fortnite (Standard Edition) 1000-V-Bucks AM,17547,AM,Armenia,USD,False,FIXED,,,0.0,Gaming
Fortnite,Fortnite (Standard Edition) 1000-V-Bucks AW,17548,AW,Aruba,USD,False,FIXED,,,0.0,Gaming
Fortnite,Fortnite (Standard Edition) 1000-V-Bucks BS,17549,BS,Bahamas,USD,False,FIXED,,,0.0,Gaming
Fortnite,Fortnite (Standard Edition) 1000-V-Bucks BH,17550,BH,Bahrain,USD,False,FIXED,,,0.0,Gaming
Fortnite,Fortnite (Standard Edition) 1000-V-Bucks BD,17551,BD,Bangladesh,USD,False,FIXED,,,0.0,Gaming
Fortnite,Fortnite (Standard Edition) 1000-V-Bucks BB,17552,BB,Barbados,USD,False,FIXED,,,0.0,Gaming
Fortnite,Fortnite (Standard Edition) 1000-V-Bucks BZ,17553,BZ,Belize,USD,False,FIXED,,,0.0,Gaming
Fortnite,Fortnite (Standard Edition) 1000-V-Bucks BJ,17554,BJ,Benin,USD,False,FIXED,,,0.0,Gaming
Fortnite,Fortnite (Standard Edition) 1000-V-Bucks BM,17555,BM,Bermuda,USD,False,FIXED,,,0.0,Gaming
Fortnite,Fortnite (Standard Edition) 1000-V-Bucks BO,17556,BO,Bolivia,USD,False,FIXED,,,0.0,Gaming
Fortnite,Fortnite (Standard Edition) 1000-V-Bucks BW,17557,BW,Botswana,USD,False,FIXED,,,0.0,Gaming
Fortnite,Fortnite (Standard Edition) 1000-V-Bucks BR,17558,BR,Brazil,USD,False,FIXED,,,0.0,Gaming
Fortnite,Fortnite (Standard Edition) 1000-V-Bucks VG,17559,VG,British Virgin Islands,USD,False,FIXED,,,0.0,Gaming
Fortnite,Fortnite (Standard Edition) 1000-V-Bucks BF,17560,BF,Burkina Faso,USD,False,FIXED,,,0.0,Gaming
Fortnite,Fortnite (Standard Edition) 1000-V-Bucks BI,17561,BI,Burundi,USD,False,FIXED,,,0.0,Gaming
Fortnite,Fortnite (Standard Edition) 1000-V-Bucks KH,17562,KH,Cambodia,USD,False,FIXED,,,0.0,Gaming
Fortnite,Fortnite (Standard Edition) 1000-V-Bucks CM,17563,CM,Cameroon,USD,False,FIXED,,,0.0,Gaming
Fortnite,Fortnite (Standard Edition) 1000-V-Bucks CA,17564,CA,Canada,USD,False,FIXED,,,0.0,Gaming
Fortnite,Fortnite (Standard Edition) 1000-V-Bucks CV,17565,CV,Cape Verde,USD,False,FIXED,,,0.0,Gaming
Fortnite,Fortnite (Standard Edition) 1000-V-Bucks KY,17566,KY,Cayman Islands,USD,False,FIXED,,,0.0,Gaming
Fortnite,Fortnite (Standard Edition) 1000-V-Bucks CF,17567,CF,Central African Republic,USD,False,FIXED,,,0.0,Gaming
Fortnite,Fortnite (Standard Edition) 1000-V-Bucks CL,17568,CL,Chile,USD,False,FIXED,,,0.0,Gaming
Fortnite,Fortnite (Standard Edition) 1000-V-Bucks CN,17569,CN,China,USD,False,FIXED,,,0.0,Gaming
Fortnite,Fortnite (Standard Edition) 1000-V-Bucks CG,17571,CG,Congo,USD,False,FIXED,,,0.0,Gaming
Fortnite,Fortnite (Standard Edition) 1000-V-Bucks CR,17572,CR,Costa Rica,USD,False,FIXED,,,0.0,Gaming
Fortnite,Fortnite (Standard Edition) 1000-V-Bucks CI,17573,CI,Côte d'Ivoire,USD,False,FIXED,,,0.0,Gaming
Fortnite,Fortnite (Standard Edition) 1000-V-Bucks CU,17574,CU,Cuba,USD,False,FIXED,,,0.0,Gaming
Fortnite,Fortnite (Standard Edition) 1000-V-Bucks CY,17575,CY,Cyprus,USD,False,FIXED,,,0.0,Gaming
Fortnite,Fortnite (Standard Edition) 1000-V-Bucks DM,17576,DM,Dominica,USD,False,FIXED,,,0.0,Gaming
Fortnite,Fortnite (Standard Edition) 1000-V-Bucks DO,17577,DO,Dominican Republic,USD,False,FIXED,,,0.0,Gaming
Fortnite,Fortnite (Standard Edition) 1000-V-Bucks EC,17578,EC,Ecuador,USD,False,FIXED,,,0.0,Gaming
Fortnite,Fortnite (Standard Edition) 1000-V-Bucks EG,17579,EG,Egypt,USD,False,FIXED,,,0.0,Gaming
Fortnite,Fortnite (Standard Edition) 1000-V-Bucks SV,17580,SV,El Salvador,USD,False,FIXED,,,0.0,Gaming
Fortnite,Fortnite (Standard Edition) 1000-V-Bucks ET,17581,ET,Ethiopia,USD,False,FIXED,,,0.0,Gaming
Fortnite,Fortnite (Standard Edition) 1000-V-Bucks FJ,17582,FJ,Fiji,USD,False,FIXED,,,0.0,Gaming
Fortnite,Fortnite (Standard Edition) 1000-V-Bucks FR,17583,FR,France,USD,False,FIXED,,,0.0,Gaming
Fortnite,Fortnite (Standard Edition) 1000-V-Bucks GM,17584,GM,Gambia,USD,False,FIXED,,,0.0,Gaming
Fortnite,Fortnite (Standard Edition) 1000-V-Bucks GE,17585,GE,Georgia,USD,False,FIXED,,,0.0,Gaming
Fortnite,Fortnite (Standard Edition) 1000-V-Bucks DE,17586,DE,Germany,USD,False,FIXED,,,0.0,Gaming
Fortnite,Fortnite (Standard Edition) 1000-V-Bucks GH,17587,GH,Ghana,USD,False,FIXED,,,0.0,Gaming
Fortnite,Fortnite (Standard Edition) 1000-V-Bucks GD,17588,GD,Grenada,USD,False,FIXED,,,0.0,Gaming
Fortnite,Fortnite (Standard Edition) 1000-V-Bucks GT,17589,GT,Guatemala,USD,False,FIXED,,,0.0,Gaming
Fortnite,Fortnite (Standard Edition) 1000-V-Bucks GN,17590,GN,Guinea Conakry,USD,False,FIXED,,,0.0,Gaming
Fortnite,Fortnite (Standard Edition) 1000-V-Bucks GW,17591,GW,Guinea-Bissau,USD,False,FIXED,,,0.0,Gaming
Fortnite,Fortnite (Standard Edition) 1000-V-Bucks GY,17592,GY,Guyana,USD,False,FIXED,,,0.0,Gaming
Fortnite,Fortnite (Standard Edition) 1000-V-Bucks HT,17593,HT,Haiti,USD,False,FIXED,,,0.0,Gaming
Fortnite,Fortnite (Standard Edition) 1000-V-Bucks HN,17594,HN,Honduras,USD,False,FIXED,,,0.0,Gaming
Fortnite,Fortnite (Standard Edition) 1000-V-Bucks IN,17595,IN,India,USD,False,FIXED,,,0.0,Gaming
Fortnite,Fortnite (Standard Edition) 1000-V-Bucks ID,17596,ID,Indonesia,USD,False,FIXED,,,0.0,Gaming
Fortnite,Fortnite (Standard Edition) 1000-V-Bucks IQ,17597,IQ,Iraq,USD,False,FIXED,,,0.0,Gaming
Fortnite,Fortnite (Standard Edition) 1000-V-Bucks IT,17598,IT,Italy,USD,False,FIXED,,,0.0,Gaming
Fortnite,Fortnite (Standard Edition) 1000-V-Bucks JM,17599,JM,Jamaica,USD,False,FIXED,,,0.0,Gaming
Fortnite,Fortnite (Standard Edition) 1000-V-Bucks JO,17600,JO,Jordan,USD,False,FIXED,,,0.0,Gaming
Fortnite,Fortnite (Standard Edition) 1000-V-Bucks KZ,17601,KZ,Kazakhstan,USD,False,FIXED,,,0.0,Gaming
Fortnite,Fortnite (Standard Edition) 1000-V-Bucks KE,17602,KE,Kenya,USD,False,FIXED,,,0.0,Gaming
Fortnite,Fortnite (Standard Edition) 1000-V-Bucks KW,17603,KW,Kuwait,USD,False,FIXED,,,0.0,Gaming
Fortnite,Fortnite (Standard Edition) 1000-V-Bucks KG,17604,KG,Kyrgyzstan,USD,False,FIXED,,,0.0,Gaming
Fortnite,Fortnite (Standard Edition) 1000-V-Bucks LA,17605,LA,Laos,USD,False,FIXED,,,0.0,Gaming
Fortnite,Fortnite (Standard Edition) 1000-V-Bucks LB,17606,LB,Lebanon,USD,False,FIXED,,,0.0,Gaming
Fortnite,Fortnite (Standard Edition) 1000-V-Bucks LR,17607,LR,Liberia,USD,False,FIXED,,,0.0,Gaming
Fortnite,Fortnite (Standard Edition) 1000-V-Bucks MK,17608,MK,Macedonia,USD,False,FIXED,,,0.0,Gaming
Fortnite,Fortnite (Standard Edition) 1000-V-Bucks MG,17609,MG,Madagascar,USD,False,FIXED,,,0.0,Gaming
Fortnite,Fortnite (Standard Edition) 1000-V-Bucks MW,17610,MW,Malawi,USD,False,FIXED,,,0.0,Gaming
Fortnite,Fortnite (Standard Edition) 1000-V-Bucks MY,17611,MY,Malaysia,USD,False,FIXED,,,0.0,Gaming
Fortnite,Fortnite (Standard Edition) 1000-V-Bucks ML,17612,ML,Mali,USD,False,FIXED,,,0.0,Gaming
Fortnite,Fortnite (Standard Edition) 1000-V-Bucks MQ,17613,MQ,Martinique,USD,False,FIXED,,,0.0,Gaming
Fortnite,Fortnite (Standard Edition) 1000-V-Bucks MX,17614,MX,Mexico,USD,False,FIXED,,,0.0,Gaming
Fortnite,Fortnite (Standard Edition) 1000-V-Bucks MD,17615,MD,Moldova,USD,False,FIXED,,,0.0,Gaming
Fortnite,Fortnite (Standard Edition) 1000-V-Bucks MA,17616,MA,Morocco,USD,False,FIXED,,,0.0,Gaming
Fortnite,Fortnite (Standard Edition) 1000-V-Bucks MZ,17617,MZ,Mozambique,USD,False,FIXED,,,0.0,Gaming
Fortnite,Fortnite (Standard Edition) 1000-V-Bucks MM,17618,MM,Myanmar,USD,False,FIXED,,,0.0,Gaming
Fortnite,Fortnite (Standard Edition) 1000-V-Bucks NA,17619,NA,Namibia,USD,False,FIXED,,,0.0,Gaming
Fortnite,Fortnite (Standard Edition) 1000-V-Bucks NR,17620,NR,Nauru,USD,False,FIXED,,,0.0,Gaming
Fortnite,Fortnite (Standard Edition) 1000-V-Bucks NP,17621,NP,Nepal,USD,False,FIXED,,,0.0,Gaming
Fortnite,Fortnite (Standard Edition) 1000-V-Bucks NL,17622,NL,Netherlands,USD,False,FIXED,,,0.0,Gaming
Fortnite,Fortnite (Standard Edition) 1000-V-Bucks AN,17623,AN,Netherlands Antilles,USD,False,FIXED,,,0.0,Gaming
Fortnite,Fortnite (Standard Edition) 1000-V-Bucks NI,17624,NI,Nicaragua,USD,False,FIXED,,,0.0,Gaming
Fortnite,Fortnite (Standard Edition) 1000-V-Bucks NE,17625,NE,Niger,USD,False,FIXED,,,0.0,Gaming
Fortnite,Fortnite (Standard Edition) 1000-V-Bucks NG,17626,NG,Nigeria,USD,False,FIXED,,,0.0,Gaming
Fortnite,Fortnite (Standard Edition) 1000-V-Bucks OM,17627,OM,Oman,USD,False,FIXED,,,0.0,Gaming
Fortnite,Fortnite (Standard Edition) 1000-V-Bucks PK,17628,PK,Pakistan,USD,False,FIXED,,,0.0,Gaming
Fortnite,Fortnite (Standard Edition) 1000-V-Bucks PS,17629,PS,Palestine,USD,False,FIXED,,,0.0,Gaming
Fortnite,Fortnite (Standard Edition) 1000-V-Bucks PA,17630,PA,Panama,USD,False,FIXED,,,0.0,Gaming
Fortnite,Fortnite (Standard Edition) 1000-V-Bucks PG,17631,PG,Papua New Guinea,USD,False,FIXED,,,0.0,Gaming
Fortnite,Fortnite (Standard Edition) 1000-V-Bucks PY,17632,PY,Paraguay,USD,False,FIXED,,,0.0,Gaming
Fortnite,Fortnite (Standard Edition) 1000-V-Bucks PE,17633,PE,Peru,USD,False,FIXED,,,0.0,Gaming
Fortnite,Fortnite (Standard Edition) 1000-V-Bucks PH,17634,PH,Philippines,USD,False,FIXED,,,0.0,Gaming
Fortnite,Fortnite (Standard Edition) 1000-V-Bucks PL,17635,PL,Poland,USD,False,FIXED,,,0.0,Gaming
Fortnite,Fortnite (Standard Edition) 1000-V-Bucks PT,17636,PT,Portugal,USD,False,FIXED,,,0.0,Gaming
Fortnite,Fortnite (Standard Edition) 1000-V-Bucks PR,17637,PR,Puerto Rico,USD,False,FIXED,,,0.0,Gaming
Fortnite,Fortnite (Standard Edition) 1000-V-Bucks QA,17638,QA,Qatar,USD,False,FIXED,,,0.0,Gaming
Fortnite,Fortnite (Standard Edition) 1000-V-Bucks RO,17639,RO,Romania,USD,False,FIXED,,,0.0,Gaming
Fortnite,Fortnite (Standard Edition) 1000-V-Bucks RU,17640,RU,Russia,USD,False,FIXED,,,0.0,Gaming
Fortnite,Fortnite (Standard Edition) 1000-V-Bucks RW,17641,RW,Rwanda,USD,False,FIXED,,,0.0,Gaming
Fortnite,Fortnite (Standard Edition) 1000-V-Bucks KN,17642,KN,Saint Kitts And Nevis,USD,False,FIXED,,,0.0,Gaming
Fortnite,Fortnite (Standard Edition) 1000-V-Bucks LC,17643,LC,Saint Lucia,USD,False,FIXED,,,0.0,Gaming
Fortnite,Fortnite (Standard Edition) 1000-V-Bucks VC,17644,VC,Saint Vincent And The Grenadines,USD,False,FIXED,,,0.0,Gaming
Fortnite,Fortnite (Standard Edition) 1000-V-Bucks WS,17645,WS,Samoa,USD,False,FIXED,,,0.0,Gaming
Fortnite,Fortnite (Standard Edition) 1000-V-Bucks SA,17646,SA,Saudi Arabia,USD,False,FIXED,,,0.0,Gaming
Fortnite,Fortnite (Standard Edition) 1000-V-Bucks SN,17647,SN,Senegal,USD,False,FIXED,,,0.0,Gaming
Fortnite,Fortnite (Standard Edition) 1000-V-Bucks SL,17648,SL,Sierra Leone,USD,False,FIXED,,,0.0,Gaming
Fortnite,Fortnite (Standard Edition) 1000-V-Bucks SG,17649,SG,Singapore,USD,False,FIXED,,,0.0,Gaming
Fortnite,Fortnite (Standard Edition) 1000-V-Bucks ZA,17650,ZA,South Africa,USD,False,FIXED,,,0.0,Gaming
Fortnite,Fortnite (Standard Edition) 1000-V-Bucks ES,17651,ES,Spain,USD,False,FIXED,,,0.0,Gaming
Fortnite,Fortnite (Standard Edition) 1000-V-Bucks LK,17652,LK,Sri Lanka,USD,False,FIXED,,,0.0,Gaming
Fortnite,Fortnite (Standard Edition) 1000-V-Bucks SR,17653,SR,Suriname,USD,False,FIXED,,,0.0,Gaming
Fortnite,Fortnite (Standard Edition) 1000-V-Bucks SZ,17654,SZ,Eswatini,USD,False,FIXED,,,0.0,Gaming
Fortnite,Fortnite (Standard Edition) 1000-V-Bucks TJ,17655,TJ,Tajikistan,USD,False,FIXED,,,0.0,Gaming
Fortnite,Fortnite (Standard Edition) 1000-V-Bucks TZ,17656,TZ,Tanzania,USD,False,FIXED,,,0.0,Gaming
Fortnite,Fortnite (Standard Edition) 1000-V-Bucks TH,17657,TH,Thailand,USD,False,FIXED,,,0.0,Gaming
Fortnite,Fortnite (Standard Edition) 1000-V-Bucks CD,17658,CD,The Democratic Republic Of Congo,USD,False,FIXED,,,0.0,Gaming
Fortnite,Fortnite (Standard Edition) 1000-V-Bucks TG,17659,TG,Togo,USD,False,FIXED,,,0.0,Gaming
Fortnite,Fortnite (Standard Edition) 1000-V-Bucks TO,17660,TO,Tonga,USD,False,FIXED,,,0.0,Gaming
Fortnite,Fortnite (Standard Edition) 1000-V-Bucks TT,17661,TT,Trinidad and Tobago,USD,False,FIXED,,,0.0,Gaming
Fortnite,Fortnite (Standard Edition) 1000-V-Bucks TN,17662,TN,Tunisia,USD,False,FIXED,,,0.0,Gaming
Fortnite,Fortnite (Standard Edition) 1000-V-Bucks TR,17663,TR,Turkey,USD,False,FIXED,,,0.0,Gaming
Fortnite,Fortnite (Standard Edition) 1000-V-Bucks TC,17664,TC,Turks And Caicos Islands,USD,False,FIXED,,,0.0,Gaming
Fortnite,Fortnite (Standard Edition) 1000-V-Bucks UG,17665,UG,Uganda,USD,False,FIXED,,,0.0,Gaming
Fortnite,Fortnite (Standard Edition) 1000-V-Bucks UA,17666,UA,Ukraine,USD,False,FIXED,,,0.0,Gaming
Fortnite,Fortnite (Standard Edition) 1000-V-Bucks AE,17667,AE,United Arab Emirates,USD,False,FIXED,,,0.0,Gaming
Fortnite,Fortnite (Standard Edition) 1000-V-Bucks US,17669,US,United States,USD,False,FIXED,,,0.0,Gaming
Fortnite,Fortnite (Standard Edition) 1000-V-Bucks UY,17670,UY,Uruguay,USD,False,FIXED,,,0.0,Gaming
Fortnite,Fortnite (Standard Edition) 1000-V-Bucks UZ,17671,UZ,Uzbekistan,USD,False,FIXED,,,0.0,Gaming
Fortnite,Fortnite (Standard Edition) 1000-V-Bucks VU,17672,VU,Vanuatu,USD,False,FIXED,,,0.0,Gaming
Fortnite,Fortnite (Standard Edition) 1000-V-Bucks VN,17673,VN,Vietnam,USD,False,FIXED,,,0.0,Gaming
Fortnite,Fortnite (Standard Edition) 1000-V-Bucks YE,17674,YE,Yemen,USD,False,FIXED,,,0.0,Gaming
Fortnite,Fortnite (Standard Edition) 1000-V-Bucks ZM,17675,ZM,Zambia,USD,False,FIXED,,,0.0,Gaming
Fortnite,Fortnite (Standard Edition) 1000-V-Bucks ZW,17676,ZW,Zimbabwe,USD,False,FIXED,,,0.0,Gaming
Fortnite,Fortnite (Standard Edition) 1000-V-Bucks VE,17677,VE,Venezuela,USD,False,FIXED,,,0.0,Gaming
Fortnite,Fortnite (Standard Edition) 1000-V-Bucks GR,17678,GR,Greece,USD,False,FIXED,,,0.0,Gaming
Fortnite,Fortnite (Standard Edition) 1000-V-Bucks SO,17679,SO,Somalia,USD,False,FIXED,,,0.0,Gaming
Fortnite,Fortnite (Standard Edition) 1000-V-Bucks BY,17680,BY,Belarus,USD,False,FIXED,,,0.0,Gaming
Fortnite,Fortnite (Standard Edition) 1000-V-Bucks KM,17681,KM,Comoros,USD,False,FIXED,,,0.0,Gaming
Fortnite,Fortnite (Standard Edition) 1000-V-Bucks MR,17682,MR,Mauritania,USD,False,FIXED,,,0.0,Gaming
Fortnite,Fortnite (Standard Edition) 1000-V-Bucks BE,17683,BE,Belgium,USD,False,FIXED,,,0.0,Gaming
Fortnite,Fortnite (Standard Edition) 1000-V-Bucks MS,17684,MS,Montserrat,USD,False,FIXED,,,0.0,Gaming
Fortnite,Fortnite (Standard Edition) 1000-V-Bucks KR,17685,KR,South Korea,USD,False,FIXED,,,0.0,Gaming
Fortnite,Fortnite (Standard Edition) 1000-V-Bucks IE,17686,IE,Ireland,USD,False,FIXED,,,0.0,Gaming
Fortnite,Fortnite (Standard Edition) 1000-V-Bucks FI,17687,FI,Finland,USD,False,FIXED,,,0.0,Gaming
Fortnite,Fortnite (Standard Edition) 1000-V-Bucks AU,17688,AU,Australia,USD,False,FIXED,,,0.0,Gaming
Fortnite,Fortnite (Standard Edition) 1000-V-Bucks AT,17689,AT,Austria,USD,False,FIXED,,,0.0,Gaming
Fortnite,Fortnite (Standard Edition) 1000-V-Bucks JP,17690,JP,Japan,USD,False,FIXED,,,0.0,Gaming
Fortnite,Fortnite (Standard Edition) 1000-V-Bucks HK,17691,HK,Hong Kong,USD,False,FIXED,,,0.0,Gaming
Fortnite,Fortnite (Standard Edition) 1000-V-Bucks TW,17692,TW,Taiwan,USD,False,FIXED,,,0.0,Gaming
Fortnite,Fortnite (Standard Edition) 2800-V-Bucks AF,17693,AF,Afghanistan,USD,False,FIXED,,,0.0,Gaming
Fortnite,Fortnite (Standard Edition) 2800-V-Bucks AL,17694,AL,Albania,USD,False,FIXED,,,0.0,Gaming
Fortnite,Fortnite (Standard Edition) 2800-V-Bucks DZ,17695,DZ,Algeria,USD,False,FIXED,,,0.0,Gaming
Fortnite,Fortnite (Standard Edition) 2800-V-Bucks AS,17696,AS,American Samoa,USD,False,FIXED,,,0.0,Gaming
Fortnite,Fortnite (Standard Edition) 2800-V-Bucks AO,17697,AO,Angola,USD,False,FIXED,,,0.0,Gaming
Fortnite,Fortnite (Standard Edition) 2800-V-Bucks AI,17698,AI,Anguilla,USD,False,FIXED,,,0.0,Gaming
Fortnite,Fortnite (Standard Edition) 2800-V-Bucks AG,17699,AG,Antigua and Barbuda,USD,False,FIXED,,,0.0,Gaming
Fortnite,Fortnite (Standard Edition) 2800-V-Bucks AR,17700,AR,Argentina,USD,False,FIXED,,,0.0,Gaming
Fortnite,Fortnite (Standard Edition) 2800-V-Bucks AM,17701,AM,Armenia,USD,False,FIXED,,,0.0,Gaming
Fortnite,Fortnite (Standard Edition) 2800-V-Bucks AW,17702,AW,Aruba,USD,False,FIXED,,,0.0,Gaming
Fortnite,Fortnite (Standard Edition) 2800-V-Bucks BS,17703,BS,Bahamas,USD,False,FIXED,,,0.0,Gaming
Fortnite,Fortnite (Standard Edition) 2800-V-Bucks BH,17704,BH,Bahrain,USD,False,FIXED,,,0.0,Gaming
Fortnite,Fortnite (Standard Edition) 2800-V-Bucks BD,17705,BD,Bangladesh,USD,False,FIXED,,,0.0,Gaming
Fortnite,Fortnite (Standard Edition) 2800-V-Bucks BB,17706,BB,Barbados,USD,False,FIXED,,,0.0,Gaming
Fortnite,Fortnite (Standard Edition) 2800-V-Bucks BZ,17707,BZ,Belize,USD,False,FIXED,,,0.0,Gaming
Fortnite,Fortnite (Standard Edition) 2800-V-Bucks BJ,17708,BJ,Benin,USD,False,FIXED,,,0.0,Gaming
Fortnite,Fortnite (Standard Edition) 2800-V-Bucks BM,17709,BM,Bermuda,USD,False,FIXED,,,0.0,Gaming
Fortnite,Fortnite (Standard Edition) 2800-V-Bucks BO,17710,BO,Bolivia,USD,False,FIXED,,,0.0,Gaming
Fortnite,Fortnite (Standard Edition) 2800-V-Bucks BW,17711,BW,Botswana,USD,False,FIXED,,,0.0,Gaming
Fortnite,Fortnite (Standard Edition) 2800-V-Bucks BR,17712,BR,Brazil,USD,False,FIXED,,,0.0,Gaming
Fortnite,Fortnite (Standard Edition) 2800-V-Bucks VG,17713,VG,British Virgin Islands,USD,False,FIXED,,,0.0,Gaming
Fortnite,Fortnite (Standard Edition) 2800-V-Bucks BF,17714,BF,Burkina Faso,USD,False,FIXED,,,0.0,Gaming
Fortnite,Fortnite (Standard Edition) 2800-V-Bucks BI,17715,BI,Burundi,USD,False,FIXED,,,0.0,Gaming
Fortnite,Fortnite (Standard Edition) 2800-V-Bucks KH,17716,KH,Cambodia,USD,False,FIXED,,,0.0,Gaming
Fortnite,Fortnite (Standard Edition) 2800-V-Bucks CM,17717,CM,Cameroon,USD,False,FIXED,,,0.0,Gaming
Fortnite,Fortnite (Standard Edition) 2800-V-Bucks CA,17718,CA,Canada,USD,False,FIXED,,,0.0,Gaming
Fortnite,Fortnite (Standard Edition) 2800-V-Bucks CV,17719,CV,Cape Verde,USD,False,FIXED,,,0.0,Gaming
Fortnite,Fortnite (Standard Edition) 2800-V-Bucks KY,17720,KY,Cayman Islands,USD,False,FIXED,,,0.0,Gaming
Fortnite,Fortnite (Standard Edition) 2800-V-Bucks CF,17721,CF,Central African Republic,USD,False,FIXED,,,0.0,Gaming
Fortnite,Fortnite (Standard Edition) 2800-V-Bucks CL,17722,CL,Chile,USD,False,FIXED,,,0.0,Gaming
Fortnite,Fortnite (Standard Edition) 2800-V-Bucks CN,17723,CN,China,USD,False,FIXED,,,0.0,Gaming
Fortnite,Fortnite (Standard Edition) 2800-V-Bucks CO,17724,CO,Colombia,USD,False,FIXED,,,0.0,Gaming
Fortnite,Fortnite (Standard Edition) 2800-V-Bucks CG,17725,CG,Congo,USD,False,FIXED,,,0.0,Gaming
Fortnite,Fortnite (Standard Edition) 2800-V-Bucks CR,17726,CR,Costa Rica,USD,False,FIXED,,,0.0,Gaming
Fortnite,Fortnite (Standard Edition) 2800-V-Bucks CI,17727,CI,Côte d'Ivoire,USD,False,FIXED,,,0.0,Gaming
Fortnite,Fortnite (Standard Edition) 2800-V-Bucks CU,17728,CU,Cuba,USD,False,FIXED,,,0.0,Gaming
Fortnite,Fortnite (Standard Edition) 2800-V-Bucks CY,17729,CY,Cyprus,USD,False,FIXED,,,0.0,Gaming
Fortnite,Fortnite (Standard Edition) 2800-V-Bucks DM,17730,DM,Dominica,USD,False,FIXED,,,0.0,Gaming
Fortnite,Fortnite (Standard Edition) 2800-V-Bucks DO,17731,DO,Dominican Republic,USD,False,FIXED,,,0.0,Gaming
Fortnite,Fortnite (Standard Edition) 2800-V-Bucks EC,17732,EC,Ecuador,USD,False,FIXED,,,0.0,Gaming
Zalando,Zalando Austria,16616,AT,Austria,EUR,False,RANGE,5.0,88.61,2.0,Shopping
Fortnite,Fortnite (Standard Edition) 2800-V-Bucks EG,17733,EG,Egypt,USD,False,FIXED,,,0.0,Gaming
Fortnite,Fortnite (Standard Edition) 2800-V-Bucks SV,17734,SV,El Salvador,USD,False,FIXED,,,0.0,Gaming
Fortnite,Fortnite (Standard Edition) 2800-V-Bucks ET,17735,ET,Ethiopia,USD,False,FIXED,,,0.0,Gaming
Fortnite,Fortnite (Standard Edition) 2800-V-Bucks FJ,17736,FJ,Fiji,USD,False,FIXED,,,0.0,Gaming
Fortnite,Fortnite (Standard Edition) 2800-V-Bucks FR,17737,FR,France,USD,False,FIXED,,,0.0,Gaming
Fortnite,Fortnite (Standard Edition) 2800-V-Bucks GM,17738,GM,Gambia,USD,False,FIXED,,,0.0,Gaming
Fortnite,Fortnite (Standard Edition) 2800-V-Bucks GE,17739,GE,Georgia,USD,False,FIXED,,,0.0,Gaming
Fortnite,Fortnite (Standard Edition) 2800-V-Bucks DE,17740,DE,Germany,USD,False,FIXED,,,0.0,Gaming
Fortnite,Fortnite (Standard Edition) 2800-V-Bucks GH,17741,GH,Ghana,USD,False,FIXED,,,0.0,Gaming
Fortnite,Fortnite (Standard Edition) 2800-V-Bucks GD,17742,GD,Grenada,USD,False,FIXED,,,0.0,Gaming
Fortnite,Fortnite (Standard Edition) 2800-V-Bucks GT,17743,GT,Guatemala,USD,False,FIXED,,,0.0,Gaming
Fortnite,Fortnite (Standard Edition) 2800-V-Bucks GN,17744,GN,Guinea Conakry,USD,False,FIXED,,,0.0,Gaming
Fortnite,Fortnite (Standard Edition) 2800-V-Bucks GW,17745,GW,Guinea-Bissau,USD,False,FIXED,,,0.0,Gaming
Fortnite,Fortnite (Standard Edition) 2800-V-Bucks GY,17746,GY,Guyana,USD,False,FIXED,,,0.0,Gaming
Fortnite,Fortnite (Standard Edition) 2800-V-Bucks HT,17747,HT,Haiti,USD,False,FIXED,,,0.0,Gaming
Fortnite,Fortnite (Standard Edition) 2800-V-Bucks HN,17748,HN,Honduras,USD,False,FIXED,,,0.0,Gaming
Fortnite,Fortnite (Standard Edition) 2800-V-Bucks IN,17749,IN,India,USD,False,FIXED,,,0.0,Gaming
Fortnite,Fortnite (Standard Edition) 2800-V-Bucks ID,17750,ID,Indonesia,USD,False,FIXED,,,0.0,Gaming
Fortnite,Fortnite (Standard Edition) 2800-V-Bucks IQ,17751,IQ,Iraq,USD,False,FIXED,,,0.0,Gaming
Fortnite,Fortnite (Standard Edition) 2800-V-Bucks IT,17752,IT,Italy,USD,False,FIXED,,,0.0,Gaming
Fortnite,Fortnite (Standard Edition) 2800-V-Bucks JM,17753,JM,Jamaica,USD,False,FIXED,,,0.0,Gaming
Fortnite,Fortnite (Standard Edition) 2800-V-Bucks JO,17754,JO,Jordan,USD,False,FIXED,,,0.0,Gaming
Fortnite,Fortnite (Standard Edition) 2800-V-Bucks KZ,17755,KZ,Kazakhstan,USD,False,FIXED,,,0.0,Gaming
Fortnite,Fortnite (Standard Edition) 2800-V-Bucks KE,17756,KE,Kenya,USD,False,FIXED,,,0.0,Gaming
Fortnite,Fortnite (Standard Edition) 2800-V-Bucks KW,17757,KW,Kuwait,USD,False,FIXED,,,0.0,Gaming
Fortnite,Fortnite (Standard Edition) 2800-V-Bucks KG,17758,KG,Kyrgyzstan,USD,False,FIXED,,,0.0,Gaming
Fortnite,Fortnite (Standard Edition) 2800-V-Bucks LA,17759,LA,Laos,USD,False,FIXED,,,0.0,Gaming
Fortnite,Fortnite (Standard Edition) 2800-V-Bucks LB,17760,LB,Lebanon,USD,False,FIXED,,,0.0,Gaming
Fortnite,Fortnite (Standard Edition) 2800-V-Bucks LR,17761,LR,Liberia,USD,False,FIXED,,,0.0,Gaming
Fortnite,Fortnite (Standard Edition) 2800-V-Bucks MK,17762,MK,Macedonia,USD,False,FIXED,,,0.0,Gaming
Fortnite,Fortnite (Standard Edition) 2800-V-Bucks MG,17763,MG,Madagascar,USD,False,FIXED,,,0.0,Gaming
Fortnite,Fortnite (Standard Edition) 2800-V-Bucks MW,17764,MW,Malawi,USD,False,FIXED,,,0.0,Gaming
Fortnite,Fortnite (Standard Edition) 2800-V-Bucks MY,17765,MY,Malaysia,USD,False,FIXED,,,0.0,Gaming
Fortnite,Fortnite (Standard Edition) 2800-V-Bucks ML,17766,ML,Mali,USD,False,FIXED,,,0.0,Gaming
Fortnite,Fortnite (Standard Edition) 2800-V-Bucks MQ,17767,MQ,Martinique,USD,False,FIXED,,,0.0,Gaming
Fortnite,Fortnite (Standard Edition) 2800-V-Bucks MX,17768,MX,Mexico,USD,False,FIXED,,,0.0,Gaming
Fortnite,Fortnite (Standard Edition) 2800-V-Bucks MD,17769,MD,Moldova,USD,False,FIXED,,,0.0,Gaming
Fortnite,Fortnite (Standard Edition) 2800-V-Bucks MA,17770,MA,Morocco,USD,False,FIXED,,,0.0,Gaming
Fortnite,Fortnite (Standard Edition) 2800-V-Bucks MZ,17771,MZ,Mozambique,USD,False,FIXED,,,0.0,Gaming
Fortnite,Fortnite (Standard Edition) 2800-V-Bucks MM,17772,MM,Myanmar,USD,False,FIXED,,,0.0,Gaming
Fortnite,Fortnite (Standard Edition) 2800-V-Bucks NA,17773,NA,Namibia,USD,False,FIXED,,,0.0,Gaming
Fortnite,Fortnite (Standard Edition) 2800-V-Bucks NR,17774,NR,Nauru,USD,False,FIXED,,,0.0,Gaming
Fortnite,Fortnite (Standard Edition) 2800-V-Bucks NP,17775,NP,Nepal,USD,False,FIXED,,,0.0,Gaming
Fortnite,Fortnite (Standard Edition) 2800-V-Bucks NL,17776,NL,Netherlands,USD,False,FIXED,,,0.0,Gaming
Fortnite,Fortnite (Standard Edition) 2800-V-Bucks AN,17777,AN,Netherlands Antilles,USD,False,FIXED,,,0.0,Gaming
Fortnite,Fortnite (Standard Edition) 2800-V-Bucks NI,17778,NI,Nicaragua,USD,False,FIXED,,,0.0,Gaming
Fortnite,Fortnite (Standard Edition) 2800-V-Bucks NE,17779,NE,Niger,USD,False,FIXED,,,0.0,Gaming
Fortnite,Fortnite (Standard Edition) 2800-V-Bucks NG,17780,NG,Nigeria,USD,False,FIXED,,,0.0,Gaming
Fortnite,Fortnite (Standard Edition) 2800-V-Bucks OM,17781,OM,Oman,USD,False,FIXED,,,0.0,Gaming
Fortnite,Fortnite (Standard Edition) 2800-V-Bucks PK,17782,PK,Pakistan,USD,False,FIXED,,,0.0,Gaming
Fortnite,Fortnite (Standard Edition) 2800-V-Bucks PS,17783,PS,Palestine,USD,False,FIXED,,,0.0,Gaming
Fortnite,Fortnite (Standard Edition) 2800-V-Bucks PA,17784,PA,Panama,USD,False,FIXED,,,0.0,Gaming
Fortnite,Fortnite (Standard Edition) 2800-V-Bucks PG,17785,PG,Papua New Guinea,USD,False,FIXED,,,0.0,Gaming
Fortnite,Fortnite (Standard Edition) 2800-V-Bucks PY,17786,PY,Paraguay,USD,False,FIXED,,,0.0,Gaming
Fortnite,Fortnite (Standard Edition) 2800-V-Bucks PE,17787,PE,Peru,USD,False,FIXED,,,0.0,Gaming
Fortnite,Fortnite (Standard Edition) 2800-V-Bucks PH,17788,PH,Philippines,USD,False,FIXED,,,0.0,Gaming
Fortnite,Fortnite (Standard Edition) 2800-V-Bucks PL,17789,PL,Poland,USD,False,FIXED,,,0.0,Gaming
Fortnite,Fortnite (Standard Edition) 2800-V-Bucks PT,17790,PT,Portugal,USD,False,FIXED,,,0.0,Gaming
Fortnite,Fortnite (Standard Edition) 2800-V-Bucks PR,17791,PR,Puerto Rico,USD,False,FIXED,,,0.0,Gaming
Fortnite,Fortnite (Standard Edition) 2800-V-Bucks QA,17792,QA,Qatar,USD,False,FIXED,,,0.0,Gaming
Fortnite,Fortnite (Standard Edition) 2800-V-Bucks RO,17793,RO,Romania,USD,False,FIXED,,,0.0,Gaming
Fortnite,Fortnite (Standard Edition) 2800-V-Bucks RU,17794,RU,Russia,USD,False,FIXED,,,0.0,Gaming
Fortnite,Fortnite (Standard Edition) 2800-V-Bucks RW,17795,RW,Rwanda,USD,False,FIXED,,,0.0,Gaming
Fortnite,Fortnite (Standard Edition) 2800-V-Bucks KN,17796,KN,Saint Kitts And Nevis,USD,False,FIXED,,,0.0,Gaming
Fortnite,Fortnite (Standard Edition) 2800-V-Bucks LC,17797,LC,Saint Lucia,USD,False,FIXED,,,0.0,Gaming
Fortnite,Fortnite (Standard Edition) 2800-V-Bucks VC,17798,VC,Saint Vincent And The Grenadines,USD,False,FIXED,,,0.0,Gaming
Fortnite,Fortnite (Standard Edition) 2800-V-Bucks WS,17799,WS,Samoa,USD,False,FIXED,,,0.0,Gaming
Fortnite,Fortnite (Standard Edition) 2800-V-Bucks SA,17800,SA,Saudi Arabia,USD,False,FIXED,,,0.0,Gaming
Fortnite,Fortnite (Standard Edition) 2800-V-Bucks SN,17801,SN,Senegal,USD,False,FIXED,,,0.0,Gaming
Fortnite,Fortnite (Standard Edition) 2800-V-Bucks SL,17802,SL,Sierra Leone,USD,False,FIXED,,,0.0,Gaming
Fortnite,Fortnite (Standard Edition) 2800-V-Bucks SG,17803,SG,Singapore,USD,False,FIXED,,,0.0,Gaming
Fortnite,Fortnite (Standard Edition) 2800-V-Bucks ZA,17804,ZA,South Africa,USD,False,FIXED,,,0.0,Gaming
Fortnite,Fortnite (Standard Edition) 2800-V-Bucks ES,17805,ES,Spain,USD,False,FIXED,,,0.0,Gaming
Fortnite,Fortnite (Standard Edition) 2800-V-Bucks LK,17806,LK,Sri Lanka,USD,False,FIXED,,,0.0,Gaming
Fortnite,Fortnite (Standard Edition) 2800-V-Bucks SR,17807,SR,Suriname,USD,False,FIXED,,,0.0,Gaming
Fortnite,Fortnite (Standard Edition) 2800-V-Bucks SZ,17808,SZ,Eswatini,USD,False,FIXED,,,0.0,Gaming
Fortnite,Fortnite (Standard Edition) 2800-V-Bucks TJ,17809,TJ,Tajikistan,USD,False,FIXED,,,0.0,Gaming
Fortnite,Fortnite (Standard Edition) 2800-V-Bucks TZ,17810,TZ,Tanzania,USD,False,FIXED,,,0.0,Gaming
Fortnite,Fortnite (Standard Edition) 2800-V-Bucks TH,17811,TH,Thailand,USD,False,FIXED,,,0.0,Gaming
Fortnite,Fortnite (Standard Edition) 2800-V-Bucks CD,17812,CD,The Democratic Republic Of Congo,USD,False,FIXED,,,0.0,Gaming
Fortnite,Fortnite (Standard Edition) 2800-V-Bucks TG,17813,TG,Togo,USD,False,FIXED,,,0.0,Gaming
Fortnite,Fortnite (Standard Edition) 2800-V-Bucks TO,17814,TO,Tonga,USD,False,FIXED,,,0.0,Gaming
Fortnite,Fortnite (Standard Edition) 2800-V-Bucks TT,17815,TT,Trinidad and Tobago,USD,False,FIXED,,,0.0,Gaming
Fortnite,Fortnite (Standard Edition) 2800-V-Bucks TN,17816,TN,Tunisia,USD,False,FIXED,,,0.0,Gaming
Fortnite,Fortnite (Standard Edition) 2800-V-Bucks TR,17817,TR,Turkey,USD,False,FIXED,,,0.0,Gaming
Fortnite,Fortnite (Standard Edition) 2800-V-Bucks TC,17818,TC,Turks And Caicos Islands,USD,False,FIXED,,,0.0,Gaming
Fortnite,Fortnite (Standard Edition) 2800-V-Bucks UG,17819,UG,Uganda,USD,False,FIXED,,,0.0,Gaming
Fortnite,Fortnite (Standard Edition) 2800-V-Bucks UA,17820,UA,Ukraine,USD,False,FIXED,,,0.0,Gaming
Fortnite,Fortnite (Standard Edition) 2800-V-Bucks AE,17821,AE,United Arab Emirates,USD,False,FIXED,,,0.0,Gaming
Fortnite,Fortnite (Standard Edition) 2800-V-Bucks GB,17822,GB,United Kingdom,USD,False,FIXED,,,0.0,Gaming
Fortnite,Fortnite (Standard Edition) 2800-V-Bucks US,17823,US,United States,USD,False,FIXED,,,0.0,Gaming
Fortnite,Fortnite (Standard Edition) 2800-V-Bucks UY,17824,UY,Uruguay,USD,False,FIXED,,,0.0,Gaming
Fortnite,Fortnite (Standard Edition) 2800-V-Bucks UZ,17825,UZ,Uzbekistan,USD,False,FIXED,,,0.0,Gaming
Fortnite,Fortnite (Standard Edition) 2800-V-Bucks VU,17826,VU,Vanuatu,USD,False,FIXED,,,0.0,Gaming
Fortnite,Fortnite (Standard Edition) 2800-V-Bucks VN,17827,VN,Vietnam,USD,False,FIXED,,,0.0,Gaming
Fortnite,Fortnite (Standard Edition) 2800-V-Bucks YE,17828,YE,Yemen,USD,False,FIXED,,,0.0,Gaming
Fortnite,Fortnite (Standard Edition) 2800-V-Bucks ZM,17829,ZM,Zambia,USD,False,FIXED,,,0.0,Gaming
Fortnite,Fortnite (Standard Edition) 2800-V-Bucks ZW,17830,ZW,Zimbabwe,USD,False,FIXED,,,0.0,Gaming
Fortnite,Fortnite (Standard Edition) 2800-V-Bucks VE,17831,VE,Venezuela,USD,False,FIXED,,,0.0,Gaming
Fortnite,Fortnite (Standard Edition) 2800-V-Bucks GR,17832,GR,Greece,USD,False,FIXED,,,0.0,Gaming
Fortnite,Fortnite (Standard Edition) 2800-V-Bucks SO,17833,SO,Somalia,USD,False,FIXED,,,0.0,Gaming
Fortnite,Fortnite (Standard Edition) 2800-V-Bucks BY,17834,BY,Belarus,USD,False,FIXED,,,0.0,Gaming
Fortnite,Fortnite (Standard Edition) 2800-V-Bucks KM,17835,KM,Comoros,USD,False,FIXED,,,0.0,Gaming
Fortnite,Fortnite (Standard Edition) 2800-V-Bucks MR,17836,MR,Mauritania,USD,False,FIXED,,,0.0,Gaming
Fortnite,Fortnite (Standard Edition) 2800-V-Bucks BE,17837,BE,Belgium,USD,False,FIXED,,,0.0,Gaming
Fortnite,Fortnite (Standard Edition) 2800-V-Bucks MS,17838,MS,Montserrat,USD,False,FIXED,,,0.0,Gaming
Fortnite,Fortnite (Standard Edition) 2800-V-Bucks KR,17839,KR,South Korea,USD,False,FIXED,,,0.0,Gaming
Fortnite,Fortnite (Standard Edition) 2800-V-Bucks IE,17840,IE,Ireland,USD,False,FIXED,,,0.0,Gaming
Fortnite,Fortnite (Standard Edition) 2800-V-Bucks FI,17841,FI,Finland,USD,False,FIXED,,,0.0,Gaming
Fortnite,Fortnite (Standard Edition) 2800-V-Bucks AU,17842,AU,Australia,USD,False,FIXED,,,0.0,Gaming
Fortnite,Fortnite (Standard Edition) 2800-V-Bucks AT,17843,AT,Austria,USD,False,FIXED,,,0.0,Gaming
Fortnite,Fortnite (Standard Edition) 2800-V-Bucks JP,17844,JP,Japan,USD,False,FIXED,,,0.0,Gaming
Fortnite,Fortnite (Standard Edition) 2800-V-Bucks HK,17845,HK,Hong Kong,USD,False,FIXED,,,0.0,Gaming
Fortnite,Fortnite (Standard Edition) 2800-V-Bucks TW,17846,TW,Taiwan,USD,False,FIXED,,,0.0,Gaming
Fortnite,Fortnite (Standard Edition) 5000-V-Bucks AF,17847,AF,Afghanistan,USD,False,FIXED,,,0.0,Gaming
Fortnite,Fortnite (Standard Edition) 5000-V-Bucks AL,17848,AL,Albania,USD,False,FIXED,,,0.0,Gaming
Fortnite,Fortnite (Standard Edition) 5000-V-Bucks DZ,17849,DZ,Algeria,USD,False,FIXED,,,0.0,Gaming
Fortnite,Fortnite (Standard Edition) 5000-V-Bucks AS,17850,AS,American Samoa,USD,False,FIXED,,,0.0,Gaming
Fortnite,Fortnite (Standard Edition) 5000-V-Bucks AO,17851,AO,Angola,USD,False,FIXED,,,0.0,Gaming
Fortnite,Fortnite (Standard Edition) 5000-V-Bucks AI,17852,AI,Anguilla,USD,False,FIXED,,,0.0,Gaming
Fortnite,Fortnite (Standard Edition) 5000-V-Bucks AG,17853,AG,Antigua and Barbuda,USD,False,FIXED,,,0.0,Gaming
Fortnite,Fortnite (Standard Edition) 5000-V-Bucks AR,17854,AR,Argentina,USD,False,FIXED,,,0.0,Gaming
Fortnite,Fortnite (Standard Edition) 5000-V-Bucks AM,17855,AM,Armenia,USD,False,FIXED,,,0.0,Gaming
Fortnite,Fortnite (Standard Edition) 5000-V-Bucks AW,17856,AW,Aruba,USD,False,FIXED,,,0.0,Gaming
Fortnite,Fortnite (Standard Edition) 5000-V-Bucks BS,17857,BS,Bahamas,USD,False,FIXED,,,0.0,Gaming
Fortnite,Fortnite (Standard Edition) 5000-V-Bucks BH,17858,BH,Bahrain,USD,False,FIXED,,,0.0,Gaming
Fortnite,Fortnite (Standard Edition) 5000-V-Bucks BD,17859,BD,Bangladesh,USD,False,FIXED,,,0.0,Gaming
Fortnite,Fortnite (Standard Edition) 5000-V-Bucks BB,17860,BB,Barbados,USD,False,FIXED,,,0.0,Gaming
Fortnite,Fortnite (Standard Edition) 5000-V-Bucks BZ,17861,BZ,Belize,USD,False,FIXED,,,0.0,Gaming
Fortnite,Fortnite (Standard Edition) 5000-V-Bucks BJ,17862,BJ,Benin,USD,False,FIXED,,,0.0,Gaming
Fortnite,Fortnite (Standard Edition) 5000-V-Bucks BM,17863,BM,Bermuda,USD,False,FIXED,,,0.0,Gaming
Fortnite,Fortnite (Standard Edition) 5000-V-Bucks BO,17864,BO,Bolivia,USD,False,FIXED,,,0.0,Gaming
Fortnite,Fortnite (Standard Edition) 5000-V-Bucks BW,17865,BW,Botswana,USD,False,FIXED,,,0.0,Gaming
Fortnite,Fortnite (Standard Edition) 5000-V-Bucks BR,17866,BR,Brazil,USD,False,FIXED,,,0.0,Gaming
Fortnite,Fortnite (Standard Edition) 5000-V-Bucks VG,17867,VG,British Virgin Islands,USD,False,FIXED,,,0.0,Gaming
Fortnite,Fortnite (Standard Edition) 5000-V-Bucks BF,17868,BF,Burkina Faso,USD,False,FIXED,,,0.0,Gaming
Fortnite,Fortnite (Standard Edition) 5000-V-Bucks BI,17869,BI,Burundi,USD,False,FIXED,,,0.0,Gaming
Fortnite,Fortnite (Standard Edition) 5000-V-Bucks KH,17870,KH,Cambodia,USD,False,FIXED,,,0.0,Gaming
Fortnite,Fortnite (Standard Edition) 5000-V-Bucks CM,17871,CM,Cameroon,USD,False,FIXED,,,0.0,Gaming
Fortnite,Fortnite (Standard Edition) 5000-V-Bucks CA,17872,CA,Canada,USD,False,FIXED,,,0.0,Gaming
Fortnite,Fortnite (Standard Edition) 5000-V-Bucks CV,17873,CV,Cape Verde,USD,False,FIXED,,,0.0,Gaming
Fortnite,Fortnite (Standard Edition) 5000-V-Bucks KY,17874,KY,Cayman Islands,USD,False,FIXED,,,0.0,Gaming
Fortnite,Fortnite (Standard Edition) 5000-V-Bucks CF,17875,CF,Central African Republic,USD,False,FIXED,,,0.0,Gaming
Fortnite,Fortnite (Standard Edition) 5000-V-Bucks CL,17876,CL,Chile,USD,False,FIXED,,,0.0,Gaming
Fortnite,Fortnite (Standard Edition) 5000-V-Bucks CN,17877,CN,China,USD,False,FIXED,,,0.0,Gaming
Fortnite,Fortnite (Standard Edition) 5000-V-Bucks CG,17879,CG,Congo,USD,False,FIXED,,,0.0,Gaming
Fortnite,Fortnite (Standard Edition) 5000-V-Bucks CR,17880,CR,Costa Rica,USD,False,FIXED,,,0.0,Gaming
Fortnite,Fortnite (Standard Edition) 5000-V-Bucks CI,17881,CI,Côte d'Ivoire,USD,False,FIXED,,,0.0,Gaming
Fortnite,Fortnite (Standard Edition) 5000-V-Bucks CU,17882,CU,Cuba,USD,False,FIXED,,,0.0,Gaming
Fortnite,Fortnite (Standard Edition) 5000-V-Bucks CY,17883,CY,Cyprus,USD,False,FIXED,,,0.0,Gaming
Fortnite,Fortnite (Standard Edition) 5000-V-Bucks DM,17884,DM,Dominica,USD,False,FIXED,,,0.0,Gaming
Fortnite,Fortnite (Standard Edition) 5000-V-Bucks DO,17885,DO,Dominican Republic,USD,False,FIXED,,,0.0,Gaming
Fortnite,Fortnite (Standard Edition) 5000-V-Bucks EC,17886,EC,Ecuador,USD,False,FIXED,,,0.0,Gaming
Fortnite,Fortnite (Standard Edition) 5000-V-Bucks EG,17887,EG,Egypt,USD,False,FIXED,,,0.0,Gaming
Fortnite,Fortnite (Standard Edition) 5000-V-Bucks SV,17888,SV,El Salvador,USD,False,FIXED,,,0.0,Gaming
Fortnite,Fortnite (Standard Edition) 5000-V-Bucks ET,17889,ET,Ethiopia,USD,False,FIXED,,,0.0,Gaming
Fortnite,Fortnite (Standard Edition) 5000-V-Bucks FJ,17890,FJ,Fiji,USD,False,FIXED,,,0.0,Gaming
Fortnite,Fortnite (Standard Edition) 5000-V-Bucks FR,17891,FR,France,USD,False,FIXED,,,0.0,Gaming
Fortnite,Fortnite (Standard Edition) 5000-V-Bucks GM,17892,GM,Gambia,USD,False,FIXED,,,0.0,Gaming
Fortnite,Fortnite (Standard Edition) 5000-V-Bucks GE,17893,GE,Georgia,USD,False,FIXED,,,0.0,Gaming
Fortnite,Fortnite (Standard Edition) 5000-V-Bucks DE,17894,DE,Germany,USD,False,FIXED,,,0.0,Gaming
Fortnite,Fortnite (Standard Edition) 5000-V-Bucks GH,17895,GH,Ghana,USD,False,FIXED,,,0.0,Gaming
Fortnite,Fortnite (Standard Edition) 5000-V-Bucks GD,17896,GD,Grenada,USD,False,FIXED,,,0.0,Gaming
Fortnite,Fortnite (Standard Edition) 5000-V-Bucks GT,17897,GT,Guatemala,USD,False,FIXED,,,0.0,Gaming
Fortnite,Fortnite (Standard Edition) 5000-V-Bucks GN,17898,GN,Guinea Conakry,USD,False,FIXED,,,0.0,Gaming
Fortnite,Fortnite (Standard Edition) 5000-V-Bucks GW,17899,GW,Guinea-Bissau,USD,False,FIXED,,,0.0,Gaming
Fortnite,Fortnite (Standard Edition) 5000-V-Bucks GY,17900,GY,Guyana,USD,False,FIXED,,,0.0,Gaming
Fortnite,Fortnite (Standard Edition) 5000-V-Bucks HT,17901,HT,Haiti,USD,False,FIXED,,,0.0,Gaming
Fortnite,Fortnite (Standard Edition) 5000-V-Bucks HN,17902,HN,Honduras,USD,False,FIXED,,,0.0,Gaming
Fortnite,Fortnite (Standard Edition) 5000-V-Bucks IN,17903,IN,India,USD,False,FIXED,,,0.0,Gaming
Fortnite,Fortnite (Standard Edition) 5000-V-Bucks ID,17904,ID,Indonesia,USD,False,FIXED,,,0.0,Gaming
Fortnite,Fortnite (Standard Edition) 5000-V-Bucks IQ,17905,IQ,Iraq,USD,False,FIXED,,,0.0,Gaming
Fortnite,Fortnite (Standard Edition) 5000-V-Bucks IT,17906,IT,Italy,USD,False,FIXED,,,0.0,Gaming
Fortnite,Fortnite (Standard Edition) 5000-V-Bucks JM,17907,JM,Jamaica,USD,False,FIXED,,,0.0,Gaming
Fortnite,Fortnite (Standard Edition) 5000-V-Bucks JO,17908,JO,Jordan,USD,False,FIXED,,,0.0,Gaming
Fortnite,Fortnite (Standard Edition) 5000-V-Bucks KZ,17909,KZ,Kazakhstan,USD,False,FIXED,,,0.0,Gaming
Fortnite,Fortnite (Standard Edition) 5000-V-Bucks KE,17910,KE,Kenya,USD,False,FIXED,,,0.0,Gaming
Fortnite,Fortnite (Standard Edition) 5000-V-Bucks KW,17911,KW,Kuwait,USD,False,FIXED,,,0.0,Gaming
Fortnite,Fortnite (Standard Edition) 5000-V-Bucks KG,17912,KG,Kyrgyzstan,USD,False,FIXED,,,0.0,Gaming
Fortnite,Fortnite (Standard Edition) 5000-V-Bucks LA,17913,LA,Laos,USD,False,FIXED,,,0.0,Gaming
Fortnite,Fortnite (Standard Edition) 5000-V-Bucks LB,17914,LB,Lebanon,USD,False,FIXED,,,0.0,Gaming
Fortnite,Fortnite (Standard Edition) 5000-V-Bucks LR,17915,LR,Liberia,USD,False,FIXED,,,0.0,Gaming
Fortnite,Fortnite (Standard Edition) 5000-V-Bucks MK,17916,MK,Macedonia,USD,False,FIXED,,,0.0,Gaming
Fortnite,Fortnite (Standard Edition) 5000-V-Bucks MG,17917,MG,Madagascar,USD,False,FIXED,,,0.0,Gaming
Fortnite,Fortnite (Standard Edition) 5000-V-Bucks MW,17918,MW,Malawi,USD,False,FIXED,,,0.0,Gaming
Fortnite,Fortnite (Standard Edition) 5000-V-Bucks MY,17919,MY,Malaysia,USD,False,FIXED,,,0.0,Gaming
Fortnite,Fortnite (Standard Edition) 5000-V-Bucks ML,17920,ML,Mali,USD,False,FIXED,,,0.0,Gaming
Fortnite,Fortnite (Standard Edition) 5000-V-Bucks MQ,17921,MQ,Martinique,USD,False,FIXED,,,0.0,Gaming
Fortnite,Fortnite (Standard Edition) 5000-V-Bucks MX,17922,MX,Mexico,USD,False,FIXED,,,0.0,Gaming
Fortnite,Fortnite (Standard Edition) 5000-V-Bucks MD,17923,MD,Moldova,USD,False,FIXED,,,0.0,Gaming
Fortnite,Fortnite (Standard Edition) 5000-V-Bucks MA,17924,MA,Morocco,USD,False,FIXED,,,0.0,Gaming
Fortnite,Fortnite (Standard Edition) 5000-V-Bucks MZ,17925,MZ,Mozambique,USD,False,FIXED,,,0.0,Gaming
Fortnite,Fortnite (Standard Edition) 5000-V-Bucks MM,17926,MM,Myanmar,USD,False,FIXED,,,0.0,Gaming
Fortnite,Fortnite (Standard Edition) 5000-V-Bucks NA,17927,NA,Namibia,USD,False,FIXED,,,0.0,Gaming
Fortnite,Fortnite (Standard Edition) 5000-V-Bucks NR,17928,NR,Nauru,USD,False,FIXED,,,0.0,Gaming
Fortnite,Fortnite (Standard Edition) 5000-V-Bucks NP,17929,NP,Nepal,USD,False,FIXED,,,0.0,Gaming
Fortnite,Fortnite (Standard Edition) 5000-V-Bucks NL,17930,NL,Netherlands,USD,False,FIXED,,,0.0,Gaming
Fortnite,Fortnite (Standard Edition) 5000-V-Bucks AN,17931,AN,Netherlands Antilles,USD,False,FIXED,,,0.0,Gaming
Fortnite,Fortnite (Standard Edition) 5000-V-Bucks NI,17932,NI,Nicaragua,USD,False,FIXED,,,0.0,Gaming
Fortnite,Fortnite (Standard Edition) 5000-V-Bucks NE,17933,NE,Niger,USD,False,FIXED,,,0.0,Gaming
Fortnite,Fortnite (Standard Edition) 5000-V-Bucks NG,17934,NG,Nigeria,USD,False,FIXED,,,0.0,Gaming
Fortnite,Fortnite (Standard Edition) 5000-V-Bucks OM,17935,OM,Oman,USD,False,FIXED,,,0.0,Gaming
Fortnite,Fortnite (Standard Edition) 5000-V-Bucks PK,17936,PK,Pakistan,USD,False,FIXED,,,0.0,Gaming
Fortnite,Fortnite (Standard Edition) 5000-V-Bucks PS,17937,PS,Palestine,USD,False,FIXED,,,0.0,Gaming
Fortnite,Fortnite (Standard Edition) 5000-V-Bucks PA,17938,PA,Panama,USD,False,FIXED,,,0.0,Gaming
Fortnite,Fortnite (Standard Edition) 5000-V-Bucks PG,17939,PG,Papua New Guinea,USD,False,FIXED,,,0.0,Gaming
Fortnite,Fortnite (Standard Edition) 5000-V-Bucks PY,17940,PY,Paraguay,USD,False,FIXED,,,0.0,Gaming
Fortnite,Fortnite (Standard Edition) 5000-V-Bucks PE,17941,PE,Peru,USD,False,FIXED,,,0.0,Gaming
Fortnite,Fortnite (Standard Edition) 5000-V-Bucks PH,17942,PH,Philippines,USD,False,FIXED,,,0.0,Gaming
Fortnite,Fortnite (Standard Edition) 5000-V-Bucks PL,17943,PL,Poland,USD,False,FIXED,,,0.0,Gaming
Fortnite,Fortnite (Standard Edition) 5000-V-Bucks PT,17944,PT,Portugal,USD,False,FIXED,,,0.0,Gaming
Fortnite,Fortnite (Standard Edition) 5000-V-Bucks PR,17945,PR,Puerto Rico,USD,False,FIXED,,,0.0,Gaming
Fortnite,Fortnite (Standard Edition) 5000-V-Bucks QA,17946,QA,Qatar,USD,False,FIXED,,,0.0,Gaming
Fortnite,Fortnite (Standard Edition) 5000-V-Bucks RO,17947,RO,Romania,USD,False,FIXED,,,0.0,Gaming
Fortnite,Fortnite (Standard Edition) 5000-V-Bucks RU,17948,RU,Russia,USD,False,FIXED,,,0.0,Gaming
Fortnite,Fortnite (Standard Edition) 5000-V-Bucks RW,17949,RW,Rwanda,USD,False,FIXED,,,0.0,Gaming
Fortnite,Fortnite (Standard Edition) 5000-V-Bucks KN,17950,KN,Saint Kitts And Nevis,USD,False,FIXED,,,0.0,Gaming
Fortnite,Fortnite (Standard Edition) 5000-V-Bucks LC,17951,LC,Saint Lucia,USD,False,FIXED,,,0.0,Gaming
Fortnite,Fortnite (Standard Edition) 5000-V-Bucks VC,17952,VC,Saint Vincent And The Grenadines,USD,False,FIXED,,,0.0,Gaming
Fortnite,Fortnite (Standard Edition) 5000-V-Bucks WS,17953,WS,Samoa,USD,False,FIXED,,,0.0,Gaming
Fortnite,Fortnite (Standard Edition) 5000-V-Bucks SA,17954,SA,Saudi Arabia,USD,False,FIXED,,,0.0,Gaming
Fortnite,Fortnite (Standard Edition) 5000-V-Bucks SN,17955,SN,Senegal,USD,False,FIXED,,,0.0,Gaming
Fortnite,Fortnite (Standard Edition) 5000-V-Bucks SL,17956,SL,Sierra Leone,USD,False,FIXED,,,0.0,Gaming
Fortnite,Fortnite (Standard Edition) 5000-V-Bucks SG,17957,SG,Singapore,USD,False,FIXED,,,0.0,Gaming
Fortnite,Fortnite (Standard Edition) 5000-V-Bucks ZA,17958,ZA,South Africa,USD,False,FIXED,,,0.0,Gaming
Fortnite,Fortnite (Standard Edition) 5000-V-Bucks ES,17959,ES,Spain,USD,False,FIXED,,,0.0,Gaming
Fortnite,Fortnite (Standard Edition) 5000-V-Bucks LK,17960,LK,Sri Lanka,USD,False,FIXED,,,0.0,Gaming
Fortnite,Fortnite (Standard Edition) 5000-V-Bucks SR,17961,SR,Suriname,USD,False,FIXED,,,0.0,Gaming
Fortnite,Fortnite (Standard Edition) 5000-V-Bucks SZ,17962,SZ,Eswatini,USD,False,FIXED,,,0.0,Gaming
Fortnite,Fortnite (Standard Edition) 5000-V-Bucks TJ,17963,TJ,Tajikistan,USD,False,FIXED,,,0.0,Gaming
Fortnite,Fortnite (Standard Edition) 5000-V-Bucks TZ,17964,TZ,Tanzania,USD,False,FIXED,,,0.0,Gaming
Fortnite,Fortnite (Standard Edition) 5000-V-Bucks TH,17965,TH,Thailand,USD,False,FIXED,,,0.0,Gaming
Fortnite,Fortnite (Standard Edition) 5000-V-Bucks CD,17966,CD,The Democratic Republic Of Congo,USD,False,FIXED,,,0.0,Gaming
Fortnite,Fortnite (Standard Edition) 5000-V-Bucks TG,17967,TG,Togo,USD,False,FIXED,,,0.0,Gaming
Fortnite,Fortnite (Standard Edition) 5000-V-Bucks TO,17968,TO,Tonga,USD,False,FIXED,,,0.0,Gaming
Fortnite,Fortnite (Standard Edition) 5000-V-Bucks TT,17969,TT,Trinidad and Tobago,USD,False,FIXED,,,0.0,Gaming
Fortnite,Fortnite (Standard Edition) 5000-V-Bucks TN,17970,TN,Tunisia,USD,False,FIXED,,,0.0,Gaming
Fortnite,Fortnite (Standard Edition) 5000-V-Bucks TR,17971,TR,Turkey,USD,False,FIXED,,,0.0,Gaming
Fortnite,Fortnite (Standard Edition) 5000-V-Bucks TC,17972,TC,Turks And Caicos Islands,USD,False,FIXED,,,0.0,Gaming
Fortnite,Fortnite (Standard Edition) 5000-V-Bucks UG,17973,UG,Uganda,USD,False,FIXED,,,0.0,Gaming
Fortnite,Fortnite (Standard Edition) 5000-V-Bucks UA,17974,UA,Ukraine,USD,False,FIXED,,,0.0,Gaming
Fortnite,Fortnite (Standard Edition) 5000-V-Bucks AE,17975,AE,United Arab Emirates,USD,False,FIXED,,,0.0,Gaming
Fortnite,Fortnite (Standard Edition) 5000-V-Bucks GB,17976,GB,United Kingdom,USD,False,FIXED,,,0.0,Gaming
Fortnite,Fortnite (Standard Edition) 5000-V-Bucks US,17977,US,United States,USD,False,FIXED,,,0.0,Gaming
Fortnite,Fortnite (Standard Edition) 5000-V-Bucks UY,17978,UY,Uruguay,USD,False,FIXED,,,0.0,Gaming
Fortnite,Fortnite (Standard Edition) 5000-V-Bucks UZ,17979,UZ,Uzbekistan,USD,False,FIXED,,,0.0,Gaming
Fortnite,Fortnite (Standard Edition) 5000-V-Bucks VU,17980,VU,Vanuatu,USD,False,FIXED,,,0.0,Gaming
Fortnite,Fortnite (Standard Edition) 5000-V-Bucks VN,17981,VN,Vietnam,USD,False,FIXED,,,0.0,Gaming
Fortnite,Fortnite (Standard Edition) 5000-V-Bucks YE,17982,YE,Yemen,USD,False,FIXED,,,0.0,Gaming
Fortnite,Fortnite (Standard Edition) 5000-V-Bucks ZM,17983,ZM,Zambia,USD,False,FIXED,,,0.0,Gaming
Fortnite,Fortnite (Standard Edition) 5000-V-Bucks ZW,17984,ZW,Zimbabwe,USD,False,FIXED,,,0.0,Gaming
Fortnite,Fortnite (Standard Edition) 5000-V-Bucks VE,17985,VE,Venezuela,USD,False,FIXED,,,0.0,Gaming
Fortnite,Fortnite (Standard Edition) 5000-V-Bucks GR,17986,GR,Greece,USD,False,FIXED,,,0.0,Gaming
Fortnite,Fortnite (Standard Edition) 5000-V-Bucks SO,17987,SO,Somalia,USD,False,FIXED,,,0.0,Gaming
Fortnite,Fortnite (Standard Edition) 5000-V-Bucks BY,17988,BY,Belarus,USD,False,FIXED,,,0.0,Gaming
Fortnite,Fortnite (Standard Edition) 5000-V-Bucks KM,17989,KM,Comoros,USD,False,FIXED,,,0.0,Gaming
Fortnite,Fortnite (Standard Edition) 5000-V-Bucks MR,17990,MR,Mauritania,USD,False,FIXED,,,0.0,Gaming
Fortnite,Fortnite (Standard Edition) 5000-V-Bucks BE,17991,BE,Belgium,USD,False,FIXED,,,0.0,Gaming
Fortnite,Fortnite (Standard Edition) 5000-V-Bucks MS,17992,MS,Montserrat,USD,False,FIXED,,,0.0,Gaming
Fortnite,Fortnite (Standard Edition) 5000-V-Bucks KR,17993,KR,South Korea,USD,False,FIXED,,,0.0,Gaming
Fortnite,Fortnite (Standard Edition) 5000-V-Bucks IE,17994,IE,Ireland,USD,False,FIXED,,,0.0,Gaming
Fortnite,Fortnite (Standard Edition) 5000-V-Bucks FI,17995,FI,Finland,USD,False,FIXED,,,0.0,Gaming
Fortnite,Fortnite (Standard Edition) 5000-V-Bucks AU,17996,AU,Australia,USD,False,FIXED,,,0.0,Gaming
Fortnite,Fortnite (Standard Edition) 5000-V-Bucks AT,17997,AT,Austria,USD,False,FIXED,,,0.0,Gaming
Fortnite,Fortnite (Standard Edition) 5000-V-Bucks JP,17998,JP,Japan,USD,False,FIXED,,,0.0,Gaming
Fortnite,Fortnite (Standard Edition) 5000-V-Bucks HK,17999,HK,Hong Kong,USD,False,FIXED,,,0.0,Gaming
Fortnite,Fortnite (Standard Edition) 5000-V-Bucks TW,18000,TW,Taiwan,USD,False,FIXED,,,0.0,Gaming
Fortnite,Fortnite (Standard Edition) 13500-V-Bucks AF,18001,AF,Afghanistan,USD,False,FIXED,,,0.0,Gaming
Fortnite,Fortnite (Standard Edition) 13500-V-Bucks AL,18002,AL,Albania,USD,False,FIXED,,,0.0,Gaming
Fortnite,Fortnite (Standard Edition) 13500-V-Bucks DZ,18003,DZ,Algeria,USD,False,FIXED,,,0.0,Gaming
Fortnite,Fortnite (Standard Edition) 13500-V-Bucks AS,18004,AS,American Samoa,USD,False,FIXED,,,0.0,Gaming
Fortnite,Fortnite (Standard Edition) 13500-V-Bucks AO,18005,AO,Angola,USD,False,FIXED,,,0.0,Gaming
Fortnite,Fortnite (Standard Edition) 13500-V-Bucks AI,18006,AI,Anguilla,USD,False,FIXED,,,0.0,Gaming
Fortnite,Fortnite (Standard Edition) 13500-V-Bucks AG,18007,AG,Antigua and Barbuda,USD,False,FIXED,,,0.0,Gaming
Fortnite,Fortnite (Standard Edition) 13500-V-Bucks AR,18008,AR,Argentina,USD,False,FIXED,,,0.0,Gaming
Fortnite,Fortnite (Standard Edition) 13500-V-Bucks AM,18009,AM,Armenia,USD,False,FIXED,,,0.0,Gaming
Fortnite,Fortnite (Standard Edition) 13500-V-Bucks AW,18010,AW,Aruba,USD,False,FIXED,,,0.0,Gaming
Fortnite,Fortnite (Standard Edition) 13500-V-Bucks BS,18011,BS,Bahamas,USD,False,FIXED,,,0.0,Gaming
Fortnite,Fortnite (Standard Edition) 13500-V-Bucks BH,18012,BH,Bahrain,USD,False,FIXED,,,0.0,Gaming
Fortnite,Fortnite (Standard Edition) 13500-V-Bucks BD,18013,BD,Bangladesh,USD,False,FIXED,,,0.0,Gaming
Fortnite,Fortnite (Standard Edition) 13500-V-Bucks BB,18014,BB,Barbados,USD,False,FIXED,,,0.0,Gaming
Fortnite,Fortnite (Standard Edition) 13500-V-Bucks BZ,18015,BZ,Belize,USD,False,FIXED,,,0.0,Gaming
Fortnite,Fortnite (Standard Edition) 13500-V-Bucks BJ,18016,BJ,Benin,USD,False,FIXED,,,0.0,Gaming
Fortnite,Fortnite (Standard Edition) 13500-V-Bucks BM,18017,BM,Bermuda,USD,False,FIXED,,,0.0,Gaming
Fortnite,Fortnite (Standard Edition) 13500-V-Bucks BO,18018,BO,Bolivia,USD,False,FIXED,,,0.0,Gaming
Fortnite,Fortnite (Standard Edition) 13500-V-Bucks BW,18019,BW,Botswana,USD,False,FIXED,,,0.0,Gaming
Fortnite,Fortnite (Standard Edition) 13500-V-Bucks BR,18020,BR,Brazil,USD,False,FIXED,,,0.0,Gaming
Fortnite,Fortnite (Standard Edition) 13500-V-Bucks VG,18021,VG,British Virgin Islands,USD,False,FIXED,,,0.0,Gaming
Fortnite,Fortnite (Standard Edition) 13500-V-Bucks BF,18022,BF,Burkina Faso,USD,False,FIXED,,,0.0,Gaming
Fortnite,Fortnite (Standard Edition) 13500-V-Bucks BI,18023,BI,Burundi,USD,False,FIXED,,,0.0,Gaming
Fortnite,Fortnite (Standard Edition) 13500-V-Bucks KH,18024,KH,Cambodia,USD,False,FIXED,,,0.0,Gaming
Fortnite,Fortnite (Standard Edition) 13500-V-Bucks CM,18025,CM,Cameroon,USD,False,FIXED,,,0.0,Gaming
Fortnite,Fortnite (Standard Edition) 13500-V-Bucks CA,18026,CA,Canada,USD,False,FIXED,,,0.0,Gaming
Fortnite,Fortnite (Standard Edition) 13500-V-Bucks CV,18027,CV,Cape Verde,USD,False,FIXED,,,0.0,Gaming
Fortnite,Fortnite (Standard Edition) 13500-V-Bucks KY,18028,KY,Cayman Islands,USD,False,FIXED,,,0.0,Gaming
Fortnite,Fortnite (Standard Edition) 13500-V-Bucks CF,18029,CF,Central African Republic,USD,False,FIXED,,,0.0,Gaming
Fortnite,Fortnite (Standard Edition) 13500-V-Bucks CL,18030,CL,Chile,USD,False,FIXED,,,0.0,Gaming
Fortnite,Fortnite (Standard Edition) 13500-V-Bucks CN,18031,CN,China,USD,False,FIXED,,,0.0,Gaming
Fortnite,Fortnite (Standard Edition) 13500-V-Bucks CG,18033,CG,Congo,USD,False,FIXED,,,0.0,Gaming
Fortnite,Fortnite (Standard Edition) 13500-V-Bucks CR,18034,CR,Costa Rica,USD,False,FIXED,,,0.0,Gaming
Fortnite,Fortnite (Standard Edition) 13500-V-Bucks CI,18035,CI,Côte d'Ivoire,USD,False,FIXED,,,0.0,Gaming
Fortnite,Fortnite (Standard Edition) 13500-V-Bucks CU,18036,CU,Cuba,USD,False,FIXED,,,0.0,Gaming
Fortnite,Fortnite (Standard Edition) 13500-V-Bucks CY,18037,CY,Cyprus,USD,False,FIXED,,,0.0,Gaming
Fortnite,Fortnite (Standard Edition) 13500-V-Bucks DM,18038,DM,Dominica,USD,False,FIXED,,,0.0,Gaming
Fortnite,Fortnite (Standard Edition) 13500-V-Bucks DO,18039,DO,Dominican Republic,USD,False,FIXED,,,0.0,Gaming
Fortnite,Fortnite (Standard Edition) 13500-V-Bucks EC,18040,EC,Ecuador,USD,False,FIXED,,,0.0,Gaming
Fortnite,Fortnite (Standard Edition) 13500-V-Bucks EG,18041,EG,Egypt,USD,False,FIXED,,,0.0,Gaming
Fortnite,Fortnite (Standard Edition) 13500-V-Bucks SV,18042,SV,El Salvador,USD,False,FIXED,,,0.0,Gaming
Fortnite,Fortnite (Standard Edition) 13500-V-Bucks ET,18043,ET,Ethiopia,USD,False,FIXED,,,0.0,Gaming
Fortnite,Fortnite (Standard Edition) 13500-V-Bucks FJ,18044,FJ,Fiji,USD,False,FIXED,,,0.0,Gaming
Fortnite,Fortnite (Standard Edition) 13500-V-Bucks FR,18045,FR,France,USD,False,FIXED,,,0.0,Gaming
Fortnite,Fortnite (Standard Edition) 13500-V-Bucks GM,18046,GM,Gambia,USD,False,FIXED,,,0.0,Gaming
Fortnite,Fortnite (Standard Edition) 13500-V-Bucks GE,18047,GE,Georgia,USD,False,FIXED,,,0.0,Gaming
Fortnite,Fortnite (Standard Edition) 13500-V-Bucks DE,18048,DE,Germany,USD,False,FIXED,,,0.0,Gaming
Fortnite,Fortnite (Standard Edition) 13500-V-Bucks GH,18049,GH,Ghana,USD,False,FIXED,,,0.0,Gaming
Fortnite,Fortnite (Standard Edition) 13500-V-Bucks GD,18050,GD,Grenada,USD,False,FIXED,,,0.0,Gaming
Fortnite,Fortnite (Standard Edition) 13500-V-Bucks GT,18051,GT,Guatemala,USD,False,FIXED,,,0.0,Gaming
Fortnite,Fortnite (Standard Edition) 13500-V-Bucks GN,18052,GN,Guinea Conakry,USD,False,FIXED,,,0.0,Gaming
Fortnite,Fortnite (Standard Edition) 13500-V-Bucks GW,18053,GW,Guinea-Bissau,USD,False,FIXED,,,0.0,Gaming
Fortnite,Fortnite (Standard Edition) 13500-V-Bucks GY,18054,GY,Guyana,USD,False,FIXED,,,0.0,Gaming
Fortnite,Fortnite (Standard Edition) 13500-V-Bucks HT,18055,HT,Haiti,USD,False,FIXED,,,0.0,Gaming
Fortnite,Fortnite (Standard Edition) 13500-V-Bucks HN,18056,HN,Honduras,USD,False,FIXED,,,0.0,Gaming
Fortnite,Fortnite (Standard Edition) 13500-V-Bucks IN,18057,IN,India,USD,False,FIXED,,,0.0,Gaming
Fortnite,Fortnite (Standard Edition) 13500-V-Bucks ID,18058,ID,Indonesia,USD,False,FIXED,,,0.0,Gaming
Fortnite,Fortnite (Standard Edition) 13500-V-Bucks IQ,18059,IQ,Iraq,USD,False,FIXED,,,0.0,Gaming
Fortnite,Fortnite (Standard Edition) 13500-V-Bucks IT,18060,IT,Italy,USD,False,FIXED,,,0.0,Gaming
Fortnite,Fortnite (Standard Edition) 13500-V-Bucks JM,18061,JM,Jamaica,USD,False,FIXED,,,0.0,Gaming
Fortnite,Fortnite (Standard Edition) 13500-V-Bucks JO,18062,JO,Jordan,USD,False,FIXED,,,0.0,Gaming
Fortnite,Fortnite (Standard Edition) 13500-V-Bucks KZ,18063,KZ,Kazakhstan,USD,False,FIXED,,,0.0,Gaming
Fortnite,Fortnite (Standard Edition) 13500-V-Bucks KE,18064,KE,Kenya,USD,False,FIXED,,,0.0,Gaming
Fortnite,Fortnite (Standard Edition) 13500-V-Bucks KW,18065,KW,Kuwait,USD,False,FIXED,,,0.0,Gaming
Fortnite,Fortnite (Standard Edition) 13500-V-Bucks KG,18066,KG,Kyrgyzstan,USD,False,FIXED,,,0.0,Gaming
Fortnite,Fortnite (Standard Edition) 13500-V-Bucks LA,18067,LA,Laos,USD,False,FIXED,,,0.0,Gaming
Fortnite,Fortnite (Standard Edition) 13500-V-Bucks LB,18068,LB,Lebanon,USD,False,FIXED,,,0.0,Gaming
Fortnite,Fortnite (Standard Edition) 13500-V-Bucks LR,18069,LR,Liberia,USD,False,FIXED,,,0.0,Gaming
Fortnite,Fortnite (Standard Edition) 13500-V-Bucks MK,18070,MK,Macedonia,USD,False,FIXED,,,0.0,Gaming
Fortnite,Fortnite (Standard Edition) 13500-V-Bucks MG,18071,MG,Madagascar,USD,False,FIXED,,,0.0,Gaming
Fortnite,Fortnite (Standard Edition) 13500-V-Bucks MW,18072,MW,Malawi,USD,False,FIXED,,,0.0,Gaming
Fortnite,Fortnite (Standard Edition) 13500-V-Bucks MY,18073,MY,Malaysia,USD,False,FIXED,,,0.0,Gaming
Fortnite,Fortnite (Standard Edition) 13500-V-Bucks ML,18074,ML,Mali,USD,False,FIXED,,,0.0,Gaming
Fortnite,Fortnite (Standard Edition) 13500-V-Bucks MQ,18075,MQ,Martinique,USD,False,FIXED,,,0.0,Gaming
Fortnite,Fortnite (Standard Edition) 13500-V-Bucks MX,18076,MX,Mexico,USD,False,FIXED,,,0.0,Gaming
Fortnite,Fortnite (Standard Edition) 13500-V-Bucks MD,18077,MD,Moldova,USD,False,FIXED,,,0.0,Gaming
Fortnite,Fortnite (Standard Edition) 13500-V-Bucks MA,18078,MA,Morocco,USD,False,FIXED,,,0.0,Gaming
Fortnite,Fortnite (Standard Edition) 13500-V-Bucks MZ,18079,MZ,Mozambique,USD,False,FIXED,,,0.0,Gaming
Fortnite,Fortnite (Standard Edition) 13500-V-Bucks MM,18080,MM,Myanmar,USD,False,FIXED,,,0.0,Gaming
Fortnite,Fortnite (Standard Edition) 13500-V-Bucks NA,18081,NA,Namibia,USD,False,FIXED,,,0.0,Gaming
Fortnite,Fortnite (Standard Edition) 13500-V-Bucks NR,18082,NR,Nauru,USD,False,FIXED,,,0.0,Gaming
Fortnite,Fortnite (Standard Edition) 13500-V-Bucks NP,18083,NP,Nepal,USD,False,FIXED,,,0.0,Gaming
Fortnite,Fortnite (Standard Edition) 13500-V-Bucks NL,18084,NL,Netherlands,USD,False,FIXED,,,0.0,Gaming
Fortnite,Fortnite (Standard Edition) 13500-V-Bucks AN,18085,AN,Netherlands Antilles,USD,False,FIXED,,,0.0,Gaming
Fortnite,Fortnite (Standard Edition) 13500-V-Bucks NI,18086,NI,Nicaragua,USD,False,FIXED,,,0.0,Gaming
Fortnite,Fortnite (Standard Edition) 13500-V-Bucks NE,18087,NE,Niger,USD,False,FIXED,,,0.0,Gaming
Fortnite,Fortnite (Standard Edition) 13500-V-Bucks NG,18088,NG,Nigeria,USD,False,FIXED,,,0.0,Gaming
Fortnite,Fortnite (Standard Edition) 13500-V-Bucks OM,18089,OM,Oman,USD,False,FIXED,,,0.0,Gaming
Fortnite,Fortnite (Standard Edition) 13500-V-Bucks PK,18090,PK,Pakistan,USD,False,FIXED,,,0.0,Gaming
Fortnite,Fortnite (Standard Edition) 13500-V-Bucks PS,18091,PS,Palestine,USD,False,FIXED,,,0.0,Gaming
Fortnite,Fortnite (Standard Edition) 13500-V-Bucks PA,18092,PA,Panama,USD,False,FIXED,,,0.0,Gaming
Fortnite,Fortnite (Standard Edition) 13500-V-Bucks PG,18093,PG,Papua New Guinea,USD,False,FIXED,,,0.0,Gaming
Fortnite,Fortnite (Standard Edition) 13500-V-Bucks PY,18094,PY,Paraguay,USD,False,FIXED,,,0.0,Gaming
Fortnite,Fortnite (Standard Edition) 13500-V-Bucks PE,18095,PE,Peru,USD,False,FIXED,,,0.0,Gaming
Fortnite,Fortnite (Standard Edition) 13500-V-Bucks PH,18096,PH,Philippines,USD,False,FIXED,,,0.0,Gaming
Fortnite,Fortnite (Standard Edition) 13500-V-Bucks PL,18097,PL,Poland,USD,False,FIXED,,,0.0,Gaming
Fortnite,Fortnite (Standard Edition) 13500-V-Bucks PT,18098,PT,Portugal,USD,False,FIXED,,,0.0,Gaming
Fortnite,Fortnite (Standard Edition) 13500-V-Bucks PR,18099,PR,Puerto Rico,USD,False,FIXED,,,0.0,Gaming
Fortnite,Fortnite (Standard Edition) 13500-V-Bucks QA,18100,QA,Qatar,USD,False,FIXED,,,0.0,Gaming
Fortnite,Fortnite (Standard Edition) 13500-V-Bucks RO,18101,RO,Romania,USD,False,FIXED,,,0.0,Gaming
Fortnite,Fortnite (Standard Edition) 13500-V-Bucks RU,18102,RU,Russia,USD,False,FIXED,,,0.0,Gaming
Fortnite,Fortnite (Standard Edition) 13500-V-Bucks RW,18103,RW,Rwanda,USD,False,FIXED,,,0.0,Gaming
Fortnite,Fortnite (Standard Edition) 13500-V-Bucks KN,18104,KN,Saint Kitts And Nevis,USD,False,FIXED,,,0.0,Gaming
Fortnite,Fortnite (Standard Edition) 13500-V-Bucks LC,18105,LC,Saint Lucia,USD,False,FIXED,,,0.0,Gaming
Fortnite,Fortnite (Standard Edition) 13500-V-Bucks VC,18106,VC,Saint Vincent And The Grenadines,USD,False,FIXED,,,0.0,Gaming
Fortnite,Fortnite (Standard Edition) 13500-V-Bucks WS,18107,WS,Samoa,USD,False,FIXED,,,0.0,Gaming
Fortnite,Fortnite (Standard Edition) 13500-V-Bucks SA,18108,SA,Saudi Arabia,USD,False,FIXED,,,0.0,Gaming
Fortnite,Fortnite (Standard Edition) 13500-V-Bucks SN,18109,SN,Senegal,USD,False,FIXED,,,0.0,Gaming
Fortnite,Fortnite (Standard Edition) 13500-V-Bucks SL,18110,SL,Sierra Leone,USD,False,FIXED,,,0.0,Gaming
Fortnite,Fortnite (Standard Edition) 13500-V-Bucks SG,18111,SG,Singapore,USD,False,FIXED,,,0.0,Gaming
Fortnite,Fortnite (Standard Edition) 13500-V-Bucks ZA,18112,ZA,South Africa,USD,False,FIXED,,,0.0,Gaming
Fortnite,Fortnite (Standard Edition) 13500-V-Bucks ES,18113,ES,Spain,USD,False,FIXED,,,0.0,Gaming
Fortnite,Fortnite (Standard Edition) 13500-V-Bucks LK,18114,LK,Sri Lanka,USD,False,FIXED,,,0.0,Gaming
Fortnite,Fortnite (Standard Edition) 13500-V-Bucks SR,18115,SR,Suriname,USD,False,FIXED,,,0.0,Gaming
Fortnite,Fortnite (Standard Edition) 13500-V-Bucks SZ,18116,SZ,Eswatini,USD,False,FIXED,,,0.0,Gaming
Fortnite,Fortnite (Standard Edition) 13500-V-Bucks TJ,18117,TJ,Tajikistan,USD,False,FIXED,,,0.0,Gaming
Fortnite,Fortnite (Standard Edition) 13500-V-Bucks TZ,18118,TZ,Tanzania,USD,False,FIXED,,,0.0,Gaming
Fortnite,Fortnite (Standard Edition) 13500-V-Bucks TH,18119,TH,Thailand,USD,False,FIXED,,,0.0,Gaming
Fortnite,Fortnite (Standard Edition) 13500-V-Bucks CD,18120,CD,The Democratic Republic Of Congo,USD,False,FIXED,,,0.0,Gaming
Fortnite,Fortnite (Standard Edition) 13500-V-Bucks TG,18121,TG,Togo,USD,False,FIXED,,,0.0,Gaming
Fortnite,Fortnite (Standard Edition) 13500-V-Bucks TO,18122,TO,Tonga,USD,False,FIXED,,,0.0,Gaming
Fortnite,Fortnite (Standard Edition) 13500-V-Bucks TT,18123,TT,Trinidad and Tobago,USD,False,FIXED,,,0.0,Gaming
Fortnite,Fortnite (Standard Edition) 13500-V-Bucks TN,18124,TN,Tunisia,USD,False,FIXED,,,0.0,Gaming
Fortnite,Fortnite (Standard Edition) 13500-V-Bucks TR,18125,TR,Turkey,USD,False,FIXED,,,0.0,Gaming
Fortnite,Fortnite (Standard Edition) 13500-V-Bucks TC,18126,TC,Turks And Caicos Islands,USD,False,FIXED,,,0.0,Gaming
Fortnite,Fortnite (Standard Edition) 13500-V-Bucks UG,18127,UG,Uganda,USD,False,FIXED,,,0.0,Gaming
Fortnite,Fortnite (Standard Edition) 13500-V-Bucks UA,18128,UA,Ukraine,USD,False,FIXED,,,0.0,Gaming
Fortnite,Fortnite (Standard Edition) 13500-V-Bucks AE,18129,AE,United Arab Emirates,USD,False,FIXED,,,0.0,Gaming
Fortnite,Fortnite (Standard Edition) 13500-V-Bucks GB,18130,GB,United Kingdom,USD,False,FIXED,,,0.0,Gaming
Fortnite,Fortnite (Standard Edition) 13500-V-Bucks US,18131,US,United States,USD,False,FIXED,,,0.0,Gaming
Fortnite,Fortnite (Standard Edition) 13500-V-Bucks UY,18132,UY,Uruguay,USD,False,FIXED,,,0.0,Gaming
Fortnite,Fortnite (Standard Edition) 13500-V-Bucks UZ,18133,UZ,Uzbekistan,USD,False,FIXED,,,0.0,Gaming
Fortnite,Fortnite (Standard Edition) 13500-V-Bucks VU,18134,VU,Vanuatu,USD,False,FIXED,,,0.0,Gaming
Paysafe Card,Paysafe Card Classic FR 25 EUR,18155,FR,France,EUR,False,FIXED,,,0.0,Payment Cards
Paysafe Card,Paysafe Card Classic FR 50 EUR,18156,FR,France,EUR,False,FIXED,,,0.0,Payment Cards
Paysafe Card,Paysafe Card Classic DE 5 EUR,18158,DE,Germany,EUR,False,FIXED,,,0.0,Payment Cards
Paysafe Card,Paysafe Card Classic ES 10 EUR,18159,ES,Spain,EUR,False,FIXED,,,0.0,Payment Cards
Paysafe Card,Paysafe Card Classic ES 25 EUR,18160,ES,Spain,EUR,False,FIXED,,,0.0,Payment Cards
Paysafe Card,Paysafe Card Classic ES 50 EUR,18161,ES,Spain,EUR,False,FIXED,,,0.0,Payment Cards
Fortnite,Fortnite (Standard Edition) 13500-V-Bucks VN,18135,VN,Vietnam,USD,False,FIXED,,,0.0,Gaming
Fortnite,Fortnite (Standard Edition) 13500-V-Bucks YE,18136,YE,Yemen,USD,False,FIXED,,,0.0,Gaming
Fortnite,Fortnite (Standard Edition) 13500-V-Bucks ZM,18137,ZM,Zambia,USD,False,FIXED,,,0.0,Gaming
Fortnite,Fortnite (Standard Edition) 13500-V-Bucks ZW,18138,ZW,Zimbabwe,USD,False,FIXED,,,0.0,Gaming
Fortnite,Fortnite (Standard Edition) 13500-V-Bucks VE,18139,VE,Venezuela,USD,False,FIXED,,,0.0,Gaming
Fortnite,Fortnite (Standard Edition) 13500-V-Bucks GR,18140,GR,Greece,USD,False,FIXED,,,0.0,Gaming
Fortnite,Fortnite (Standard Edition) 13500-V-Bucks SO,18141,SO,Somalia,USD,False,FIXED,,,0.0,Gaming
Fortnite,Fortnite (Standard Edition) 13500-V-Bucks BY,18142,BY,Belarus,USD,False,FIXED,,,0.0,Gaming
Fortnite,Fortnite (Standard Edition) 13500-V-Bucks KM,18143,KM,Comoros,USD,False,FIXED,,,0.0,Gaming
Fortnite,Fortnite (Standard Edition) 13500-V-Bucks MR,18144,MR,Mauritania,USD,False,FIXED,,,0.0,Gaming
Fortnite,Fortnite (Standard Edition) 13500-V-Bucks BE,18145,BE,Belgium,USD,False,FIXED,,,0.0,Gaming
Fortnite,Fortnite (Standard Edition) 13500-V-Bucks MS,18146,MS,Montserrat,USD,False,FIXED,,,0.0,Gaming
Fortnite,Fortnite (Standard Edition) 13500-V-Bucks KR,18147,KR,South Korea,USD,False,FIXED,,,0.0,Gaming
Fortnite,Fortnite (Standard Edition) 13500-V-Bucks IE,18148,IE,Ireland,USD,False,FIXED,,,0.0,Gaming
Fortnite,Fortnite (Standard Edition) 13500-V-Bucks FI,18149,FI,Finland,USD,False,FIXED,,,0.0,Gaming
Fortnite,Fortnite (Standard Edition) 13500-V-Bucks AU,18150,AU,Australia,USD,False,FIXED,,,0.0,Gaming
Fortnite,Fortnite (Standard Edition) 13500-V-Bucks AT,18151,AT,Austria,USD,False,FIXED,,,0.0,Gaming
Fortnite,Fortnite (Standard Edition) 13500-V-Bucks JP,18152,JP,Japan,USD,False,FIXED,,,0.0,Gaming
Fortnite,Fortnite (Standard Edition) 13500-V-Bucks HK,18153,HK,Hong Kong,USD,False,FIXED,,,0.0,Gaming
Fortnite,Fortnite (Standard Edition) 13500-V-Bucks TW,18154,TW,Taiwan,USD,False,FIXED,,,0.0,Gaming
Binance,Binance Global (USDT) US,18559,US,United States,USD,False,RANGE,50.0,100.0,0.0,Crypto
Crypto Giftcard,Crypto Giftcard CA,18714,CA,Canada,USD,False,FIXED,,,0.0,Crypto
Crypto Giftcard,Crypto Giftcard FR,18715,FR,France,USD,False,FIXED,,,0.0,Crypto
Crypto Giftcard,Crypto Giftcard DE,18716,DE,Germany,USD,False,FIXED,,,0.0,Crypto
Crypto Giftcard,Crypto Giftcard GR,18717,GR,Greece,USD,False,FIXED,,,0.0,Crypto
Crypto Giftcard,Crypto Giftcard IT,18718,IT,Italy,USD,False,FIXED,,,0.0,Crypto
Crypto Giftcard,Crypto Giftcard MA,18719,MA,Morocco,USD,False,FIXED,,,0.0,Crypto
Crypto Giftcard,Crypto Giftcard NL,18720,NL,Netherlands,USD,False,FIXED,,,0.0,Crypto
Crypto Giftcard,Crypto Giftcard NG,18721,NG,Nigeria,USD,False,FIXED,,,0.0,Crypto
Crypto Giftcard,Crypto Giftcard PH,18722,PH,Philippines,USD,False,FIXED,,,0.0,Crypto
Crypto Giftcard,Crypto Giftcard SA,18723,SA,Saudi Arabia,USD,False,FIXED,,,0.0,Crypto
Crypto Giftcard,Crypto Giftcard ES,18724,ES,Spain,USD,False,FIXED,,,0.0,Crypto
Crypto Giftcard,Crypto Giftcard SE,18725,SE,Sweden,USD,False,FIXED,,,0.0,Crypto
Crypto Giftcard,Crypto Giftcard TH,18726,TH,Thailand,USD,False,FIXED,,,0.0,Crypto
Crypto Giftcard,Crypto Giftcard TR,18727,TR,Turkey,USD,False,FIXED,,,0.0,Crypto
Crypto Giftcard,Crypto Giftcard AE,18728,AE,United Arab Emirates,USD,False,FIXED,,,0.0,Crypto
Crypto Giftcard,Crypto Giftcard GB,18729,GB,United Kingdom,USD,False,FIXED,,,0.0,Crypto
Crypto Giftcard,Crypto Giftcard US,18730,US,United States,USD,False,FIXED,,,0.0,Crypto
Anacapri,Anacapri BR,18751,BR,Brazil,BRL,False,RANGE,100.0,491.42,0.0,Shopping
Zinzane,Zinzane BR,18755,BR,Brazil,BRL,False,RANGE,50.0,491.42,0.0,Shopping
Zift Card,Zift Card BR,18756,BR,Brazil,BRL,False,RANGE,10.0,491.42,0.0,Shopping
Xbox,Xbox Game-Pass Ultimate BR,18758,BR,Brazil,BRL,False,RANGE,49.99,149.99,0.0,Gaming
Xbox,Xbox Game Pass Core BR,18759,BR,Brazil,BRL,False,FIXED,,,0.0,Gaming
Xbox,XBox Game Pass BR,18760,BR,Brazil,BRL,False,FIXED,,,0.0,Gaming
Applebee's,Applebee's BR,18762,BR,Brazil,BRL,False,RANGE,25.0,300.0,0.0,Shopping
Aramis,Aramis BR,18763,BR,Brazil,BRL,False,RANGE,50.0,491.42,0.0,Shopping
Xbox,XBox Credits BR,18764,BR,Brazil,BRL,False,FIXED,,,0.0,Gaming
Arezzo,Arezzo BR,18765,BR,Brazil,BRL,False,RANGE,100.0,491.42,0.0,Shopping
Vans,Vans BR,18766,BR,Brazil,BRL,False,RANGE,100.0,491.42,0.0,Shopping
TNG,TNG BR,18767,BR,Brazil,BRL,False,RANGE,50.0,491.42,0.0,Shopping
Tip Top,Tip Top BR,18768,BR,Brazil,BRL,False,RANGE,50.0,300.0,0.0,Shopping
Spirito Santo,Spirito Santo BR,18769,BR,Brazil,BRL,False,RANGE,50.0,491.42,0.0,Shopping
Shopee,Shopee BR,18770,BR,Brazil,BRL,False,FIXED,,,0.0,Shopping
Bitfy,Bitfy BR,18771,BR,Brazil,BRL,False,RANGE,100.0,491.42,0.0,Shopping
Braz Pizzaria,Braz Pizzaria BR,18772,BR,Brazil,BRL,False,RANGE,50.0,491.42,0.0,Shopping
Buser,Buser BR,18773,BR,Brazil,BRL,False,FIXED,,,0.0,Shopping
Camarada Camarão,Camarada Camarão BR,18774,BR,Brazil,BRL,False,RANGE,50.0,491.42,0.0,Shopping
Carrefour,Carrefour BR,18775,BR,Brazil,BRL,False,FIXED,,,0.0,Shopping
Corello,Corello BR,18776,BR,Brazil,BRL,False,RANGE,30.0,491.42,0.0,Shopping
Decathlon,Decathlon BR,18777,BR,Brazil,BRL,False,FIXED,,,0.0,Shopping
DGO,DGO BR,18778,BR,Brazil,BRL,False,FIXED,,,0.0,Shopping
Dufry,Dufry BR,18779,BR,Brazil,BRL,False,RANGE,50.0,491.42,0.0,Shopping
Schutz,Schutz BR,18780,BR,Brazil,BRL,False,RANGE,100.0,491.42,0.0,Shopping
FlixBus,Flixbus BR,18782,BR,Brazil,BRL,False,FIXED,,,0.0,Travel
Fogo de Chão,Fogo de Chão BR,18783,BR,Brazil,BRL,False,RANGE,10.0,491.42,0.0,Shopping
Santa Luzia,Santa Luzia BR,18784,BR,Brazil,BRL,False,RANGE,50.0,491.42,0.0,Shopping
GNC Cinemas,GNC Cinemas BR,18786,BR,Brazil,BRL,False,RANGE,50.0,300.0,0.0,Entertainment
GrandVision,GrandVision BR,18788,BR,Brazil,BRL,False,RANGE,50.0,491.42,0.0,Shopping
Havaianas,Havaianas BR,18790,BR,Brazil,BRL,False,RANGE,30.0,491.42,0.0,Shopping
Hering,Hering BR,18791,BR,Brazil,BRL,False,RANGE,49.99,200.0,0.0,Shopping
Imaginarium,Imaginarium BR,18792,BR,Brazil,BRL,False,RANGE,50.0,491.42,0.0,Shopping
PlayStation,Playstation BR,18793,BR,Brazil,BRL,False,FIXED,,,0.0,Gaming
Looke,Looke BR,18794,BR,Brazil,BRL,False,FIXED,,,0.0,Shopping
McDonald's,McDonald's BR,18796,BR,Brazil,BRL,False,FIXED,,,0.0,Shopping
Piraja,Piraja BR,18797,BR,Brazil,BRL,False,RANGE,50.0,491.42,0.0,Shopping
Outback Steakhouse,Outback Stakehouse BR,18798,BR,Brazil,BRL,False,RANGE,50.0,491.42,0.0,Shopping
Nike,Nike BR,18799,BR,Brazil,BRL,False,RANGE,50.0,491.42,0.0,Shopping
Minecraft,Minecraft Minecoins BR,18802,BR,Brazil,BRL,False,FIXED,,,0.0,Gaming
Rewarble Visa,Rewarble VISA Global US,18808,US,United States,USD,False,RANGE,5.0,100.0,0.0,Payment Cards
Transcash Mastercard EUR,Transcash Mastercard EUR FR,18809,FR,France,EUR,False,FIXED,,,0.0,Payment Cards
Corte Inglés,Corte Inglés ES,20299,ES,Spain,EUR,False,FIXED,,,0.0,Shopping
Decathlon,Decathlon Spain,19152,ES,Spain,EUR,False,FIXED,,,0.0,Shopping
Rewarble Mastercard USD,Rewarble Mastercard USD US,20303,US,United States,USD,False,RANGE,5.0,100.0,0.0,Payment Cards
Paypal,Paypal US,18747,US,United States,USD,False,RANGE,1.0,100.0,0.0,Payment Cards
Neopets,Neopets BR,18801,BR,Brazil,BRL,False,FIXED,,,0.0,Shopping
American Express,American Express® Virtual Reward Card (6 Month Expiration) US,18712,US,United States,USD,False,RANGE,5.0,100.0,0.0,Payment Cards
Tesco,Tesco Ireland,19453,IE,Ireland,EUR,False,RANGE,1.0,88.61,0.0,Shopping
Lulumelon,Lululemon US,18734,US,United States,USD,False,RANGE,25.0,100.0,0.0,Shopping
Asda,Asda UK,19361,GB,United Kingdom,GBP,False,RANGE,1.0,76.64,0.0,Shopping
Decathlon,Decathlon France,19270,FR,France,EUR,False,RANGE,5.0,88.61,0.0,Shopping
Decathlon,Decathlon (European Union),19203,FR,France,EUR,False,FIXED,,,0.0,Shopping
Tinder,Tinder BR,18738,BR,Brazil,BRL,False,FIXED,,,0.0,Entertainment
Habbo,Habbo BR,18789,BR,Brazil,BRL,False,FIXED,,,0.0,Entertainment
IKEA,IKEA France,19274,FR,France,EUR,False,FIXED,,,0.0,Shopping
SHEIN,Shein BH,18664,BH,Bahrain,USD,False,FIXED,,,0.0,Shopping
SHEIN,Shein KW,18665,KW,Kuwait,USD,False,FIXED,,,0.0,Shopping
SHEIN,Shein OM,18666,OM,Oman,USD,False,FIXED,,,0.0,Shopping
SHEIN,Shein QA,18667,QA,Qatar,USD,False,FIXED,,,0.0,Shopping
SHEIN,Shein SA,18668,SA,Saudi Arabia,USD,False,FIXED,,,0.0,Shopping
SHEIN,Shein AE,18669,AE,United Arab Emirates,USD,False,FIXED,,,0.0,Shopping
Fortnite,Fortnite BR,18785,BR,Brazil,BRL,False,FIXED,,,0.0,Gaming
Visa,Visa Prepaid US $1 to $150,20308,US,United States,USD,False,RANGE,1.0,100.0,0.0,Payment Cards
Hudson's Bay,Hudson's Bay CAD,18250,CA,Canada,CAD,False,RANGE,5.0,142.87,2.0,Shopping
EA Sports,EA Sports FC 25 BR,18781,BR,Brazil,BRL,False,FIXED,,,0.0,Gaming
Mastercard,Mastercard Prepaid Card €1-€150 EUR FR,20313,FR,France,EUR,False,RANGE,1.0,88.61,0.0,Payment Cards
Mastercard,Swype Global Virtual Mastercard® 3 years ($5 to $99.99) USD US,20312,US,United States,USD,False,RANGE,5.0,99.99,0.0,Payment Cards
Mastercard,Swype Global Virtual Mastercard® 3 years ($100 to $499.99) USD US,20319,US,United States,USD,False,RANGE,100.0,100.0,0.0,Payment Cards
Roblox,Roblox HK,19406,HK,Hong Kong,HKD,False,RANGE,50.0,783.15,0.0,Gaming
Matalan,Matalan UK,19312,GB,United Kingdom,GBP,False,RANGE,1.0,76.64,0.0,Shopping
The Ultimate Dining,The Ultimate Dining Card CAD,18257,CA,Canada,CAD,False,RANGE,5.0,142.87,2.0,Shopping
ASOS,ASOS US,18272,US,United States,USD,False,RANGE,5.0,100.0,0.0,Shopping
Sephora,Sephora US,18273,US,United States,USD,False,RANGE,10.0,100.0,0.0,Shopping
Wayfair,Wayfair US,18275,US,United States,USD,False,RANGE,10.0,100.0,1.0,Shopping
Harry Rosen Inc.,Harry Rosen Inc. CAD,18247,CA,Canada,CAD,False,RANGE,5.0,142.87,2.0,Shopping
The Ultimate Dining,Harvey's CAD,18248,CA,Canada,CAD,False,RANGE,5.0,142.87,2.0,Shopping
Indigo,Indigo CAD,18251,CA,Canada,CAD,False,RANGE,5.0,142.87,2.0,Shopping
CB2,CB2 US,18400,US,United States,USD,False,RANGE,25.0,100.0,0.0,Shopping
PUBG,PUBG New State (Global) US,19382,AF,Afghanistan,USD,True,FIXED,,,0.0,Gaming
PUBG,PUBG New State (Global) US,19382,AL,Albania,USD,True,FIXED,,,0.0,Gaming
PUBG,PUBG New State (Global) US,19382,DZ,Algeria,USD,True,FIXED,,,0.0,Gaming
PUBG,PUBG New State (Global) US,19382,AS,American Samoa,USD,True,FIXED,,,0.0,Gaming
PUBG,PUBG New State (Global) US,19382,AO,Angola,USD,True,FIXED,,,0.0,Gaming
PUBG,PUBG New State (Global) US,19382,AI,Anguilla,USD,True,FIXED,,,0.0,Gaming
PUBG,PUBG New State (Global) US,19382,AG,Antigua and Barbuda,USD,True,FIXED,,,0.0,Gaming
PUBG,PUBG New State (Global) US,19382,AR,Argentina,USD,True,FIXED,,,0.0,Gaming
PUBG,PUBG New State (Global) US,19382,AM,Armenia,USD,True,FIXED,,,0.0,Gaming
PUBG,PUBG New State (Global) US,19382,AW,Aruba,USD,True,FIXED,,,0.0,Gaming
PUBG,PUBG New State (Global) US,19382,BS,Bahamas,USD,True,FIXED,,,0.0,Gaming
PUBG,PUBG New State (Global) US,19382,BH,Bahrain,USD,True,FIXED,,,0.0,Gaming
PUBG,PUBG New State (Global) US,19382,BD,Bangladesh,USD,True,FIXED,,,0.0,Gaming
PUBG,PUBG New State (Global) US,19382,BB,Barbados,USD,True,FIXED,,,0.0,Gaming
PUBG,PUBG New State (Global) US,19382,BZ,Belize,USD,True,FIXED,,,0.0,Gaming
PUBG,PUBG New State (Global) US,19382,BJ,Benin,USD,True,FIXED,,,0.0,Gaming
PUBG,PUBG New State (Global) US,19382,BM,Bermuda,USD,True,FIXED,,,0.0,Gaming
PUBG,PUBG New State (Global) US,19382,BO,Bolivia,USD,True,FIXED,,,0.0,Gaming
PUBG,PUBG New State (Global) US,19382,BW,Botswana,USD,True,FIXED,,,0.0,Gaming
PUBG,PUBG New State (Global) US,19382,BR,Brazil,USD,True,FIXED,,,0.0,Gaming
PUBG,PUBG New State (Global) US,19382,VG,British Virgin Islands,USD,True,FIXED,,,0.0,Gaming
PUBG,PUBG New State (Global) US,19382,BF,Burkina Faso,USD,True,FIXED,,,0.0,Gaming
PUBG,PUBG New State (Global) US,19382,BI,Burundi,USD,True,FIXED,,,0.0,Gaming
PUBG,PUBG New State (Global) US,19382,KH,Cambodia,USD,True,FIXED,,,0.0,Gaming
PUBG,PUBG New State (Global) US,19382,CM,Cameroon,USD,True,FIXED,,,0.0,Gaming
PUBG,PUBG New State (Global) US,19382,CA,Canada,USD,True,FIXED,,,0.0,Gaming
PUBG,PUBG New State (Global) US,19382,CV,Cape Verde,USD,True,FIXED,,,0.0,Gaming
PUBG,PUBG New State (Global) US,19382,KY,Cayman Islands,USD,True,FIXED,,,0.0,Gaming
PUBG,PUBG New State (Global) US,19382,CF,Central African Republic,USD,True,FIXED,,,0.0,Gaming
PUBG,PUBG New State (Global) US,19382,CL,Chile,USD,True,FIXED,,,0.0,Gaming
PUBG,PUBG New State (Global) US,19382,CN,China,USD,True,FIXED,,,0.0,Gaming
PUBG,PUBG New State (Global) US,19382,CO,Colombia,USD,True,FIXED,,,0.0,Gaming
PUBG,PUBG New State (Global) US,19382,CG,Congo,USD,True,FIXED,,,0.0,Gaming
PUBG,PUBG New State (Global) US,19382,CR,Costa Rica,USD,True,FIXED,,,0.0,Gaming
PUBG,PUBG New State (Global) US,19382,CI,Côte d'Ivoire,USD,True,FIXED,,,0.0,Gaming
PUBG,PUBG New State (Global) US,19382,CU,Cuba,USD,True,FIXED,,,0.0,Gaming
PUBG,PUBG New State (Global) US,19382,CY,Cyprus,USD,True,FIXED,,,0.0,Gaming
PUBG,PUBG New State (Global) US,19382,DM,Dominica,USD,True,FIXED,,,0.0,Gaming
PUBG,PUBG New State (Global) US,19382,DO,Dominican Republic,USD,True,FIXED,,,0.0,Gaming
PUBG,PUBG New State (Global) US,19382,EC,Ecuador,USD,True,FIXED,,,0.0,Gaming
PUBG,PUBG New State (Global) US,19382,EG,Egypt,USD,True,FIXED,,,0.0,Gaming
PUBG,PUBG New State (Global) US,19382,SV,El Salvador,USD,True,FIXED,,,0.0,Gaming
PUBG,PUBG New State (Global) US,19382,ET,Ethiopia,USD,True,FIXED,,,0.0,Gaming
PUBG,PUBG New State (Global) US,19382,FJ,Fiji,USD,True,FIXED,,,0.0,Gaming
PUBG,PUBG New State (Global) US,19382,FR,France,USD,True,FIXED,,,0.0,Gaming
PUBG,PUBG New State (Global) US,19382,GM,Gambia,USD,True,FIXED,,,0.0,Gaming
PUBG,PUBG New State (Global) US,19382,GE,Georgia,USD,True,FIXED,,,0.0,Gaming
PUBG,PUBG New State (Global) US,19382,DE,Germany,USD,True,FIXED,,,0.0,Gaming
PUBG,PUBG New State (Global) US,19382,GH,Ghana,USD,True,FIXED,,,0.0,Gaming
PUBG,PUBG New State (Global) US,19382,GD,Grenada,USD,True,FIXED,,,0.0,Gaming
PUBG,PUBG New State (Global) US,19382,GT,Guatemala,USD,True,FIXED,,,0.0,Gaming
PUBG,PUBG New State (Global) US,19382,GN,Guinea Conakry,USD,True,FIXED,,,0.0,Gaming
PUBG,PUBG New State (Global) US,19382,GW,Guinea-Bissau,USD,True,FIXED,,,0.0,Gaming
PUBG,PUBG New State (Global) US,19382,GY,Guyana,USD,True,FIXED,,,0.0,Gaming
PUBG,PUBG New State (Global) US,19382,HT,Haiti,USD,True,FIXED,,,0.0,Gaming
PUBG,PUBG New State (Global) US,19382,HN,Honduras,USD,True,FIXED,,,0.0,Gaming
PUBG,PUBG New State (Global) US,19382,IN,India,USD,True,FIXED,,,0.0,Gaming
PUBG,PUBG New State (Global) US,19382,ID,Indonesia,USD,True,FIXED,,,0.0,Gaming
PUBG,PUBG New State (Global) US,19382,IQ,Iraq,USD,True,FIXED,,,0.0,Gaming
PUBG,PUBG New State (Global) US,19382,IT,Italy,USD,True,FIXED,,,0.0,Gaming
PUBG,PUBG New State (Global) US,19382,JM,Jamaica,USD,True,FIXED,,,0.0,Gaming
PUBG,PUBG New State (Global) US,19382,JO,Jordan,USD,True,FIXED,,,0.0,Gaming
PUBG,PUBG New State (Global) US,19382,KZ,Kazakhstan,USD,True,FIXED,,,0.0,Gaming
PUBG,PUBG New State (Global) US,19382,KE,Kenya,USD,True,FIXED,,,0.0,Gaming
PUBG,PUBG New State (Global) US,19382,KW,Kuwait,USD,True,FIXED,,,0.0,Gaming
PUBG,PUBG New State (Global) US,19382,KG,Kyrgyzstan,USD,True,FIXED,,,0.0,Gaming
PUBG,PUBG New State (Global) US,19382,LA,Laos,USD,True,FIXED,,,0.0,Gaming
PUBG,PUBG New State (Global) US,19382,LB,Lebanon,USD,True,FIXED,,,0.0,Gaming
PUBG,PUBG New State (Global) US,19382,LR,Liberia,USD,True,FIXED,,,0.0,Gaming
PUBG,PUBG New State (Global) US,19382,MK,Macedonia,USD,True,FIXED,,,0.0,Gaming
PUBG,PUBG New State (Global) US,19382,MG,Madagascar,USD,True,FIXED,,,0.0,Gaming
PUBG,PUBG New State (Global) US,19382,MW,Malawi,USD,True,FIXED,,,0.0,Gaming
PUBG,PUBG New State (Global) US,19382,MY,Malaysia,USD,True,FIXED,,,0.0,Gaming
PUBG,PUBG New State (Global) US,19382,ML,Mali,USD,True,FIXED,,,0.0,Gaming
PUBG,PUBG New State (Global) US,19382,MQ,Martinique,USD,True,FIXED,,,0.0,Gaming
PUBG,PUBG New State (Global) US,19382,MX,Mexico,USD,True,FIXED,,,0.0,Gaming
PUBG,PUBG New State (Global) US,19382,MD,Moldova,USD,True,FIXED,,,0.0,Gaming
PUBG,PUBG New State (Global) US,19382,MA,Morocco,USD,True,FIXED,,,0.0,Gaming
PUBG,PUBG New State (Global) US,19382,MZ,Mozambique,USD,True,FIXED,,,0.0,Gaming
PUBG,PUBG New State (Global) US,19382,MM,Myanmar,USD,True,FIXED,,,0.0,Gaming
PUBG,PUBG New State (Global) US,19382,NA,Namibia,USD,True,FIXED,,,0.0,Gaming
PUBG,PUBG New State (Global) US,19382,NR,Nauru,USD,True,FIXED,,,0.0,Gaming
PUBG,PUBG New State (Global) US,19382,NP,Nepal,USD,True,FIXED,,,0.0,Gaming
PUBG,PUBG New State (Global) US,19382,NL,Netherlands,USD,True,FIXED,,,0.0,Gaming
PUBG,PUBG New State (Global) US,19382,AN,Netherlands Antilles,USD,True,FIXED,,,0.0,Gaming
PUBG,PUBG New State (Global) US,19382,NI,Nicaragua,USD,True,FIXED,,,0.0,Gaming
PUBG,PUBG New State (Global) US,19382,NE,Niger,USD,True,FIXED,,,0.0,Gaming
PUBG,PUBG New State (Global) US,19382,NG,Nigeria,USD,True,FIXED,,,0.0,Gaming
PUBG,PUBG New State (Global) US,19382,OM,Oman,USD,True,FIXED,,,0.0,Gaming
PUBG,PUBG New State (Global) US,19382,PK,Pakistan,USD,True,FIXED,,,0.0,Gaming
PUBG,PUBG New State (Global) US,19382,PS,Palestine,USD,True,FIXED,,,0.0,Gaming
PUBG,PUBG New State (Global) US,19382,PA,Panama,USD,True,FIXED,,,0.0,Gaming
PUBG,PUBG New State (Global) US,19382,PG,Papua New Guinea,USD,True,FIXED,,,0.0,Gaming
PUBG,PUBG New State (Global) US,19382,PY,Paraguay,USD,True,FIXED,,,0.0,Gaming
PUBG,PUBG New State (Global) US,19382,PE,Peru,USD,True,FIXED,,,0.0,Gaming
PUBG,PUBG New State (Global) US,19382,PH,Philippines,USD,True,FIXED,,,0.0,Gaming
PUBG,PUBG New State (Global) US,19382,PL,Poland,USD,True,FIXED,,,0.0,Gaming
PUBG,PUBG New State (Global) US,19382,PT,Portugal,USD,True,FIXED,,,0.0,Gaming
PUBG,PUBG New State (Global) US,19382,PR,Puerto Rico,USD,True,FIXED,,,0.0,Gaming
PUBG,PUBG New State (Global) US,19382,QA,Qatar,USD,True,FIXED,,,0.0,Gaming
PUBG,PUBG New State (Global) US,19382,RO,Romania,USD,True,FIXED,,,0.0,Gaming
PUBG,PUBG New State (Global) US,19382,RU,Russia,USD,True,FIXED,,,0.0,Gaming
PUBG,PUBG New State (Global) US,19382,RW,Rwanda,USD,True,FIXED,,,0.0,Gaming
PUBG,PUBG New State (Global) US,19382,KN,Saint Kitts And Nevis,USD,True,FIXED,,,0.0,Gaming
PUBG,PUBG New State (Global) US,19382,LC,Saint Lucia,USD,True,FIXED,,,0.0,Gaming
PUBG,PUBG New State (Global) US,19382,VC,Saint Vincent And The Grenadines,USD,True,FIXED,,,0.0,Gaming
PUBG,PUBG New State (Global) US,19382,WS,Samoa,USD,True,FIXED,,,0.0,Gaming
PUBG,PUBG New State (Global) US,19382,SA,Saudi Arabia,USD,True,FIXED,,,0.0,Gaming
PUBG,PUBG New State (Global) US,19382,SN,Senegal,USD,True,FIXED,,,0.0,Gaming
PUBG,PUBG New State (Global) US,19382,SL,Sierra Leone,USD,True,FIXED,,,0.0,Gaming
PUBG,PUBG New State (Global) US,19382,SG,Singapore,USD,True,FIXED,,,0.0,Gaming
PUBG,PUBG New State (Global) US,19382,ZA,South Africa,USD,True,FIXED,,,0.0,Gaming
PUBG,PUBG New State (Global) US,19382,ES,Spain,USD,True,FIXED,,,0.0,Gaming
PUBG,PUBG New State (Global) US,19382,LK,Sri Lanka,USD,True,FIXED,,,0.0,Gaming
PUBG,PUBG New State (Global) US,19382,SR,Suriname,USD,True,FIXED,,,0.0,Gaming
PUBG,PUBG New State (Global) US,19382,SZ,Eswatini,USD,True,FIXED,,,0.0,Gaming
PUBG,PUBG New State (Global) US,19382,TJ,Tajikistan,USD,True,FIXED,,,0.0,Gaming
PUBG,PUBG New State (Global) US,19382,TZ,Tanzania,USD,True,FIXED,,,0.0,Gaming
PUBG,PUBG New State (Global) US,19382,TH,Thailand,USD,True,FIXED,,,0.0,Gaming
PUBG,PUBG New State (Global) US,19382,CD,The Democratic Republic Of Congo,USD,True,FIXED,,,0.0,Gaming
PUBG,PUBG New State (Global) US,19382,TG,Togo,USD,True,FIXED,,,0.0,Gaming
PUBG,PUBG New State (Global) US,19382,TO,Tonga,USD,True,FIXED,,,0.0,Gaming
PUBG,PUBG New State (Global) US,19382,TT,Trinidad and Tobago,USD,True,FIXED,,,0.0,Gaming
PUBG,PUBG New State (Global) US,19382,TN,Tunisia,USD,True,FIXED,,,0.0,Gaming
PUBG,PUBG New State (Global) US,19382,TR,Turkey,USD,True,FIXED,,,0.0,Gaming
PUBG,PUBG New State (Global) US,19382,TC,Turks And Caicos Islands,USD,True,FIXED,,,0.0,Gaming
PUBG,PUBG New State (Global) US,19382,UG,Uganda,USD,True,FIXED,,,0.0,Gaming
PUBG,PUBG New State (Global) US,19382,UA,Ukraine,USD,True,FIXED,,,0.0,Gaming
PUBG,PUBG New State (Global) US,19382,AE,United Arab Emirates,USD,True,FIXED,,,0.0,Gaming
PUBG,PUBG New State (Global) US,19382,GB,United Kingdom,USD,True,FIXED,,,0.0,Gaming
PUBG,PUBG New State (Global) US,19382,US,United States,USD,True,FIXED,,,0.0,Gaming
PUBG,PUBG New State (Global) US,19382,UY,Uruguay,USD,True,FIXED,,,0.0,Gaming
PUBG,PUBG New State (Global) US,19382,UZ,Uzbekistan,USD,True,FIXED,,,0.0,Gaming
PUBG,PUBG New State (Global) US,19382,VU,Vanuatu,USD,True,FIXED,,,0.0,Gaming
PUBG,PUBG New State (Global) US,19382,VN,Vietnam,USD,True,FIXED,,,0.0,Gaming
PUBG,PUBG New State (Global) US,19382,YE,Yemen,USD,True,FIXED,,,0.0,Gaming
PUBG,PUBG New State (Global) US,19382,ZM,Zambia,USD,True,FIXED,,,0.0,Gaming
PUBG,PUBG New State (Global) US,19382,ZW,Zimbabwe,USD,True,FIXED,,,0.0,Gaming
PUBG,PUBG New State (Global) US,19382,VE,Venezuela,USD,True,FIXED,,,0.0,Gaming
PUBG,PUBG New State (Global) US,19382,GR,Greece,USD,True,FIXED,,,0.0,Gaming
PUBG,PUBG New State (Global) US,19382,SO,Somalia,USD,True,FIXED,,,0.0,Gaming
PUBG,PUBG New State (Global) US,19382,BY,Belarus,USD,True,FIXED,,,0.0,Gaming
PUBG,PUBG New State (Global) US,19382,KM,Comoros,USD,True,FIXED,,,0.0,Gaming
PUBG,PUBG New State (Global) US,19382,MR,Mauritania,USD,True,FIXED,,,0.0,Gaming
PUBG,PUBG New State (Global) US,19382,BE,Belgium,USD,True,FIXED,,,0.0,Gaming
PUBG,PUBG New State (Global) US,19382,MS,Montserrat,USD,True,FIXED,,,0.0,Gaming
PUBG,PUBG New State (Global) US,19382,KR,South Korea,USD,True,FIXED,,,0.0,Gaming
PUBG,PUBG New State (Global) US,19382,IE,Ireland,USD,True,FIXED,,,0.0,Gaming
PUBG,PUBG New State (Global) US,19382,FI,Finland,USD,True,FIXED,,,0.0,Gaming
PUBG,PUBG New State (Global) US,19382,AU,Australia,USD,True,FIXED,,,0.0,Gaming
PUBG,PUBG New State (Global) US,19382,AT,Austria,USD,True,FIXED,,,0.0,Gaming
PUBG,PUBG New State (Global) US,19382,JP,Japan,USD,True,FIXED,,,0.0,Gaming
PUBG,PUBG New State (Global) US,19382,HK,Hong Kong,USD,True,FIXED,,,0.0,Gaming
PUBG,PUBG New State (Global) US,19382,TW,Taiwan,USD,True,FIXED,,,0.0,Gaming
PUBG,PUBG New State (Global) US,19382,SE,Sweden,USD,True,FIXED,,,0.0,Gaming
PUBG,PUBG New State (Global) US,19382,BG,Bulgaria,USD,True,FIXED,,,0.0,Gaming
PUBG,PUBG New State (Global) US,19382,CZ,Czech Republic,USD,True,FIXED,,,0.0,Gaming
PUBG,PUBG New State (Global) US,19382,CH,Switzerland,USD,True,FIXED,,,0.0,Gaming
PUBG,PUBG New State (Global) US,19382,DK,Denmark,USD,True,FIXED,,,0.0,Gaming
PUBG,PUBG New State (Global) US,19382,HU,Hungary,USD,True,FIXED,,,0.0,Gaming
PUBG,PUBG New State (Global) US,19382,HR,Croatia,USD,True,FIXED,,,0.0,Gaming
PUBG,PUBG New State (Global) US,19382,LT,Lithuania,USD,True,FIXED,,,0.0,Gaming
PUBG,PUBG New State (Global) US,19382,LU,Luxembourg,USD,True,FIXED,,,0.0,Gaming
PUBG,PUBG New State (Global) US,19382,NO,Norway,USD,True,FIXED,,,0.0,Gaming
PUBG,PUBG New State (Global) US,19382,NZ,New Zealand,USD,True,FIXED,,,0.0,Gaming
PUBG,PUBG New State (Global) US,19382,SI,Slovenia,USD,True,FIXED,,,0.0,Gaming
PUBG,PUBG New State (Global) US,19382,SK,Slovakia,USD,True,FIXED,,,0.0,Gaming
PUBG,PUBG New State (Global) US,19382,LV,Latvia,USD,True,FIXED,,,0.0,Gaming
PUBG,PUBG New State (Global) US,19382,EE,Estonia,USD,True,FIXED,,,0.0,Gaming
Mastercard,Mastercard  Prepaid $1 to $150 US,20305,US,United States,USD,False,RANGE,1.0,100.0,0.0,Payment Cards
Home Hardware,Home Hardware CAD,18249,CA,Canada,CAD,False,RANGE,10.0,142.87,2.0,Shopping
Roblox,ROBLOX Denmark,19124,DK,Denmark,DKK,False,RANGE,100.0,634.04,0.0,Gaming
Bath & Body Works,Bath and Body Works CA,18235,CA,Canada,CAD,False,RANGE,10.0,142.87,2.0,Shopping
Riot Access,Riot Access Latam CO,18283,CO,Colombia,USD,False,FIXED,,,1.0,Gaming
Roblox,ROBLOX Australia AU,20300,AU,Australia,AUD,False,RANGE,10.0,144.8,0.0,Gaming
Mastercard,Mastercard (Virtual) 1$ to $100 US,20316,US,United States,USD,False,RANGE,1.0,100.0,2.0,Payment Cards
Kernels Popcorn,Kernels Popcorn CAD,18261,CA,Canada,CAD,False,RANGE,10.0,142.87,2.0,Shopping
H&M,H&M US,18274,US,United States,USD,False,RANGE,10.0,100.0,0.0,Shopping
Xbox,Xbox Game Pass 6 Month CA,18238,CA,Canada,CAD,False,FIXED,,,3.0,Gaming
Roblox,ROBLOX EU (European Union),19187,FR,France,EUR,False,RANGE,10.0,88.61,0.0,Gaming
Ulta Beauty,Ulta Beauty US,18357,US,United States,USD,False,RANGE,5.0,100.0,0.0,Shopping
Bass Pro Shops,Bass Pro Shops Canada CA,18234,CA,Canada,CAD,False,RANGE,15.0,142.87,3.0,Shopping
Dukes_Refresher,Duke's Refresher+Bar CAD,18243,CA,Canada,CAD,False,RANGE,10.0,142.87,3.0,Shopping
Inspired Dining Card,Jack Astor's CAD,18253,CA,Canada,CAD,False,RANGE,10.0,142.87,2.0,Shopping
Abercrombie & Fitch,Abercrombie & Fitch US,18737,US,United States,USD,False,RANGE,25.0,100.0,2.0,Shopping
Xbox,Xbox Game Pass 3 Month CA,18237,CA,Canada,CAD,False,FIXED,,,3.0,Gaming
Banana Republic,Banana Republic (GAP) US,18276,US,United States,USD,False,RANGE,10.0,100.0,0.0,Shopping
Under Armour®,Under Armour® US,18418,US,United States,USD,False,RANGE,25.0,100.0,0.0,Shopping
Nike,Nike US,18420,US,United States,USD,False,RANGE,5.0,100.0,0.0,Shopping
Nintendo,Nintendo Switch GB,18711,GB,United Kingdom,GBP,False,FIXED,,,0.0,Gaming
McAfee,McAfee BR,18795,BR,Brazil,BRL,False,FIXED,,,0.0,Software
Macy's,Macy's US,18171,US,United States,USD,False,RANGE,5.0,100.0,1.0,Shopping
Tinder,Tinder Gold & Plus BR,18745,BR,Brazil,BRL,False,FIXED,,,0.0,Entertainment
Zara,Zara Spain,19156,ES,Spain,EUR,False,FIXED,,,0.0,Shopping
Tinder,Tinder Plus & Gold DE,18739,DE,Germany,EUR,False,FIXED,,,0.0,Entertainment
Tinder,Tinder Plus & Gold ES,18740,ES,Spain,EUR,False,FIXED,,,0.0,Entertainment
Tinder,Tinder Plus & Gold FR,18741,FR,France,EUR,False,FIXED,,,0.0,Entertainment
Tinder,Tinder Plus & Gold IE,18742,IE,Ireland,EUR,False,FIXED,,,0.0,Entertainment
Tinder,Tinder Plus & Gold IT,18743,IT,Italy,EUR,False,FIXED,,,0.0,Entertainment
Tinder,Tinder Plus & Gold GB,18744,GB,United Kingdom,GBP,False,FIXED,,,0.0,Entertainment
STARZPLAY,StarzPlay one-month AE,18670,AE,United Arab Emirates,AED,False,FIXED,,,0.0,Entertainment
STARZPLAY,StarzPlay three-month AE,18671,AE,United Arab Emirates,AED,False,FIXED,,,0.0,Entertainment
STARZPLAY,StarzPlay six-month AE,18672,AE,United Arab Emirates,AED,False,FIXED,,,0.0,Entertainment
STARZPLAY,StarzPlay yearly AE,18673,AE,United Arab Emirates,AED,False,FIXED,,,0.0,Entertainment
Airalo,Airalo eSIM Global US,20321,US,United States,USD,False,FIXED,,,7.5,Travel
BestCare,BestCare US,20304,US,United States,USD,False,FIXED,,,10.0,Shopping
